transaction_id,fraud_prediction
23042130,0
22702314,0
22838524,1
23477219,0
23066897,1
22382498,1
23519692,0
22575801,1
22404388,1
22523425,1
23054409,1
23103327,0
22584292,0
23535464,0
22988971,1
23033840,1
23236533,1
22950183,1
22736364,1
23299647,0
23421501,1
22877839,1
23387643,0
23088964,0
22638210,0
23572758,1
22680820,1
23188166,1
23126714,0
23453673,1
23028890,1
22771166,0
22748650,1
22496612,0
23240374,1
23178219,1
22450811,1
23518878,1
22458983,1
23046362,0
23081939,1
23223953,1
22601031,1
22397167,0
23128779,1
23151587,1
23581797,1
23354566,1
23065990,0
22947981,0
22780148,0
23189563,0
23277276,0
22908665,1
23421554,1
22464744,1
22670573,1
22684170,1
23123924,0
23249962,0
22758510,0
22793930,0
23483856,0
23387132,1
22985782,0
23427630,1
23650062,1
23480803,1
22526929,1
22401732,1
22526172,1
22979678,1
23490345,1
23739316,1
22768547,1
22416547,1
22403442,1
23209535,1
22472467,1
23199192,0
22674422,0
23568745,1
23706309,1
22550886,0
23316576,1
23103091,0
23124154,1
23538705,0
23188481,1
23730809,1
22591156,1
22607669,1
23295594,1
23660028,1
22459688,0
23424154,0
23021678,0
22819344,1
23092262,1
22938676,1
22464621,0
22634071,1
23743687,0
22863923,0
23634740,0
23172920,1
23013721,0
22766097,1
22494851,1
23724506,0
23175752,1
22753353,1
22502081,1
22420897,1
22655983,1
22410958,1
22604307,0
23598777,0
23259625,0
22732172,0
23119034,1
23173326,1
23564720,1
23227410,1
23230541,1
23399655,1
22929936,1
23309041,0
22456961,1
23523556,1
22569613,1
22575397,1
23758355,0
22795572,0
23186268,0
23426841,1
23327397,1
22794728,1
23342808,0
23486792,0
23212362,0
22850506,0
23148597,0
23164906,0
23413445,1
23554124,0
22900401,1
23399977,0
23413891,1
23038409,1
22382106,0
22765047,0
22711628,1
22685999,1
22840396,0
23229965,0
22485945,0
23726942,1
23458369,1
22750938,1
22606999,0
23187164,1
22557879,0
23024100,0
22573549,0
22375662,0
23413062,1
22388145,1
23041995,1
22820274,1
23574874,0
23663743,1
23398967,1
23096902,1
22449500,1
23376378,0
22538512,1
22855779,0
23280232,0
22590189,1
23224711,1
23138519,1
22744736,0
22682045,1
23526589,1
23721664,0
23066787,0
23023945,1
22792612,1
23398577,0
23018288,1
22688439,0
23606995,0
23667748,0
23050868,1
23205899,1
22333059,1
23673373,1
23637749,1
22886469,1
23101549,0
23448344,1
23146129,1
22421130,1
22848824,1
23627035,0
22520032,0
23605745,0
23441341,1
22857728,1
22988010,1
23233199,0
22329948,1
22718751,1
23158930,1
23686150,1
22427101,1
22843332,0
23440255,0
22801182,0
22590018,1
23077664,0
22396831,0
23395604,1
23322985,0
23493980,0
23750831,0
23577453,0
23703404,1
23259140,1
22780595,0
22700790,1
22900385,0
22778730,0
23379437,1
22372032,0
23228303,0
23392227,0
22442619,1
22736572,0
22637309,0
23029064,1
22898747,1
23271761,1
23712604,1
23363644,1
22836258,1
23082187,1
23063578,0
22555897,0
23040781,0
22396086,1
22819836,1
22698857,1
22912485,0
23460200,0
23252377,1
23578150,1
23413023,0
23699586,1
22829626,0
23026496,1
22685822,1
23078563,0
22518190,1
22521839,0
23584251,0
22332188,1
22960550,1
22615418,1
22633645,1
22994917,0
22812515,0
22866146,0
23178640,1
22906839,1
23360387,1
22412007,0
23280167,0
23309280,1
22505491,1
22893569,1
22711033,1
23610509,0
23173663,1
23384996,1
22457340,1
23156747,0
23228013,0
23718884,1
23444687,0
23486015,0
23241627,0
23505201,0
23180154,1
22432186,1
23490725,1
23534291,0
23253532,0
22655579,1
22886583,0
22978479,0
22393006,0
23427904,1
23123133,1
22982314,0
23518310,1
23152208,0
23556647,1
23532731,0
23492049,1
22492798,1
22621664,0
22423403,1
23042036,1
23177671,0
22353728,1
22390129,0
22647281,0
22785981,1
23242523,1
23724750,1
23113250,1
22438205,0
23185423,0
23602370,1
23248729,0
23027788,1
23520171,0
22890703,1
22673556,0
23278503,1
22700175,1
22976287,1
23618094,1
23253476,1
23526938,0
23622927,1
22662146,0
22825463,0
22861790,1
23435175,1
22420926,1
23403493,0
23603306,1
23365241,0
23119796,1
22725320,1
23640710,1
23362756,0
22966190,1
23545444,1
22472160,1
23307642,1
22752005,1
23218594,1
22796861,0
22802844,1
22477369,1
22811800,0
22952267,1
22616508,1
23618138,1
22773098,1
22984990,1
22764678,1
23555138,0
23006649,0
23219964,1
23023021,1
22842279,0
23528350,0
23431458,1
22382387,1
23492879,0
22448495,0
22416908,0
23582074,0
22708105,0
23262600,1
22744789,0
23327840,0
23528798,0
23508648,1
23144085,1
23014237,1
23059061,0
23650263,1
23190733,0
23746958,0
22790296,0
22784356,1
22587966,1
22853072,1
23014999,0
22832821,0
22388929,1
22732323,1
23164142,0
22604204,1
22853525,0
23681703,1
23480026,1
22770955,0
22656265,0
23489309,1
23071457,0
22841927,1
23677139,1
22607003,1
22600406,1
23365910,1
23516192,1
23537599,1
22915806,0
23038680,0
22473576,1
22511855,1
23137887,0
22621438,1
22901813,1
23627075,0
22852482,1
22577535,0
23459952,1
22896653,1
22855156,1
23399245,0
23154197,0
23658789,0
23021400,0
23311603,0
23579821,1
22364268,0
23679863,1
22862578,1
22520493,0
22826274,1
22732246,0
23521337,0
22583796,1
22892847,0
23677190,0
22421776,1
22476032,1
23395100,1
22499086,1
23711538,1
22889813,1
22572817,0
22702735,1
23467774,0
23087575,0
23481903,1
23222136,0
23522912,1
22340609,1
22389702,1
23076582,0
22453673,1
22647556,0
22558676,1
23040667,0
23359938,0
23253744,1
23155086,1
22613510,0
23086445,1
23032654,0
23417981,1
23365050,0
23654463,1
22678393,1
22669869,1
23486298,0
23709189,1
22857123,0
22651056,0
23448519,1
23185918,0
22467186,0
22799302,0
22681838,1
23030291,1
23179174,1
22394620,1
22797439,1
23239077,0
23698454,1
23031456,0
23139289,1
23709453,1
22414283,0
22379224,1
23463203,1
23584247,1
23223672,1
23050365,0
23165493,1
22490470,1
22611518,1
22536830,1
22822130,0
23259712,1
23458411,1
22942391,1
22421120,1
23479763,0
22773467,1
23526656,0
22955314,1
22422611,1
23208295,1
23197408,1
23349012,1
22936735,0
23671446,1
22871409,1
22579531,0
23695106,1
22387945,1
23253694,1
23503762,1
22392317,1
23167760,1
23518205,1
23426290,0
22601965,1
23617554,0
22816060,1
23145532,1
23311834,1
23560276,1
22806722,0
23315123,1
23758881,1
23109938,1
23316913,1
23303687,1
23193275,1
23643384,1
23004699,0
22547202,0
23487975,0
22932523,0
22858654,1
22988694,1
22756219,1
23431910,0
22680978,1
22491700,1
22715427,1
22379473,0
23050028,1
22496576,0
22804953,0
22866155,0
22752257,1
23657239,1
23004741,1
23029017,1
22882670,1
22683831,1
23136842,1
22826727,1
23040756,0
22495698,1
23008044,1
22786096,1
22347452,1
23476835,0
22418820,0
23240045,0
23281727,1
23441552,0
23497273,1
23304881,1
23132014,0
22622987,1
22774289,1
23712242,1
22523464,1
22802718,1
23708915,0
23352564,1
22613560,1
22365878,1
22495280,1
22634387,1
23451771,1
23433492,1
22892632,1
22903748,1
22556122,1
22465361,1
22587777,0
23547319,1
23309330,1
23550882,0
22621565,1
22501453,1
22877837,1
23262908,1
23230118,1
22527724,1
22761518,1
22449290,1
22778698,1
23409018,1
23698142,1
23248331,1
23737583,1
23202858,1
23580907,0
23056885,1
23325332,1
23476606,1
22929194,0
22811988,0
22551889,0
22436129,0
23610921,1
23484860,1
22936718,1
22961042,0
22398540,1
22380587,0
22361436,1
23087210,0
23202052,1
22606638,1
22504621,1
22939716,1
23335224,0
23374931,0
22854227,1
23261778,1
22741226,0
22769981,1
22773370,1
23217095,1
22584386,1
23529125,0
23452505,1
23657799,0
22972339,0
23686672,1
22970911,1
22727672,0
22682279,1
22932807,0
23432192,1
22494981,1
23257755,1
22415380,1
23680715,1
23286849,1
23163095,0
23302909,1
22330976,0
22667561,1
23467415,1
23190516,1
23747678,1
23221343,1
22538987,1
23701463,1
23611646,1
23225514,1
23226165,0
22368364,0
23424934,1
22602652,1
22442770,0
22707332,1
22408077,1
22713348,0
23514719,1
23715332,1
23078690,1
23107125,0
22927491,1
23477965,1
22621142,1
23128126,1
23364229,0
23608649,0
22500899,0
23408637,1
22617660,1
22749848,0
23402884,0
23532062,1
22611886,0
23550358,0
22871399,0
22854376,1
23297933,1
23377535,1
23337752,1
23556087,0
23752985,1
23344209,1
23115416,0
23062767,1
23363404,1
23255252,1
23653765,0
22364812,1
22980740,1
23231789,0
23250336,1
22476077,1
22391777,1
22746759,0
22976941,0
22346555,1
22754287,0
23510517,0
23531588,0
22783155,1
22970241,1
22559360,1
23461170,1
23051400,1
22765700,1
22752397,1
23618745,1
23576710,1
23132989,1
23586396,0
22538230,1
22606585,1
23576083,0
23145744,1
22709394,0
22820138,1
22913266,1
23565306,1
23150689,0
22474429,0
22707412,0
22342221,0
22632410,1
22399049,1
23272134,1
23616134,0
23033915,0
23660873,0
22848897,1
23190882,1
22528289,1
22419348,0
23339593,1
22634711,1
23215145,1
22782092,0
22585650,1
22509025,0
22559502,1
23156798,1
23219309,1
23190912,1
22732419,0
23291851,1
22618271,1
23709542,1
22357811,1
22871378,1
22739525,1
22562612,1
22484890,1
23228065,0
22658759,1
22652614,1
23555924,1
23259879,0
23754958,1
23542333,1
23732365,1
23634527,1
23604037,1
22730346,0
23040164,1
23652574,0
23597777,1
22950486,1
23672406,1
23677134,0
22893470,0
23483692,0
22694213,1
22680849,1
23219959,0
23596875,0
22882262,0
23289377,0
23683669,1
22879562,1
22657626,1
22384785,1
22580054,0
23734898,0
22519244,1
23719553,0
23365234,1
23129269,1
22923168,1
22850021,1
22637431,0
23443086,1
22906207,0
23044730,0
22589231,1
22562719,1
22981591,1
22444333,0
23554800,0
22882909,1
22984507,1
23387905,0
23733303,1
23454073,1
22506828,1
22544819,0
23345093,1
22461470,0
23522271,0
23258312,0
23595675,0
22671168,1
22762264,1
22345165,0
22942943,0
22649130,1
23209077,1
23361731,1
23216745,1
23289652,0
22789051,1
23241089,0
23377255,1
22729957,0
23448778,0
22991512,0
22367663,1
23508655,0
23054018,0
23252868,1
22694035,0
22521146,1
22842828,1
22884308,1
23326140,1
23562209,1
23545002,1
23277171,1
23367488,1
23444347,0
23470926,0
23271889,1
23709025,0
23179254,1
22828149,0
22979242,0
22669361,1
22417008,0
22858939,1
23113415,1
22809043,1
23589132,1
23602902,1
22947385,1
23470130,1
23706768,1
22600523,1
23132500,0
23121768,1
22593973,1
22601991,1
22619236,1
23599812,1
22568771,1
22350610,1
23611098,1
22336507,1
22656169,1
23118081,1
22980726,1
23179789,1
23742203,1
23456694,0
23470791,1
22975315,1
22659863,1
22728992,0
22981317,0
23753996,0
22829158,0
22674830,0
23716596,1
23353699,0
22754921,1
23214774,1
22588416,1
23189125,0
23031388,1
23168420,1
23442086,0
23422292,1
22603768,1
22838552,0
23756887,0
22501066,0
22920283,0
22869463,1
23210109,1
23317009,0
22655147,1
22396825,1
22705191,1
22401419,1
23519017,1
22735880,1
23646636,1
22385944,1
23581275,1
22764989,1
23567377,1
23292519,0
23248489,0
23142029,1
23423804,1
23188319,1
23695478,0
22539180,1
23441685,1
23116881,0
22507655,0
23382204,1
23363593,0
22490760,1
23289570,1
22679844,1
22372538,0
22525046,0
22878483,0
22885252,1
23302930,1
23104985,0
22602644,1
22441666,0
23176251,1
23420864,1
22810009,1
23282503,1
22807781,1
22574323,1
22511152,1
23562772,0
23205262,0
22877402,0
23578599,0
23648250,1
23426652,0
23387784,0
22602410,1
22351493,1
22653693,1
22507548,0
22649593,1
22805797,1
23452825,1
22503053,1
22933208,1
22832994,1
23440997,1
23754084,1
23369759,0
22702865,1
22555674,0
23342106,1
23255145,0
23729923,0
23289212,1
23234786,1
22467355,1
22695745,1
23678628,0
23407339,1
22468646,1
23212096,0
22661698,0
23542632,1
22921044,1
23385300,1
22801568,0
22686652,1
22793690,1
23269398,0
23213691,0
22940502,0
23098985,1
23545467,1
23059698,1
22587060,1
23672171,1
23173046,1
23706430,1
22434136,1
22971673,0
23153022,1
22406154,0
23531993,0
23436975,1
23653842,0
23600910,1
23076596,1
22757911,1
22590706,0
23424909,0
23188035,0
23721265,1
22822764,1
22483060,1
22386267,1
23575444,0
23119194,0
23268794,1
22435906,1
22644042,0
22681062,0
23644011,1
23235657,1
23721617,0
22792205,1
23714214,1
22832077,1
23174861,1
23075500,1
22751587,1
22515135,0
22586668,1
22751798,1
22486795,0
22672081,1
23053286,1
22497053,1
23619802,1
23118333,1
23175033,0
22710467,1
23368417,1
22841018,0
23655691,0
22888671,0
22365919,0
23248029,1
23245429,1
23118615,1
23709995,0
22662529,1
23722806,0
22655337,0
22759520,0
23527195,1
23628541,0
23526444,0
22651151,0
22505808,1
23356209,1
22433261,0
22407087,1
22384769,1
23302933,1
23324524,1
22812945,0
22428496,1
22763001,0
23002853,0
22627990,1
23148923,1
23562046,1
22584620,0
23276228,1
23143421,1
23516158,1
23626724,1
22562467,1
22824556,1
23637787,1
23312162,1
22956217,0
23604101,0
22860878,0
23521472,1
22639728,1
23694104,0
22860629,1
23553225,0
23321399,0
23071921,1
22556902,0
22857959,0
22944040,0
23728047,1
23514765,1
23007187,0
22348194,0
23492136,0
23735221,1
23540416,1
22942835,1
22975300,1
23164494,1
23542288,1
23665268,1
22776190,0
23644040,1
22690825,1
22386586,1
22671104,0
23108838,1
22526934,1
22721059,1
23331718,1
23348897,0
23064694,1
23527631,1
23730712,1
22737298,1
23415280,1
22654115,0
22858972,1
23493448,0
23737777,1
22869741,1
23237022,0
23632756,1
22641715,0
23010031,0
22577086,1
23056000,1
22406901,1
22940022,1
22590753,1
23673577,0
23545326,1
22857907,1
22800427,1
22917416,1
22647863,0
23677076,1
22604908,1
22790028,1
22695737,1
22935449,0
23483288,0
22823307,1
22826316,0
22780360,0
22482708,1
22818204,1
23213436,0
22682223,1
22584518,1
23123990,1
22712299,0
23301718,1
22405785,1
22371002,1
23402042,1
23518228,0
23477352,0
22515648,1
23713553,0
22983935,1
23655418,0
22768048,1
22561627,1
22572627,1
23306955,0
22966853,0
22789241,0
23057456,1
23666721,1
23354262,1
23469280,1
23054764,0
22350764,1
23469020,1
23660370,0
23530472,1
22453590,1
22537050,1
23300919,1
23307005,0
23544817,0
23004574,0
23027320,1
22333010,1
22439888,0
23085952,0
23583333,1
22628944,1
22623462,1
23055700,1
23472883,1
22856530,0
23238894,0
22691683,1
22641671,1
22609982,1
22943691,0
23395714,1
23636986,1
23754962,1
23305626,1
22443997,0
23527527,1
23000448,0
22772338,1
23085153,0
23014224,1
23617617,1
23749840,1
23432732,1
23741774,0
22702533,1
23181129,0
23557242,1
23611252,1
22422920,1
22577520,0
23595995,1
23722250,1
23691253,0
22551228,0
22544738,1
23171271,0
22636230,1
22956227,0
23141916,0
23651466,1
23411489,1
23505144,1
22963836,1
22821841,0
23599130,1
23095597,1
23090516,1
22571026,0
23007684,0
23743284,0
22971010,1
23354972,1
22329836,1
23721652,1
22570280,1
22419393,0
23025710,1
23004148,0
22636758,1
22734104,1
22879333,0
22714322,0
23596830,0
22568867,1
23189891,0
22765655,0
23582359,1
23406092,0
23540175,1
22720467,0
22893730,1
23429304,0
22906019,1
23214761,1
23477634,1
22930746,0
23067594,0
23722760,0
23308697,1
23198339,1
23026351,1
22598032,0
22741064,1
22510187,0
22975256,0
22600596,0
22952805,0
22536110,1
22569027,1
23435474,1
22941832,1
23092935,1
22385939,0
22586049,0
22814940,0
22781518,1
23462623,1
22900403,1
23626868,0
22582118,1
23623926,0
23237595,1
22780456,1
23057371,1
23720998,1
23755985,0
22862819,1
23444715,1
23006954,0
23293421,1
23704505,1
23696546,1
22550743,1
23197306,0
22558074,1
22829882,1
22526773,1
22671404,0
22993491,0
23071657,1
22366014,0
23653202,1
22972847,1
23540223,1
23140050,1
22332065,1
23183017,1
23672554,0
22834444,1
23421322,0
23310300,1
23615882,0
22662599,1
23057572,0
23553634,0
23500844,0
22593000,0
22479514,1
23543096,1
23204424,0
22738112,1
23394080,1
22966299,0
23294833,1
23245601,1
23348109,1
23734096,1
22918871,0
22713136,1
23259664,1
22639866,0
23304067,1
23549635,0
23216780,1
22661133,0
23685945,1
23157350,1
22344992,1
22545051,1
22706355,1
23069909,0
22833633,1
22611924,1
23282505,0
23359291,0
22337723,0
22843512,1
22406314,1
23713192,1
22346659,0
23033113,1
23381746,1
22407411,0
23072494,0
23359381,0
23636186,1
23739116,0
23471636,1
23392137,0
23279659,1
22571766,1
23681901,1
23527577,0
23112730,0
23624627,1
22390789,0
22373478,1
23323735,0
23370433,0
23568230,1
22731946,0
22373066,0
22448669,0
23568364,1
23261104,1
23543884,1
22434500,0
23021121,1
22823908,0
22396027,0
22698579,1
23064461,1
22598736,0
22854318,1
23393832,1
23581578,0
22875469,1
22465128,1
22406081,0
23258754,0
22859243,1
22996630,1
22784388,1
23063356,0
22995950,1
23200156,0
22873703,0
22994162,1
23630289,0
22959454,1
22767526,0
23270424,0
23002777,0
22551180,1
23493248,0
22366458,1
23151653,0
23653349,1
22967512,0
22399322,1
22698806,1
23717857,0
23412776,0
22745760,0
22545884,0
22433640,0
22988200,1
23445580,0
23479933,1
22432447,1
23663449,0
22909384,0
23194983,0
23649764,0
22899573,1
23284819,1
22654771,0
22844209,1
22969769,0
22697019,1
23666780,0
23679304,1
23685032,1
23712276,1
22739382,0
22637709,1
23316372,1
22418819,1
23457145,1
22397865,0
22833283,0
22797255,0
23421720,1
23124451,0
23547124,1
23078848,1
23139879,1
23176388,1
23295419,1
22363099,1
22731643,0
22886686,1
23403700,1
23357599,1
23301589,1
22571127,0
23292962,1
23609825,1
23552866,0
22566380,0
22817518,1
23378176,1
23294837,0
23271320,1
23579260,0
23039274,1
22652565,0
22540995,1
23589720,0
22388789,1
23029274,0
22957221,0
23601870,1
23104879,1
23562893,1
22326910,1
23567821,0
22632034,0
22382343,1
22742964,1
22415148,1
23226007,1
23716183,1
22350381,0
23651826,0
23058962,1
23577862,0
23494905,0
22725360,1
23119823,0
23226322,1
22703358,0
22729282,0
22836475,1
22733465,0
22410992,1
23746288,1
22527051,0
22935001,1
22726319,0
22830499,0
22767241,0
22751507,1
22383582,1
23029227,1
23333065,0
23687541,1
22367107,0
23298875,1
23171915,1
23390572,1
23708306,0
23166190,0
23625103,0
23372555,1
23368097,1
23038626,1
22502495,1
23346052,0
22363740,1
22950775,1
22790433,1
23451201,0
22785988,1
23337598,0
22573445,0
23156185,1
22426896,1
23448029,1
23486459,1
22965788,0
22629856,1
22831632,0
22633621,1
22445884,1
22981482,1
22770313,1
23004719,1
22844965,1
22825255,1
22882628,1
22538951,0
23183780,1
23256440,1
23016853,1
23447980,1
22837301,0
23112373,1
23612617,0
22691877,0
23753576,1
23102194,1
22555986,1
23288652,1
23440772,0
22564677,1
22472327,0
22480602,0
22622934,1
22820499,0
22999406,1
22935474,0
22952806,1
23485758,1
22360004,1
22849640,0
22472307,1
23430654,1
23542489,1
23698664,0
23221072,0
22485494,1
22817833,1
23245124,1
23344490,0
22736841,1
22837164,1
23068661,0
23515181,0
23521853,0
22541156,0
22907806,0
22683660,1
23476783,1
22380741,1
23505629,0
22918319,0
22754221,1
22540163,1
23169625,1
23247206,1
22825024,0
22479210,0
23755748,0
22812456,1
22964877,0
23618786,1
22368547,0
23066989,0
23076188,0
23074216,1
22665470,1
22525149,1
22494816,1
23760070,1
23530778,0
22460358,0
23382711,1
23389884,0
22691261,1
23003624,1
23309667,0
22857141,1
23180207,1
23731948,1
23544193,1
23197597,1
23112694,1
23453035,1
22621299,1
23613929,0
23129532,0
23688151,0
23454016,0
23261185,0
23527473,0
22618713,1
23462208,0
23561093,0
22573178,1
23537374,1
23037908,1
22377494,0
23328974,0
22879655,1
22444682,0
23733599,1
23378631,1
23374540,0
22659899,0
22406038,1
22434542,0
23580607,1
23646332,1
22500873,1
23216255,1
22537745,0
23100025,1
23219475,1
22855402,1
23271042,0
22547759,1
23205777,1
22341005,0
23299878,1
22902132,1
22691078,0
22498119,0
23539377,1
22427494,1
23554660,1
22754266,1
23741989,0
23638082,1
22546278,1
23494961,1
22888887,1
23560618,1
23567960,0
23628670,0
23584237,0
23170642,1
22977256,0
23682215,1
22851615,1
22989994,1
22933130,0
23199153,0
22614458,0
22737105,0
23649224,1
23643551,1
23711318,1
23018747,1
23665913,0
23342632,0
23581081,1
22953692,1
23496200,0
22601358,0
23112835,1
23119249,0
23419435,1
22792222,1
23656652,0
22768935,1
23373075,0
23160706,0
22824958,0
22647577,1
23414621,1
23163389,1
22429529,0
22677300,1
23244202,0
22330568,1
22499966,1
22530916,0
22601067,0
23025705,0
22478481,0
22662948,0
22960988,0
23321047,1
22765868,0
22632019,0
22928234,0
22636490,1
22491823,1
23610009,1
23656385,0
23283225,0
22639581,1
22677089,0
23494568,1
23110046,1
23177541,1
23364949,1
22453613,1
22595422,0
22334742,1
23656717,0
22481873,1
23672923,0
22574415,0
23113844,0
22496058,0
23455463,0
22665995,0
22603299,1
23419482,1
22968566,0
22694954,0
22662492,1
22963475,0
22541629,1
22466045,1
22684787,1
23062777,1
22929147,0
22723349,1
22869828,0
23114724,0
23753518,0
23474619,1
23010130,0
23227998,0
23402330,1
23056484,0
23657446,0
22431581,0
22586265,1
22853835,1
22682183,1
23700088,0
22634188,1
22582012,0
23567192,0
22338272,1
22641518,1
22343472,1
22639264,1
23095681,1
23460600,1
22846675,1
23511844,0
22696247,0
22743575,1
23459627,1
23008870,1
23586046,0
22329217,0
22709183,0
23560937,0
23172750,0
23178126,1
23129454,1
22522279,1
23491542,1
23338713,1
23742989,1
23172768,1
23197539,1
23073984,1
23379977,0
23179032,1
23424922,0
22548826,1
22465043,0
22821780,0
22512522,1
23134215,0
23274821,0
23155048,1
22385699,1
23672347,1
22628384,1
22458188,1
22507751,1
22614590,1
22525280,1
22836569,0
23025025,1
23302142,1
22661213,1
23131866,0
23140262,0
22356220,1
23235699,0
22718021,1
22377705,1
23162649,0
23258118,1
22863745,1
23021613,0
22927467,1
22377770,1
22517620,0
22497010,1
23269091,0
23490258,1
23361604,0
23051444,1
22752078,0
23166296,1
22383171,1
22370117,1
22435750,1
23461910,0
23300490,1
23289805,1
22399412,0
22735877,0
22503783,1
22448983,1
22808808,1
23412324,1
22532027,1
23403144,0
23728897,1
22450055,1
23249503,1
23552592,1
23689355,0
23160632,1
22817072,1
22433512,0
23577132,0
22402026,1
23485542,1
23535602,1
23244171,0
22802992,0
23270639,0
22420928,1
23013096,1
22763817,1
23601807,1
22865486,1
23098698,0
23590480,0
22614597,1
22660146,0
22687945,0
23531075,1
22944699,0
22711905,0
22366528,0
22355287,0
23235690,1
22965531,0
22418048,1
23520237,1
23264105,1
22513908,0
23717086,1
22340426,0
23579025,1
23421652,0
23247090,1
23595844,0
23347042,1
22538740,1
23146036,1
23230217,0
22729059,0
23505129,1
22714172,0
23509819,1
23238981,1
22713747,1
23159272,1
22740011,1
22847933,0
23374714,0
22779338,0
22608033,0
23074173,1
23488444,0
22635153,1
23298086,0
23628217,1
22653589,1
23236610,1
22523151,0
22969017,1
23471856,0
23425056,0
22459400,0
23606604,1
22757767,1
22871551,1
22581711,1
22936840,1
22691643,1
22489764,1
22373842,1
22991232,0
22865985,1
22501356,1
22881791,1
23060363,0
22632119,1
23575372,0
23073763,1
23719124,0
23701696,1
23702645,1
23433589,1
22538039,1
22766518,1
22824359,0
23490168,1
23246157,1
23464449,1
23126716,1
23090357,1
22895111,0
23626562,1
23664139,0
22970628,1
23751318,0
22418508,1
23343184,1
23141683,0
23162320,0
22562783,1
23340437,1
22660843,1
23487520,1
23169774,0
22632481,1
23352908,1
22851503,0
22693358,1
23347785,1
23584317,0
23421300,1
23677378,1
22584599,1
23203786,1
23448629,1
22498465,0
22632536,0
23419744,1
22790938,1
22875910,1
23497594,0
22789761,1
23177579,1
23311928,0
23075174,1
22341054,0
22692951,0
23614545,1
23253589,1
22705293,0
23662860,1
22479506,1
22752346,1
23466005,0
22750622,0
23433549,1
22534574,1
23018871,0
22600874,1
23532038,1
23731140,1
22515828,0
22616177,1
23756829,1
23557453,0
23211444,0
23275147,0
23458047,0
22724441,0
23431284,1
23407027,0
23426778,0
22720717,0
23159561,1
23170483,1
23593326,1
23646745,1
23135503,1
22568879,1
23039202,1
22939722,1
22484414,0
22848509,1
23642132,1
22583607,1
22739446,0
22590019,1
22488380,1
23150584,1
23213076,1
23381162,0
23593410,1
23652208,1
22364621,1
23037183,1
23640448,1
23214517,1
23084387,0
23253888,1
23351899,0
22703572,0
22938413,0
22814690,1
23289597,0
23490499,1
22603430,1
23481465,1
22888479,1
23462826,1
23588361,1
22489429,1
23380952,1
23136578,1
23700668,1
23617759,1
22329136,1
22805370,0
23610596,0
23059101,0
23073816,1
22738313,1
23143731,0
22655767,0
22356011,0
22994203,1
22964826,1
22670525,0
22863890,0
23760278,0
22511747,1
22545319,0
23611857,0
23658576,0
22386605,0
22462315,0
22954112,1
23013957,1
22629476,1
23691294,1
23313708,1
23680759,0
23348003,1
23024975,1
22393258,1
23580837,1
22678936,1
23100778,0
23740466,1
23055888,1
23560825,1
22557194,1
22817282,0
22618664,0
23175074,1
23101673,1
23474620,0
22646562,1
22825307,1
23155977,1
22742276,1
23491431,0
23622751,0
23507493,1
23283891,1
23531481,0
22389769,1
22579829,0
23329541,1
22937252,1
23740401,0
22977291,1
22597384,1
23690629,0
23264916,0
22928737,0
22564837,0
22938976,0
23464483,1
22571114,1
23741998,0
23008073,0
23608612,0
23640865,1
23083331,1
23563988,1
22878462,1
22442721,1
23597010,0
22657302,0
23307944,1
22539707,1
23583936,1
23075815,1
23420144,0
23336024,1
23703155,0
22895883,1
23208977,1
22346952,1
23164459,0
22963009,0
23556154,1
22943701,1
23278462,0
22659045,0
23277059,1
23408418,1
23285024,0
22821371,1
23567483,0
22546750,1
23482542,0
22396741,1
22535233,1
22394975,1
23650656,0
22482579,0
23099469,1
22499065,1
23635398,1
23462647,1
22642067,1
23372276,1
23483652,0
22824929,1
22708072,0
22637598,0
22595718,0
23101594,0
23025528,0
23052265,1
22718631,0
23620862,1
22845361,1
22428278,1
23299977,1
22405362,1
22365428,1
22789959,0
22334134,0
22608580,1
23192023,0
22879105,1
22556864,1
23548838,0
23223894,1
22968365,0
22976566,1
22879669,0
23111742,1
23232629,1
23384953,1
23297387,1
23502826,0
23268851,1
23380376,1
22411478,0
23751154,0
22401944,0
22419735,1
22639372,1
22790591,1
22925750,0
22489693,1
23664684,1
23548040,0
22688344,0
22462842,1
23079281,1
23137499,1
23634420,1
23310375,0
22533587,0
22948096,0
22533254,0
22974233,1
22489151,1
23107366,0
23255098,1
23657407,1
22906424,1
23030901,1
23259658,1
23232860,1
23203662,1
23718872,0
23602211,1
23679261,1
22404905,1
23551883,1
22334394,0
23013605,1
23527313,1
22537237,1
23070151,1
22571975,1
23134170,1
23187502,1
22847084,1
23180524,0
23708324,1
22870131,1
23194361,1
23087428,0
23418425,0
23417879,0
23441136,1
22621825,1
22577416,1
23746068,0
22656080,0
23153297,0
22998610,1
23083189,1
22928886,0
22571562,1
23454965,1
23474467,1
23457592,1
22425519,0
23441508,1
23676511,0
23028053,1
22718144,0
22840928,1
23456335,0
23433176,0
22981097,1
23407332,1
23149212,0
22438891,0
23644018,1
23522498,0
23605738,1
23015358,0
22555795,1
22849326,0
23248903,1
22358797,0
23277221,0
22670402,1
22594471,1
22749449,1
23234733,1
22347554,1
22472325,1
23138237,0
23615026,0
23251180,0
23231592,1
23721449,0
22839824,0
22595968,1
22731878,0
22483036,0
23072550,1
23630206,1
22927060,1
23654324,0
23166704,1
23387089,1
23086191,0
23255190,0
22437867,0
23567670,1
22960055,1
23102605,1
22864158,1
23107265,1
23576769,1
23710455,1
23654575,0
23085893,0
23701233,1
23125383,0
22844394,0
22829365,1
22347103,0
23045697,1
23260988,1
23441090,1
22710578,1
22961254,0
23083497,1
23084098,0
23678725,1
23162399,1
22625655,1
23361595,0
22481714,1
22772615,1
22972063,1
23136778,1
23243103,1
23435516,1
22694277,1
23126229,1
22500569,1
23355121,1
22524675,1
23137659,0
23251507,1
22998754,1
22899791,1
22345275,1
22677903,1
22941188,1
23207734,1
23106296,0
23670773,1
22854264,1
23281890,1
22465989,0
22489473,1
22652103,0
23718102,1
23302569,1
22704403,1
23320325,0
22963770,0
22609036,0
23471522,0
22538750,0
23004367,1
22625660,1
23267422,1
23232612,1
22716047,0
22858586,1
22710894,0
22681832,0
22557560,0
22720091,1
22518630,0
23283600,1
22342173,0
22863754,0
22847081,1
23722121,1
23508629,0
22729081,1
23451107,1
23174731,0
22790717,0
22656135,1
23656188,1
23222069,1
22546640,1
23205178,0
22501814,1
22759151,0
23296494,1
23501168,0
22586295,1
23690449,0
22928682,1
22986284,1
22978267,1
23555369,0
23451041,1
22518512,1
23172522,0
22525196,1
23217799,1
22876090,1
22890433,1
22477823,1
23086860,1
23005664,0
22973297,1
22799246,1
23235259,1
23546615,0
22886679,1
22627625,0
23029547,1
22927734,0
23298062,1
23236213,1
22564163,0
23759921,1
22672219,1
23533994,0
22483388,0
23722773,0
23287265,0
23163225,1
22766425,0
22715704,0
23435619,0
23276509,1
23323753,0
22390115,1
23528189,1
22393950,1
22770685,1
22406086,1
22874417,1
23534407,1
22904556,1
22609230,0
22823033,0
22673672,1
23299668,0
22561541,1
23350984,1
22449770,1
22552495,1
23183820,0
22476537,0
23547739,1
23714102,0
23389357,1
22426801,1
23673281,1
23589305,1
23576558,0
23260702,0
23328956,1
22730503,0
23682531,1
22882989,1
22822834,1
22639585,0
22590266,1
23494820,0
22380553,1
23756600,1
23677329,1
22515761,1
23236911,0
23571652,1
22780531,0
23062864,1
23098993,0
23436706,1
22570407,0
22666704,0
22848524,1
22975349,0
22452337,1
23509269,1
22711171,1
23163294,1
23368112,1
23189802,1
22512114,0
22750144,1
23642141,0
22509870,1
23359434,0
22744887,0
22903753,0
22990041,1
23327023,1
23305345,1
23310209,0
22534910,0
22489668,0
22648539,1
23253404,1
22446103,1
23693359,0
23087659,0
22865752,1
22416921,1
22581442,1
23605836,1
22690483,1
23357229,1
22593502,1
22736991,0
23746709,1
22486123,1
22925452,1
22799208,1
22719922,0
22638949,1
22654645,1
23615734,0
23131824,1
23096752,1
22596250,1
23686530,1
22442004,1
22985232,1
22500839,1
23742948,0
23606856,0
23601264,0
22706955,0
22583631,1
23415435,0
22612420,1
22614700,1
22959656,1
23220711,1
23564511,0
23467209,0
23392934,1
23693987,0
23194599,1
23606211,1
23493436,1
22752384,0
22892859,0
22420715,0
23045882,1
22357224,1
22997467,1
23320304,0
22366666,1
23336724,1
22424528,1
23693523,1
22349606,1
23305091,1
22809260,1
23037038,1
22732125,0
22341146,1
23009089,1
22365913,1
22434674,1
22900956,1
23698729,0
22523843,0
22437829,1
23217774,1
22452132,1
23649292,0
23354062,1
22813650,1
22994823,0
23106955,0
22721194,1
22887349,1
22502876,0
23158728,0
22484853,1
22374894,1
23656824,0
22490199,0
23223654,0
23495882,0
23573082,1
22467543,0
23620359,0
23589477,1
22474418,1
23061759,1
23037066,0
22457630,1
23517676,0
22654780,0
22895250,0
23349648,1
22899861,1
22763940,1
23301680,1
22669818,1
22600747,1
22892816,0
23724477,0
22610047,0
23248817,1
23131511,1
22475339,1
22894589,1
23510276,1
22709816,0
23334941,1
23606351,0
22591458,1
23129455,1
22767869,0
23221122,0
23513161,0
22883231,1
23017466,1
23361606,1
22691731,0
22723476,0
22956446,0
23049722,1
23423454,1
22957640,1
23459472,1
23304666,1
22366892,0
23287647,1
23661954,0
23379318,1
23361715,1
23131526,1
22650139,1
22598658,1
23499836,1
22808887,0
23738395,1
22896536,1
23041554,0
23603136,1
23013035,1
22939041,1
23109180,0
22641981,0
23631472,1
22641943,1
22631525,1
22529806,1
22903909,0
22589931,0
22739925,1
22609018,0
22635845,0
23551602,0
23349777,1
23237592,1
23436764,1
22837033,0
23702152,0
23142144,1
22944613,1
22979556,1
23402715,0
22909725,1
23585413,0
22407341,1
22334375,0
23581678,1
23361064,1
23310103,0
23238898,1
23029027,1
23064253,1
22851397,1
23455676,1
23582059,0
23727076,0
23157491,0
23248345,0
23327256,0
22870434,1
23382019,0
22413712,1
22681523,0
23555083,1
23122858,1
22505539,1
23341256,1
22604190,1
22647173,0
23287490,0
23062519,0
22455915,1
23747260,1
22379987,0
22947054,1
22505135,1
22973889,0
23131960,0
23245369,1
23251937,1
22519717,1
23215257,0
23733809,0
23072413,0
22941407,1
22840617,0
22438712,1
22871237,1
22590640,0
22814341,0
23185175,1
22886342,1
22604134,0
23686127,1
22505105,1
22454197,1
22832532,1
23229433,1
23198266,1
23446876,1
23296637,1
23124405,0
23102677,1
23314569,1
23506869,0
23670639,1
22542223,1
23548895,0
23572488,1
23727655,1
23666629,1
22802774,0
22354123,0
22712437,0
22978860,0
23625467,0
23368882,1
23564802,1
22574486,1
22425868,0
23465081,0
23611047,1
22811112,0
23493956,1
23595179,1
23183909,1
23294539,0
23190847,1
23408437,1
23321733,0
22351796,1
23277252,1
22741855,1
22550895,1
22895407,1
23521602,0
22811815,1
23101861,0
23697092,1
23071171,1
22615265,1
23556478,0
22829481,1
23641504,1
23081475,1
22551705,1
22888513,1
23117429,0
23025650,1
23700889,1
23317941,0
23345777,1
23117162,1
23163852,0
23735795,1
23429393,1
23524657,0
23113224,1
23559263,0
23653016,1
22406939,1
23509560,1
22969766,1
23509513,1
22423933,1
22678353,1
23662278,1
22973294,1
23170087,0
22640983,0
22995446,0
22787447,0
23187984,1
23291113,1
22696619,0
22723226,1
22352968,1
23668801,1
23137742,1
23192436,1
23586477,1
23111043,1
23586137,1
22992328,1
23141563,1
23652077,1
23269065,1
23054232,1
23232494,1
23040380,1
23371295,1
23423314,0
23029008,1
23226935,0
23705476,0
23493313,1
23585777,1
23083143,0
23462916,1
23130404,0
23597219,0
23043544,1
23314079,0
22583456,1
22618519,1
23185357,0
22667460,1
22730385,0
22850930,0
22646344,1
23256036,0
22743547,1
23680470,0
22567465,0
22367443,0
23746025,1
23146973,1
22389947,1
23316101,0
23174117,0
22445683,1
23363375,1
23316136,1
22722744,1
22393299,0
22873535,1
22541297,0
23031492,1
23002516,1
22599784,1
23140246,1
23079879,0
23238931,1
23406960,0
22379042,0
22433691,1
22561979,1
22778580,1
22531667,0
23546785,0
23460420,1
23305391,0
22852280,1
22984179,1
23012593,1
22413714,1
22854558,1
23218428,0
23349570,1
22477263,1
22377883,1
23394097,1
22947634,0
23052799,1
23698621,0
22379797,1
22359114,0
22392094,1
22654930,1
22943236,0
23218764,0
23582772,0
22340753,0
22378129,0
23542399,1
23024010,0
22991828,1
22648088,1
23291307,1
23743194,0
22783429,0
22695554,0
22689846,0
22885059,1
23365628,1
22791675,1
23514063,1
22399381,1
23005142,1
23067042,0
23101611,1
22622953,0
23456655,0
23183576,1
22686420,0
23078722,0
22945493,1
23015312,0
23124246,1
22704489,0
23157793,0
23392484,0
22980894,1
23170340,1
22840887,0
23349637,1
23470488,0
23443536,1
23468344,0
22471714,1
23434546,0
23465657,0
23004292,1
23152484,1
23582537,1
22467716,0
22403927,1
23048457,0
23738762,0
22494175,1
22608490,1
23659440,0
23168629,0
23272582,1
22557225,1
23314521,0
22551108,1
22522667,1
23612811,0
23287570,1
22929341,0
22622155,0
23701193,0
22442240,1
22385246,1
23752179,0
22570618,1
22461437,1
22764744,1
22672676,1
23303960,1
23059527,0
23313117,0
22867974,1
22964569,1
23531195,0
22457586,1
23649421,0
22769234,0
23311012,0
22408282,1
23028127,1
23726036,1
22767752,1
22626170,1
23223416,0
22865907,1
23247759,0
23361124,1
23718312,1
23642720,1
22642349,1
22347329,0
23033233,1
22766415,0
22697547,0
23550023,0
23374154,0
22787154,0
23594732,1
22448746,1
22701442,0
23200247,0
23456326,0
23508654,1
23708489,0
22366206,1
22709642,1
23396209,1
23408345,1
22878548,0
23034678,1
22804082,1
23158616,1
22953290,0
22685004,0
22914837,0
23476134,1
23554783,1
23253251,1
22791762,1
22724856,0
22641873,0
22837562,1
23467898,1
23715859,0
23054030,1
22377148,0
23525564,1
23551776,0
22791809,1
22585473,1
22329290,1
22699367,1
22336684,1
23737254,1
23484689,1
23515891,0
23085730,0
23468501,0
22958397,0
22447685,1
22517874,0
23610211,1
22767813,1
22781342,1
23123849,0
22446089,1
23491446,1
23034308,0
23307555,0
22734275,1
23226758,1
23683883,1
23716585,1
23586653,1
22571282,0
23216784,1
23561654,0
23092630,0
23052580,1
23107722,0
22831381,0
23033029,0
23030441,0
23513982,1
23343495,1
23574619,1
22739851,1
22512775,0
22705377,0
23061950,1
23640180,1
22776142,1
23738259,1
22982178,0
23191309,0
23647212,0
23639757,1
23118822,1
22727782,1
23238413,1
22626519,0
23472716,1
22466584,1
22499156,0
23072908,1
23300426,1
23622513,0
22649230,0
23189800,0
23103275,1
22567344,1
23727889,0
23385839,0
23363476,1
23132805,1
23107415,0
23313791,1
22649958,0
22645900,1
22549147,0
22551781,1
23060399,1
23383312,1
23667032,1
22792922,1
23233613,1
23747402,0
22913967,1
22942218,1
23317380,1
22613832,0
22589529,1
23734326,0
22558812,0
23735959,0
23521461,0
23415411,1
22960139,1
22417650,0
23318510,1
22986104,0
22430214,0
22995785,1
22473975,0
22964783,1
23427420,0
22957776,0
23322567,1
23235204,1
23073139,1
23099490,1
23119459,0
23445678,1
22357335,1
23170732,0
22431922,0
23343319,1
23303846,0
22619338,1
22741364,1
22714469,1
22816296,0
23504310,1
22967889,1
23147279,1
23050588,1
22546645,0
23109650,0
22966800,1
23694717,1
22711225,1
22890283,1
23237398,0
23462621,1
23352016,0
22455449,1
23101543,1
22541142,0
23610640,1
23601926,0
23481364,1
22920949,1
22345566,1
22331220,1
23047669,0
22589489,1
22420254,1
23326925,1
23085284,1
23405372,1
23670170,1
23503569,1
22707597,0
23518175,1
23163730,0
22393630,1
22655934,1
23726058,1
23262206,1
23541151,0
23645021,1
22754034,0
22981221,0
22564020,1
22572316,1
22811222,0
22912395,0
22617052,1
22802060,0
23160221,1
22961475,1
23046861,1
22753679,1
23205213,0
22440686,0
22748863,1
22529487,0
23469815,1
23341487,1
22877809,1
23644315,1
22792749,0
23475720,0
23225166,1
23633704,1
22995119,1
23472631,1
22537000,1
22696190,0
23214114,1
23005549,0
22571596,1
23069309,1
23685889,1
22370683,1
23050006,1
22798662,0
22996958,1
22438811,0
22357685,1
23094549,0
22528850,1
23593660,1
23569781,0
23350228,1
23294651,0
22529649,0
23578972,0
22734119,1
23136650,1
23081461,1
22485488,0
23246011,1
23549210,1
22373501,1
23100984,1
22504764,0
22437127,0
22497047,1
23319147,0
23583768,0
23204981,0
23602361,1
23182461,1
22490759,1
22756110,1
22746201,1
22492235,1
23657916,1
23181044,0
22565641,1
23107194,0
23527242,1
23200866,0
22977470,0
23558499,0
22698698,0
22885210,1
23406179,0
22407840,1
22766364,0
23541701,0
23761690,1
23323078,0
22365979,0
22354056,1
22882282,1
22847959,0
23616817,0
22986271,1
22537396,0
22592083,0
22861526,0
23069556,1
22438831,1
22478035,1
23598886,1
23065862,0
22508247,0
22604957,1
22559473,1
23651366,1
23267601,1
23337827,1
23501144,0
22413084,0
22841714,1
22726293,1
22450651,1
22414909,1
23507094,0
22826519,1
22353009,1
22396705,1
23577094,1
23127752,0
22339303,1
23421729,1
23729561,1
23417171,1
23270616,1
22750725,1
22874912,1
22579676,0
22731640,1
22783086,1
22790182,1
23512760,0
22520723,0
23065335,0
22631035,0
23408943,1
23153762,1
23607691,1
23505383,1
22455490,1
22718162,0
22586246,0
23359092,1
22610248,0
22918524,0
23403238,1
23021187,0
22632808,1
23274669,1
23650911,0
22930171,0
22371592,1
22733688,1
23265859,0
23559714,1
23090747,0
23038441,0
22820305,1
22571286,1
22348065,1
23044052,1
23685938,1
22458854,0
22591172,1
22378561,0
23749227,1
22819650,1
22831120,0
22853227,1
22794740,1
22351620,1
23473157,1
22866272,1
23132063,1
23474997,1
22456537,1
23498181,0
23010472,1
23146103,0
22594271,1
22935612,1
22988869,1
22627724,1
22421522,1
22795700,1
23563122,0
22662648,1
22755640,1
22800124,1
22687815,1
23695423,1
22554974,1
23487402,0
23370336,1
23318221,1
23662328,1
23091148,1
23475052,1
22613100,1
23345061,0
23038529,1
23144044,0
22754548,1
22369876,1
22698290,1
23286264,0
23142034,1
23591610,0
23117863,1
23389345,0
23349857,1
23378471,1
22886158,1
23375799,0
23016111,1
23208499,0
22663930,0
23332882,0
22344596,1
23152275,0
22467400,1
22386436,1
22536484,1
22843401,0
22995506,1
23324722,0
23527388,1
23574047,0
22859743,1
22594842,0
23075571,0
23480203,0
23095170,0
23085876,0
23460245,0
23055704,1
23265861,1
23708863,1
22952951,1
23042645,1
22399107,0
23359630,1
23032499,1
23107012,0
23349004,1
23566131,0
22532459,0
22989630,1
23646415,1
23058696,1
22454414,0
23501083,1
23066909,0
23088460,1
23470667,1
23645199,1
22693515,1
23626500,1
23689526,0
23464923,0
22720311,0
23035791,1
22784077,0
22701658,0
23027845,0
23536369,0
23417917,0
23025887,1
23101762,1
22735026,0
23284142,1
23285786,0
23363065,1
23650178,1
23272892,1
22398584,1
23335874,0
22677864,0
22967883,1
22797652,0
22381835,1
22634982,1
23291042,1
23565532,1
23269459,1
22928954,0
22627414,1
22754993,1
22590476,1
22733899,1
22821915,1
22455680,1
22668802,0
22573593,0
22647671,1
22771668,0
22561193,1
23571936,1
23746592,1
22752057,0
23742566,0
23018058,1
23450268,1
22605583,0
22532402,1
23383453,1
23184326,1
22703728,1
23760602,0
23067126,1
22559591,0
23577692,1
23013580,1
23573452,1
23672967,1
23269177,1
23456677,1
23080017,1
23050194,0
23583696,1
22396405,1
22956352,0
23360463,1
23574244,0
23344619,1
22628592,0
23279175,1
23589348,1
22894779,0
23746037,0
23019086,1
23574228,0
22737673,1
23214469,0
22736329,1
22474373,1
22565842,0
22776270,1
23466372,0
23155343,0
23075161,0
23481598,0
22665828,1
22986588,1
22664971,0
22481232,1
23086955,1
22645687,0
23561870,1
23193116,0
22473260,1
22974600,0
23531616,0
23659798,0
23484530,1
23070089,0
22399468,0
22525796,0
22477357,1
23740766,0
23421091,1
22933629,0
22504452,0
22585909,0
23666590,1
22337435,1
22903406,1
23283110,1
23533053,1
22569844,0
22856728,1
22845926,1
22378944,1
23297533,1
23208148,1
23550678,1
22867201,1
23631522,1
23464750,1
23634755,0
22824581,1
23272854,1
23267714,0
23566501,1
22737602,1
23708973,1
23014420,1
23131589,1
22994717,0
23358697,1
23618433,1
23469628,0
23755670,0
23545074,1
22361265,1
22622887,1
23673191,0
22811948,0
23446637,0
23169178,0
22472091,1
23362477,1
23657125,0
22927489,1
22687406,1
22375995,1
22440673,1
22573067,0
23249778,1
22879002,0
23024286,1
23421984,1
23482222,1
23400014,1
23357494,1
23643210,1
23626806,0
23698646,1
23589591,1
22913183,1
22723170,1
22969296,0
23194582,1
23158975,1
23242913,1
22976710,1
23729593,0
22449065,1
23695238,1
23246014,1
22575865,1
22423050,0
23491266,1
23454993,0
22851856,1
22729358,1
23610945,0
23652799,0
22773559,1
22477981,1
23755011,0
23286542,1
23150279,0
23181733,1
22933192,1
22710147,0
22403086,1
22812407,1
22687295,1
23415064,1
23532364,1
22448465,0
22471119,1
23470420,0
23572914,1
23736082,0
23652173,1
22988134,1
23690589,0
23729815,1
23181165,1
23745103,1
23504197,1
22962737,0
23358561,0
22512705,1
23423127,0
23637034,1
22974421,1
23059742,0
22708128,1
23028334,0
23249206,1
23138087,1
23328619,1
23187382,1
22727185,1
22945602,1
22794850,0
23529133,1
22998478,1
23123324,1
23676228,0
22494783,1
22519758,1
23686502,1
22977400,1
23012513,1
23649463,0
23016458,1
23416820,1
22858796,0
22817253,0
22532415,1
22684878,1
22523588,1
22833895,0
23192504,0
23483637,0
23031071,1
23681361,0
22474852,1
23753406,1
22342885,0
22953795,1
22942962,0
23347153,0
22718720,0
22828102,1
22625924,1
23711565,1
22558799,1
22407560,0
23257166,1
22963516,1
22935596,1
22514542,1
22637700,0
22348694,1
22514876,1
23441016,1
22714012,0
22406471,1
23258544,1
23051957,0
22625287,1
23172163,1
23047045,1
22473177,0
22379898,0
22392947,0
23703275,0
23251534,0
23694243,0
23674084,1
23012239,1
22663799,1
22837021,0
23125643,1
22749461,0
23589985,0
23622775,0
22676052,0
23228148,1
23608103,1
23192952,1
22769660,0
22801446,1
22763215,1
22559221,1
22663152,0
23513168,0
22367870,0
23202807,1
22354073,1
22473361,1
22528935,0
23044314,1
22490774,0
22996923,0
23513695,0
23001839,0
23274370,1
22615149,1
23229757,1
23052521,1
22446786,1
23061657,1
22953714,1
23572803,1
22651546,0
23564797,1
23723697,0
23232952,1
22569985,1
22484178,0
23289878,0
23116054,0
22913035,0
23344900,1
22767754,1
22441841,1
22686528,0
22725790,1
23350207,1
23383437,1
23502393,1
22408882,1
23388491,1
22491238,0
23047505,1
23545469,0
23110406,1
23610742,0
22915436,1
23366640,1
22912505,1
22581649,1
22451785,1
23329145,1
23338732,1
23618390,1
23017338,1
23596898,1
22502715,1
23741957,0
22667776,1
23475538,0
23637184,0
23048772,1
23264735,1
22825284,1
23403296,1
22901187,1
23581987,0
22499559,1
22346617,0
22779131,1
22742242,1
22839519,1
22650778,0
22453147,1
23412870,1
23367077,1
22464040,0
22808658,1
23469968,0
23024879,0
22949825,1
22897597,0
22685069,1
22617916,0
23317627,1
22516489,0
23748703,0
23534523,1
22449394,1
23431082,0
23054164,0
23474249,0
23215122,0
23057768,1
23720895,1
22704326,1
22938722,1
23119145,1
22908274,1
23045456,0
22962958,1
22657560,0
23074447,0
23514791,1
23361293,0
22939142,1
23593510,0
23008729,1
23205819,1
23666850,1
22997958,0
23702954,1
22929523,0
22479972,1
23171354,1
23322330,0
23754448,0
23736420,0
23044208,1
23153879,1
22438216,1
22996394,1
23729711,0
22533129,0
22439213,1
22940743,0
22981603,1
23592737,1
23358909,0
22763436,1
22519262,0
23630594,1
22638500,1
22975506,1
22933418,1
23623019,1
23681861,1
22680492,0
22833845,0
23628951,0
23689307,1
22854959,1
23375699,0
23373113,1
23267616,1
22671604,1
23643644,1
23326244,1
22993444,1
23484699,1
23503185,1
23339707,0
23270146,1
23517662,0
23607311,0
22703626,1
22714138,0
23667444,1
23416283,0
22341390,1
23434610,1
22423368,0
23615457,1
22393682,1
23564407,1
22610999,1
23186944,1
22356439,1
22443709,0
22792385,0
23128358,0
22833858,1
23498292,0
23753440,0
22574094,0
22420043,1
22984008,1
23225937,0
22574663,1
23334449,1
23337709,0
23255490,1
23567688,1
23176869,0
22940254,0
23418456,0
23293650,0
22713876,0
23478189,0
22956635,1
22772560,1
22456342,0
22732160,1
23542506,1
23577931,0
22602628,0
22334666,1
23183421,0
23395108,0
22365860,0
23231902,0
22366780,1
23379120,1
22541963,0
23193283,1
23679390,1
23692284,1
23560399,0
23368593,1
23600565,1
22575216,0
23379644,0
22538065,1
23005523,0
22572889,1
23665223,1
23097204,0
23468806,1
23664837,1
23233310,0
22685644,0
22675895,0
23753404,0
23389490,1
22622978,1
23148394,1
23152584,0
22666055,0
22858778,0
23388838,1
22473622,1
22737030,0
23055666,1
22959889,1
23568693,1
23516996,1
23227610,1
22878451,1
22930483,0
23609753,1
22597064,0
22384487,1
23106830,1
22476692,1
23099722,1
23637393,0
23730947,1
22781355,1
22832234,0
23266129,1
22500937,1
23081504,1
22785330,1
22410431,0
23018389,0
23503713,0
23645861,1
23535240,0
22739463,1
22516014,1
23269760,1
23292438,1
23333793,0
23158652,1
23414428,0
23600914,0
23438958,1
22591934,1
23719391,0
23610611,0
23431656,1
23217374,1
22727971,1
22997299,0
22994188,1
22569934,1
22675600,0
23046087,0
22930288,1
22866150,0
22446517,0
22497736,0
22361058,1
23313146,1
23139809,0
23403538,1
23071047,0
23411443,1
23579314,0
23523036,0
23745181,1
22996944,1
23483546,0
22439116,1
23560463,0
22894061,1
22834076,1
22409264,1
22509856,1
23024614,0
23552931,1
23224518,1
22799055,1
23300646,1
22990535,1
23172512,0
22423235,0
22992009,1
22933808,1
23666202,0
22642309,0
23374428,0
23197467,1
23191879,1
23706072,1
23047281,0
23324884,1
22375873,1
22604887,1
22389685,1
22399643,0
22394424,1
23573930,1
23029945,1
22853999,1
23092149,0
23172704,1
23286792,1
23678048,1
23344671,0
23430703,1
22697063,1
23319697,0
22678581,0
22361503,0
23138476,0
22491050,1
23698169,0
22514908,1
23696322,1
22922737,1
23398363,1
22920583,1
23018683,1
22727817,0
22512812,1
23529491,1
22371449,1
22517085,1
23712364,0
23429345,1
22823790,0
22796444,1
22823383,1
22862007,0
23711311,1
23438324,1
22550287,0
22359292,1
23566673,0
23021757,1
22727816,0
22622890,0
23658865,0
22422995,0
22390161,1
23462724,1
23342379,0
22766009,1
22546249,1
22663228,1
22813864,1
23014176,1
22898642,1
23507125,0
22699646,0
22660211,1
22711705,0
22759770,0
22387885,1
22620203,0
22485826,1
23720651,1
22575739,1
22333003,1
23130290,1
22639521,1
23598403,0
22492361,0
22543677,1
22499381,0
22481921,0
23409570,1
23435785,1
23306108,1
22744623,0
22413831,1
22400780,1
22367943,0
22955995,1
23224481,1
23053481,1
23055315,0
22774598,1
23233530,1
23052194,0
22442432,1
23644002,0
23347748,1
22963637,1
23194110,1
22968971,0
23567262,0
23730038,1
23610729,1
23529737,1
22754821,1
22533626,1
22417676,1
22344362,1
23757252,0
23717380,1
22558358,0
23298665,1
22793054,1
22438245,1
22358580,1
23134015,1
22806207,1
23517615,1
22695199,1
22670251,0
22982945,0
23444591,0
22597656,1
23705656,1
23751236,1
23746910,0
22570658,1
22965034,1
23341024,1
23274553,1
22445304,1
23646074,0
23309366,1
23627020,1
23207779,0
23400905,1
23169751,0
22616674,0
23071542,1
22855272,0
22923071,0
23087651,0
23309565,0
23674427,0
23596616,1
22999275,0
23517426,1
22729462,1
22742463,0
23293393,0
23601119,1
22603402,0
23184268,0
23484413,0
23391343,1
23598659,0
22464159,1
23655506,1
22530638,0
22952535,1
22347791,1
23524776,1
22782159,1
22328174,1
23363111,0
23500338,1
23345535,0
22599766,0
22969175,0
22486589,1
22359068,1
22818472,1
23354799,1
23530366,1
22799098,1
23458929,1
22375286,0
23122753,1
22656809,1
23651680,0
23237666,1
22342508,0
23287179,0
23489582,1
23276613,0
23752891,1
23252494,0
23639688,1
22495279,1
23645321,1
23271836,1
23694593,1
23482246,0
23403956,0
22463241,1
22793566,0
23472652,0
22772692,1
23674316,0
23488959,0
22628318,1
23735099,0
22542811,1
23034221,1
23412502,1
22846177,1
22391274,1
23398423,1
23664978,1
22499965,0
22447875,1
22907666,1
23120643,0
22894953,1
22648674,1
22776004,1
22772446,0
22979922,1
22620478,0
22477700,0
22647049,1
23548863,1
22854098,0
23622516,1
23664432,1
22431688,1
22713490,1
23471843,1
22583624,1
22824288,1
22338869,1
23589800,0
22374422,1
23355763,0
22753190,1
23171478,1
22513751,1
22729103,0
22629738,0
23587544,0
23757470,1
23444404,1
23378189,0
23569593,1
22464054,1
22647230,1
23389774,1
22610836,0
23155695,1
22952209,1
22985843,0
23741749,1
22838269,1
23680543,1
22582258,1
22378624,0
22720946,0
23251438,1
23246360,0
22675536,0
22816651,0
23206437,1
22629887,1
23249043,0
23468181,1
23176232,0
23243572,1
22770024,1
23524701,1
23362170,1
22627946,0
23065233,1
22930848,1
23038493,0
22358899,1
23507259,0
23610605,0
22994694,1
22973654,0
23683573,0
22546460,0
23637363,1
23523234,0
22587368,1
23225362,1
23550709,0
22717387,1
22953172,0
22686623,1
23459915,1
23667613,1
22738187,0
22803229,0
22388624,1
22607643,1
22583975,1
22745885,0
23029574,0
23029164,0
23323081,0
23531079,0
22557865,1
23536286,1
22810522,1
22779766,1
23064959,1
22830211,0
23593633,1
22749347,1
23634353,1
23385761,1
22618329,0
23182335,1
23710748,1
23525192,1
23157600,1
23215078,1
22668726,0
22425532,1
23472310,0
23141279,1
22624433,0
22427964,0
22960123,1
22477545,0
22392879,0
22515309,1
23153665,1
22862369,0
23421151,1
23279771,1
22424727,0
22572759,1
23002782,1
23182941,0
22988786,1
23732897,0
22339396,1
23262856,1
23244307,0
22845295,1
22657839,0
22468549,1
23554707,0
22734156,1
23494014,0
23683275,0
22462186,0
23561518,1
22826663,1
22947928,0
22332853,1
23560402,1
23114501,1
23058036,0
22830418,0
23284726,1
23290966,0
22736949,0
22599668,0
22647509,1
23192370,0
22889327,1
23206287,0
23626076,1
23189231,0
23132725,0
22830203,0
22505305,1
23585011,1
22819052,1
22371368,0
22486671,1
23040899,0
22438772,1
22389592,0
22681572,1
22726364,0
22630691,0
22567894,1
22394657,0
23126589,0
22716239,0
23542193,1
22378639,1
22799472,1
22816521,1
23004678,1
23603311,1
23207940,0
22666268,0
22401808,1
23540928,0
23293297,1
22804661,1
22419413,1
22534449,0
23292625,1
23027494,1
22335711,0
22452449,1
22822219,1
22992188,1
23125344,1
23265386,1
22668933,1
22789184,0
22939297,1
22344343,1
23015653,1
22725523,1
23453690,0
22497161,1
22483171,1
23249090,0
22718640,0
22808056,0
22425144,1
22750044,1
22824362,1
23747389,1
22857686,1
22452165,1
22975160,0
23687154,1
23005281,0
22755153,1
23322199,0
23446323,1
23381938,1
23095086,0
22881448,1
22422925,1
23723440,1
23531245,1
22394065,1
23617510,1
22795503,0
23121419,1
23314826,1
22801607,1
22761313,1
23307777,0
22507981,0
23067449,1
22782276,0
23715893,1
22702038,0
22852837,1
23409667,0
22881757,1
22891263,0
23690992,0
23592234,0
22979244,1
22863837,0
23256146,1
23042388,0
22493389,0
23590794,0
22831672,1
22935949,0
23698592,0
22452234,1
23272172,1
22673059,0
22719933,1
22933680,0
23151605,1
23196250,1
23320610,1
23204111,0
23458200,1
23707766,1
22557746,1
22775065,0
22738784,0
23136146,1
22518622,1
22586704,1
23090645,1
22673992,1
22799400,1
22600648,0
23018601,0
23747125,1
23589519,1
22390555,1
23530076,0
22849214,1
22510826,0
23102801,1
22806296,1
23655877,1
23024468,1
23083275,0
23676826,0
23684283,0
23445286,0
23031857,1
23391453,0
22909235,0
22412635,1
22901968,1
23672874,1
23094016,1
23390704,0
22743305,0
22855012,1
23579729,0
23427985,0
23230032,0
22886063,1
23086753,0
23242281,1
23551054,1
23331800,0
22798623,1
23533082,1
22553599,0
22763910,1
22339601,0
23221132,1
23093951,0
22339967,1
22904679,0
22694721,1
22433007,1
23225215,0
22544005,1
22498770,0
22781867,0
23715570,1
23183389,0
22884455,0
23308363,1
23331282,1
22551712,0
22954812,1
22376675,1
23696772,0
22379004,0
22334342,0
23258091,1
22714581,1
23433606,1
22971253,0
23056991,1
22671226,0
23671927,0
22746802,1
23014299,0
22996317,1
23529268,1
23384074,0
23498319,0
22669663,1
23586061,1
22624379,1
23130094,1
23512621,1
22570076,1
23433482,0
22491002,1
22705496,0
23619872,1
22486087,1
22781584,0
23279365,0
22923018,0
22480353,1
22622851,0
23328540,0
22960049,1
23543318,1
23025301,1
22926518,0
22427871,1
22719669,1
23290281,1
23211045,0
23489310,0
22389239,0
22944986,1
23082817,0
22397892,0
22642834,1
22646905,1
22549540,1
22800693,1
23174737,1
22564724,0
23683271,1
23247818,1
23525802,0
23531454,1
22718980,1
23721046,0
23395177,1
23738041,0
22853654,1
22435452,1
23713703,1
23039697,1
22987525,0
22792411,0
23011878,1
22602492,0
22401220,1
23638328,1
22664701,1
23541538,0
23225586,1
23636195,1
22516330,0
23581755,0
22631535,0
22737866,1
22625983,1
23433541,1
22793615,0
22693491,1
23483362,1
22369759,0
22736830,1
23594951,1
23347477,1
23062840,0
23103833,1
22565182,0
22974434,1
22471366,0
23397536,1
22924018,1
23630611,1
22727993,0
23714588,0
23346881,0
22894011,1
22955078,1
23025738,1
22948202,0
23340860,0
22977898,1
22383612,1
23447660,1
23482245,0
23504954,1
22367865,1
22890763,1
23166466,1
23181277,1
22703338,1
23348437,1
23274273,0
22443796,1
23367456,1
22717923,1
22734038,0
23598182,1
22971467,1
23323455,0
23754549,0
23560028,1
23395391,1
22846797,1
22512399,0
23408980,0
23420340,1
23020327,1
23048325,1
23010653,1
23727389,1
23027322,1
22775018,1
22745041,1
22586963,1
23437769,1
22987904,1
22587037,0
22633688,1
22704602,0
23367527,0
23423815,0
23162936,1
22874235,1
22890509,1
22918777,1
22673489,0
22378440,0
23204714,1
23303545,0
23551772,0
22689572,1
23437836,0
22626071,1
23632845,1
23705263,0
23335434,1
23690125,0
22425204,0
22336422,1
23487996,0
23370545,1
22939281,1
23533612,0
23711966,1
22493905,1
23011934,1
22540123,1
22987095,1
23228698,0
23468048,1
23286656,0
23399654,0
22860599,1
22467125,0
23171061,1
22626181,1
22365695,1
22733628,0
23135555,1
22690147,1
23460824,1
22486413,0
23619928,1
23684288,1
22917357,0
22844609,1
22479200,1
22877135,0
23277803,0
22519790,0
23462135,1
22888861,1
22803786,0
23492523,1
23341674,1
23073891,0
23713876,1
23385197,1
22806106,1
23739754,1
23053070,1
23621473,1
23216343,0
22932660,0
23596089,1
22643562,1
22819707,0
23121964,1
23526769,1
22651966,1
22460313,1
22623647,1
22920256,0
23332839,0
23524157,0
23556312,1
23156902,0
23665275,0
22559106,1
22584964,0
22832371,1
23393212,1
23667194,0
22984093,1
22766349,1
22572775,1
22700069,1
23347975,1
22990716,0
23335849,0
22722255,1
23156139,1
23725695,1
23541635,1
23339618,1
23288970,1
23488201,0
22920661,1
23499304,1
22409009,1
23606220,1
22876663,1
23056393,0
22756807,0
22608489,1
22708342,1
23629135,1
22342825,1
23305044,0
22605002,1
23288179,1
23038072,0
23750613,0
22953218,0
22343794,0
23316579,1
22894277,1
22654336,1
23286401,1
23758626,0
22729552,1
23595968,0
23616121,0
23722819,0
22462144,1
22653074,0
23704752,1
23440635,0
22510508,1
22527301,1
23105583,1
22636229,1
23481611,1
22760961,1
23688926,1
23218980,1
23698089,1
22908947,1
23512528,1
23043717,1
23275555,0
22449955,1
23271094,0
23196705,1
22520083,1
23385416,0
22417174,1
22701578,0
22424842,0
23383900,1
23659765,0
23058297,1
23633182,1
23323202,0
23590971,0
23131058,1
22660412,1
23232489,0
22795003,1
23595391,1
22772390,0
22711796,1
22465097,1
23013707,1
23092288,1
23636410,1
23623751,1
23218802,1
23545979,0
23132275,1
22560320,0
22517744,1
23143468,1
22836551,0
23443652,1
22476981,0
22435677,1
23075107,1
22628313,1
23184008,0
22984752,0
23408296,1
23036881,1
22652249,1
23504186,1
22836909,0
22518754,0
23387168,1
23119108,1
22889708,1
23554157,1
23543748,1
23552694,0
22990961,0
22838365,1
22551309,1
22578294,0
22760828,0
23253283,0
22757242,1
22815965,0
23347074,1
23590448,1
23679340,1
22526441,1
23672797,0
23427134,0
22690843,0
22922494,1
23197972,1
23083593,1
23492110,0
22547896,0
23372360,1
22540743,0
23353375,1
23012394,1
22901364,0
22331391,1
22361741,1
23291868,0
23261791,1
23739871,1
23347781,0
22891785,1
23732145,1
22713605,1
22726956,0
22403954,0
23194626,0
22606452,1
23208183,0
22687756,1
22430439,1
22633626,1
22861608,1
22687937,1
23513578,0
22572496,1
23696851,1
23063250,0
23175498,0
23194356,0
22633778,0
22347960,1
22746117,1
22412599,1
22881030,1
22732576,1
23737390,1
23718093,0
23362511,1
23572927,1
22730282,0
22934714,0
22453409,1
23659577,0
23236461,0
22703198,1
22938616,1
22801902,1
23621323,0
22969638,1
22706159,1
23068610,0
23552788,1
23336427,0
23361592,0
23293826,1
23709536,0
23495520,1
23123103,1
23719959,0
22814287,1
22623389,1
22438587,0
22640108,0
23193729,1
23384197,0
22652896,0
22958659,1
23289266,1
23495066,0
23728109,0
22433537,0
22806625,0
22628716,1
22459622,1
22330642,0
23490179,1
22731676,0
22334536,1
22508154,0
22463775,0
23666932,1
22423092,0
23538093,1
23482369,1
22608986,0
23082118,1
22531942,1
23116588,1
22650434,0
23690079,0
22517570,1
23727733,1
22812806,0
23651281,1
23582053,0
22757434,1
22656085,0
23366993,1
23668168,1
22832404,1
22616949,1
22476923,0
22378277,1
22336586,1
22589679,0
23096755,1
22380515,0
23504619,1
23136042,1
23416585,0
22894276,1
23602940,0
22357681,1
22523231,1
23551192,1
22542618,0
22712691,1
23365648,1
23303954,1
22722489,1
22926306,0
23314696,1
23719924,0
22564695,0
22679712,0
22433347,0
22804276,1
23735692,1
22510112,1
22433480,1
22835634,1
22878190,1
23454752,0
22391781,1
22885350,1
23312156,1
22540407,1
23121707,1
23720364,0
22614158,1
22356460,1
22611216,1
22832196,0
23479391,1
22668812,1
23572369,1
23684943,0
23413527,0
22546133,1
22744316,0
22378691,0
22987328,1
22784159,1
23096215,0
22654062,0
22682650,1
23093604,0
22611860,0
23546816,1
23240183,0
22672724,1
22989869,0
23545275,1
22700678,1
23361883,1
23053908,0
22395927,0
23321045,0
22539034,1
23320669,1
22632120,0
23093003,0
22372531,0
23259243,0
23501117,0
23228089,0
23298344,1
22562313,0
22820879,1
23204136,1
23320688,1
22552458,1
22616247,1
23118233,0
22837744,1
23348499,1
22351930,1
22916661,0
23400446,0
22523241,1
22505108,1
22869122,0
22996383,1
22391748,1
23111225,1
23574863,1
23750113,1
22703133,1
23006029,0
23174286,1
23292388,0
22613405,1
23071133,1
23563498,0
22991009,1
23372219,0
22619792,1
22855357,0
23447976,1
22800492,1
23029479,0
22528030,1
23462885,1
23249918,1
22669437,0
23333994,1
22363972,0
22480495,1
23126242,0
22661130,0
23710778,1
23621164,1
23709507,0
23235766,1
23380549,0
22423629,0
22618478,1
23363099,1
23176881,0
23451836,1
23745669,0
23327610,1
23254592,1
22436482,0
22662265,1
23665421,1
22332329,1
23078966,1
23506930,0
22679355,0
23251880,1
22791221,1
22848501,1
23426581,0
23305576,1
22970885,1
22649589,1
23110747,1
22947038,0
23586700,1
23634847,1
22839257,0
22421734,0
23743383,1
23231910,1
22358255,0
22539170,0
23210723,1
23505008,0
23165681,0
22427229,0
23309458,0
22454841,0
23615445,0
22678960,1
23216321,1
23200752,1
22582329,1
23233371,1
23733315,0
23746661,1
22557915,0
22906267,1
23624370,1
23353624,1
22631725,0
22822642,0
22750875,1
23731577,0
23081605,1
22968659,0
22995415,1
22687972,1
23494702,1
22524914,0
22501073,0
23446141,1
23004859,1
23316617,1
22671167,1
23020382,1
23390218,0
23551700,1
22619572,0
23452600,1
22689597,0
22721222,1
22358872,0
22865607,1
22902501,1
22475531,1
22680901,1
22534521,1
23654083,0
23389768,0
23129546,0
22676929,0
23337489,0
23386981,1
23516424,0
22904655,1
23161075,1
22486810,0
22331512,1
22780653,1
22952864,0
23587603,0
23210614,1
23449206,0
22790590,1
23273922,1
23324325,1
22981098,1
22447064,1
22970400,1
23460032,0
22410765,1
22580493,1
22733490,1
22928002,1
22908359,1
23279464,1
22655376,0
23248150,1
23585025,1
23061476,0
23722971,1
22823075,1
22584017,0
22783508,1
22660107,0
22790061,0
22710338,0
22705030,1
23328108,0
23250009,1
22870333,1
23055871,0
23364803,1
22849978,1
22416268,1
23116167,1
23515457,0
23360745,1
22408757,1
22919664,1
23299531,1
23473591,1
22867518,1
23309505,1
23381034,1
22614976,1
22626204,1
23262831,0
22876415,0
23629428,0
22839398,1
22386971,1
22805898,1
22447534,0
22604390,1
23519872,0
22589506,0
23143825,0
22451821,1
22583688,1
23634044,1
23150888,1
22942679,1
23040695,1
23666014,1
23563764,0
23706808,1
23571837,1
22692591,0
22968903,1
23124419,0
22513474,0
23040089,1
22762946,1
23503189,1
22775806,0
23379245,1
23183051,0
22677173,0
23432586,0
22863915,0
23413205,1
23223630,1
22830809,0
22456219,1
23514995,0
23141002,0
22885038,1
23335674,1
22971547,1
22607802,0
23256484,1
23026017,0
22695157,0
23136125,1
23491735,0
23060004,1
22876934,1
23166157,1
23222838,0
23027876,1
23700847,1
22610967,1
23261080,0
23406070,1
22453549,1
22835718,0
22542412,1
22886626,1
22912335,0
22418158,0
23679807,1
23756980,1
23617205,1
23188196,0
23018184,0
23258699,0
22592357,0
23099236,1
23277737,1
23434130,1
22451045,1
22653465,1
23219237,0
23116542,1
23249882,1
22360720,1
22828742,1
22406677,1
23627527,0
22561988,0
22583415,0
23147514,1
22628771,1
22581167,0
23750982,1
23514434,0
23397668,1
23731311,0
23516866,1
23070434,0
23245596,1
23387900,1
22373285,1
22851321,0
23559147,0
22545348,1
23185074,1
22369729,1
23620161,1
22746407,1
23515000,1
23380769,1
23625615,0
22744514,0
22599217,0
22435763,0
22749643,1
23059154,1
23198004,0
23512022,0
23369358,1
22733045,1
23597057,1
22619368,1
22362399,1
22792502,0
22501719,1
23246697,1
23664606,0
22792342,1
23537132,1
22672692,1
22421965,1
22392425,1
22761774,1
22857318,1
23072706,1
22533111,1
22796104,1
23000391,0
22931617,1
23122684,1
23731163,0
23429895,1
23613077,1
22459699,1
22768632,1
23361678,0
22683226,1
23733124,1
22807186,1
22595141,1
22528937,1
23606803,0
23219070,1
23039793,1
23072166,0
22341060,1
22584619,0
22367544,1
23120659,1
23210870,0
23750251,1
22784571,1
22431529,1
23689670,0
23329810,0
22549289,0
23207133,1
22624340,0
22636736,1
22905746,1
23095180,1
22787424,1
23602212,0
23232136,1
22899412,0
23555919,0
23353548,1
22696443,1
23150165,0
22956758,0
23391820,0
23115682,1
22807291,0
22334396,0
22613649,0
23591681,0
23157836,1
22579030,0
23654282,1
22557636,1
22338894,0
22362762,1
22496037,1
22997877,1
23042110,0
23058300,1
23288191,1
23461920,1
23212754,1
22820579,1
22486196,1
22677624,1
23353176,1
23365903,1
22351709,1
22486634,0
23169303,1
22805964,1
23523518,0
22532279,1
22472218,0
22332607,0
22535071,1
23626449,1
23758335,1
22650750,0
22537250,1
23257779,0
23603624,1
22587061,1
23037272,1
22787592,1
22881313,1
22778162,0
23542529,0
22420448,0
23049616,1
22490762,0
23375051,1
23558041,0
22544610,0
22451095,1
22881363,1
22362869,1
22664728,1
23746092,1
23272718,0
23055595,1
23174463,0
23674517,0
23112797,1
23314051,1
23664727,0
23320226,0
23387583,0
23544980,1
23359484,1
23533889,0
23571726,0
22595113,1
22933634,1
22980363,0
23007577,1
23422085,1
23631249,1
22918883,1
23756826,1
23194746,0
22392666,1
23659644,1
23081132,1
22768337,1
22957938,0
23123940,1
22526057,0
23239697,1
23589309,1
22590567,1
23409000,0
23386844,0
23112486,1
22670875,0
23037335,1
23060796,0
23639233,1
22911604,0
23200635,0
23357583,1
23038600,1
22676248,1
23658623,0
22731579,0
23353174,1
22477959,0
23623005,1
23260485,0
22714438,1
22839470,0
22579671,1
22558440,1
22910708,0
23659025,0
23511002,1
23545032,0
23298839,1
22932941,1
22772235,1
23058070,0
22920632,1
22388012,1
23730201,0
22869460,1
22766890,0
22713746,1
22785059,1
23020873,0
22944811,1
22342857,0
23237377,1
22916900,1
22997818,1
23717927,1
23478477,0
23640619,1
23524797,0
23656184,1
22609285,0
22605303,1
23235828,0
23300577,0
22507416,0
22813285,0
23551706,0
22883844,1
23610929,0
23610080,0
22817119,0
22533223,1
23202641,0
22692847,1
22579634,1
23714110,1
22510924,1
22465901,1
23550269,0
23473986,0
23307983,1
22916169,0
23391836,1
22492458,1
23587923,0
23623509,0
23292342,1
23515870,0
22533138,0
22528336,0
22809489,1
23487298,1
22832522,1
23298508,1
22545488,1
22954851,1
23298187,0
22889128,1
23451781,0
22697977,1
23346882,1
22337789,0
23125949,0
22515117,0
23514906,1
22717256,1
23334109,0
23610629,0
23340423,1
22718585,1
22637221,0
22420560,1
22335520,1
22498563,1
22699695,0
22957302,1
23212359,1
23569384,1
23255432,0
23285503,1
23679302,1
23185001,0
23058915,1
23278684,0
22782914,0
23077634,0
22858367,1
23727764,0
22989963,1
22971141,0
22917761,1
22992029,0
23076414,1
22740210,1
23251914,0
22860916,0
23636598,1
23598363,1
23484847,0
23479992,1
22713646,1
22864481,1
22953805,0
22515490,0
23216185,1
23145516,1
23503887,1
23003214,0
23149549,1
23742946,0
23209030,1
23550947,0
22589029,1
23376913,1
22980261,1
22940727,1
23291436,1
22848348,1
23609635,1
23202199,1
22861056,1
22723105,1
22867705,1
23644255,1
23537711,1
22850125,1
22616953,1
23668585,0
23142406,0
23053109,0
23161463,0
23201318,0
22480979,0
23444401,1
23541649,0
23728178,0
22514971,1
23033734,0
23471912,0
23750348,0
22521396,1
23421127,1
23438494,0
22725237,1
22632067,1
23040452,1
23407619,1
23301786,0
22941277,0
22988273,1
23645328,0
23556728,1
22380082,1
23391797,0
22647343,1
22634111,0
23715683,1
22522215,1
23050128,0
23163960,1
23668910,1
23576056,0
22846719,0
22416736,0
23601829,0
22775184,1
23192701,1
23107869,0
23315014,1
22765340,1
23189781,0
23252255,1
22436821,0
22849530,1
23751347,1
22398138,1
23415637,1
22918498,0
23741181,0
23456170,0
22522702,1
23117298,0
23264175,1
23382910,1
22951937,0
23407570,1
22942473,1
23371780,1
23268547,1
22909452,1
23122415,1
23258108,1
23333413,1
22533161,1
22539104,1
23690726,1
23543288,1
22744764,1
23587109,0
23402482,1
23385814,0
22666144,1
22993342,1
23385680,0
22556433,1
23098107,0
23726356,0
22762671,1
22407316,0
23263005,1
23148544,1
22913786,1
23186361,1
23296085,1
23064560,1
22822271,0
22363027,1
23696108,0
23391681,1
22967219,0
22867731,1
22579812,0
23322428,0
22875683,0
23203132,0
22800193,1
22824329,1
23636722,1
23663941,1
23759502,1
23729562,1
23668683,1
22785275,0
22829563,1
22513149,1
22880814,1
23311935,1
23713786,0
23719101,1
23691978,1
22719570,1
23666344,1
22754185,1
23153419,0
23088925,0
22754248,1
23526120,1
22418049,1
22669317,1
23530532,1
23279099,0
22673817,1
22694871,1
22760027,0
23275547,1
22658302,1
22448814,1
22693067,0
22792315,1
22790390,1
23571239,0
23071334,1
23717568,1
23415371,1
23734745,1
23214851,0
22853092,1
23310837,0
23012451,1
22419275,1
23104351,0
22409222,0
23745619,1
23697351,1
22866505,1
23677273,1
23755170,0
22443158,0
23299376,0
23369558,1
23204281,0
22862045,1
23006442,0
23637490,0
22840922,1
23361414,0
22837653,0
23348421,0
23081270,1
23110333,1
22590535,0
23417295,1
22805482,1
23228371,1
22355763,0
22550401,1
23546187,0
23703740,0
22722871,1
22763405,0
23622597,1
22546256,0
22509984,0
23393779,1
22604610,1
23006777,1
22644959,0
23171242,0
23248965,0
23587788,0
23074364,1
22800755,0
22641258,1
23058910,1
22544865,0
23332322,1
23300357,1
22822032,1
22569597,0
23683518,0
23098996,0
22950831,0
23310914,0
23543048,0
22533157,1
22851748,1
23006233,0
23750587,1
23049492,0
23079648,0
23080229,1
23279918,0
23326236,0
23364667,1
22505735,0
22999578,1
22393398,1
23302692,1
22698201,1
23344709,1
22913255,1
22478032,1
22878804,1
23300018,0
23049299,0
23163494,0
23300028,0
22957255,1
23675728,0
22927707,1
22552401,1
23461932,0
23549853,1
23032034,1
22726362,1
23753818,1
23116222,0
22695842,1
22405234,1
22379062,1
23218313,0
23110122,1
23247835,0
23403435,0
23236637,1
23074893,1
22706046,0
22952642,0
23131493,0
23176677,1
22673272,1
23311304,1
23439832,1
23167558,1
23009312,1
23513403,0
23584597,1
23236431,1
23124703,1
23651990,1
23670702,1
22372436,0
22806492,0
22988919,0
22870941,1
22891026,1
23152016,0
22805665,1
22675224,0
22474324,0
22869637,0
22670880,0
22922294,1
23425850,0
23041567,1
22608028,1
22730532,0
23026177,0
22778072,1
22759260,0
23062512,1
22970564,1
23206235,1
23464931,1
23567071,0
23616782,0
22350981,1
22963162,1
22417868,1
23324089,0
23155062,1
22922974,1
23181665,1
23158672,0
23377834,1
23132284,0
23670141,0
22602139,0
22917151,0
23285494,0
22484255,1
23581977,1
22450350,0
22329029,0
23435322,1
22895031,1
23506384,1
23435021,1
22954756,0
22825337,0
22773501,1
23570250,1
23294154,0
22775730,0
23595252,0
22339134,1
23571159,1
22343382,1
23182187,1
22997013,1
23094595,0
22365379,1
23020346,1
23078816,1
22757990,1
22454655,1
23449237,1
22868472,1
22415143,1
23583442,1
22984240,0
22710983,1
23218240,1
22930366,0
22931339,1
22967956,0
22534085,1
22543190,1
22866868,0
22881599,1
23339187,1
23254772,0
23587583,0
23405997,0
23434338,0
23336593,0
23541863,0
23502942,1
22607499,0
22622087,0
22597094,0
22887091,1
23397394,1
22693478,1
23738379,0
23236014,1
23376987,0
22917201,0
23301523,1
22334677,0
23008850,1
23532659,1
22668475,1
23478090,1
22647165,0
23206541,0
23672783,0
23030309,1
23695922,1
23373649,1
23742153,0
23714002,1
22678527,1
22967693,1
22771270,0
23422513,1
23199141,0
23383532,1
23499305,0
22640306,1
22912951,0
22879936,1
23312057,1
23179509,0
23693208,1
22610244,1
23420603,1
22337337,1
22617642,1
22460381,1
22710219,1
23129743,1
23441684,1
22958967,0
23354658,1
22493103,1
23468980,0
22663071,1
23405050,1
23556297,1
22509411,0
23580083,1
23131178,0
23687850,1
22568060,1
22647111,1
23271938,1
22703312,1
22900245,1
23317229,1
22434450,0
22980122,0
23215043,1
23738932,1
23112843,0
22893257,0
23614258,1
23535815,0
22346697,0
22630531,0
23413600,0
22509424,1
23468332,0
22609386,1
23481143,1
22818972,1
22458348,1
22848852,1
22973944,0
22696009,0
22561349,1
23501321,1
23601399,0
23082714,1
23224809,0
22545389,0
23006148,1
23727993,1
23605483,1
23269057,1
22771067,0
22417348,1
22545891,1
22368037,0
23000586,1
23618773,0
22489698,1
23632895,1
22623878,1
22804825,0
23590066,1
23312761,1
22650736,1
23477425,1
23290805,1
23621929,0
22462420,0
23179778,1
22945691,1
23070131,0
22982823,1
23563267,1
22571279,1
23086464,0
23755697,0
22639101,1
23584585,0
22519877,0
23654634,0
23126585,0
23177384,1
23597519,1
22975557,1
23264218,0
23565786,1
23464834,1
23469028,1
22807271,0
23758684,0
23552463,1
22901070,0
22519174,1
23560448,1
22531996,0
23320936,1
23018231,1
23615232,1
22929576,1
22682969,1
22871755,0
22736880,0
23414279,1
23171052,0
22330246,0
23141528,1
22923282,0
23643726,0
22707550,1
22569178,0
23623526,0
22400614,1
22975167,0
22940239,0
23471739,1
23515535,1
22610348,0
22812632,0
22922451,0
23546220,0
22899330,0
23455464,1
22770383,1
23310724,1
22879558,1
23353225,1
22728871,0
23151181,0
23536922,0
23034940,1
22655493,0
23695109,1
22792030,1
23367709,1
23411921,0
22592590,0
23457462,1
23239045,1
22421291,1
23546106,0
23180933,0
22764114,1
23300430,1
22577873,1
23231099,1
22596646,0
23571716,0
22719464,1
22514360,1
23399728,1
23750806,0
22826422,0
23590357,1
22990593,0
22637740,0
22864923,0
23653545,0
23192463,1
22889521,1
22486098,0
23677169,1
23582066,1
22326890,1
23463192,1
23529009,1
23661485,0
22460161,0
23087225,0
22873981,0
23110055,0
23567850,1
23023493,0
23450913,1
23732749,1
22663405,0
22893275,1
22779113,1
22871834,1
22526015,0
22629698,1
23362324,1
22569204,0
22957425,1
22779230,0
23066566,1
23621362,0
23153512,1
23408845,1
22635275,1
22489779,0
22989514,0
23671847,0
22839858,0
22467301,0
23657102,0
23494813,1
23562237,0
22515740,1
22976561,1
22655618,1
23368033,1
23256357,1
23358638,0
22639711,1
23033148,0
22926154,1
22456792,1
22901102,1
23008534,1
23342313,1
22505188,0
22404177,1
23583761,1
23274263,1
22530687,1
22405509,0
22800167,1
23293055,1
22360711,0
23397085,1
23509352,1
22529659,1
22481488,0
23523055,1
22583070,0
23587318,0
23601272,0
22650343,1
22529437,0
23240242,0
23607349,1
23205479,1
22568840,0
22442421,1
22553966,1
22533868,0
22928864,1
23659318,1
22937458,0
22434439,0
22411829,0
22824553,1
23633649,1
22699055,0
22383678,0
22592148,1
23248077,1
22342375,1
23176970,1
23157819,0
22669479,0
22967442,1
23602026,0
22461186,1
22569343,0
22661819,0
22761310,0
23100715,1
23316197,0
22901416,0
23339259,0
22894387,0
23725232,1
23195482,1
23491363,0
23269505,1
23101309,1
22617662,1
23431383,1
22646939,1
22622220,0
23655524,0
22354555,1
22872135,1
22856091,1
23684880,0
23146068,1
23505792,0
22920634,0
23518752,0
23733829,1
23226296,1
23113440,0
22688266,0
23421436,0
23121148,1
23066849,1
22710203,1
22915706,0
22778105,1
23257429,1
23562032,1
23658112,0
22495813,1
22853517,1
23468887,1
23457451,1
23449288,1
23353535,1
23519150,1
23163583,1
22982765,1
22367984,0
23418159,0
23259187,1
22516613,1
22537016,0
23419989,1
23190131,0
22978671,0
23073461,0
23753792,1
22349581,1
22701326,1
23209828,1
23440583,1
23258657,1
23751813,1
23318702,1
22765069,1
23377071,0
23083697,1
22369336,1
22725777,1
22985483,1
22502503,1
23021696,1
23176128,1
23277604,1
23156686,0
23273607,0
23476053,1
22506323,1
23481956,1
23345994,1
22658131,0
23004311,0
22793989,0
22691463,1
23175880,1
22332089,1
23084206,1
22493774,1
22923769,1
22513430,1
23705005,0
22850007,0
23614839,0
22811005,0
23558404,1
22388283,1
23345586,0
22375273,0
22446297,1
23558810,1
22548729,1
22438273,1
23471388,1
22905992,1
23206068,1
23440074,1
22610310,1
23697483,1
22525555,0
23343972,1
22567232,1
22582932,1
22593980,1
23188674,1
23037292,1
23078881,0
23413641,1
22432533,0
22614706,1
22350289,0
22505639,0
23506442,0
23283615,1
23404925,1
22791090,1
23152740,1
23066662,0
22633702,1
23440323,1
23408439,0
23000895,1
22876195,1
23382647,0
22439005,0
22801465,0
23155469,0
23756697,1
23345367,1
22470279,1
22462675,0
23512576,1
23268787,1
23091187,0
22720145,0
22657811,1
23608631,1
23703676,1
22450195,1
22602665,1
23219758,0
23614057,0
23085796,1
22919228,1
23178441,1
22568549,1
22471320,1
22396395,0
22430430,1
22737038,1
23393041,0
23531674,1
22992927,1
23684566,1
22366284,0
23638698,1
22596459,1
23388239,1
23428811,1
23184813,1
23703839,0
23757036,1
22924400,0
22671083,1
23104924,1
22650600,1
23253489,0
23512869,1
23064660,1
23315252,1
23693442,1
22499093,1
22661525,1
23655305,0
22356448,0
23187123,1
22857188,1
22579339,0
23034100,0
23478603,1
23238604,0
22430086,1
22916028,0
22382311,0
23727697,0
23026370,0
22964457,1
22775312,0
22737241,0
22663275,0
23375354,1
22440001,0
22748439,1
23112220,1
22852923,0
22522449,1
23097518,1
22529874,1
23297050,1
22905035,1
23496102,1
22525157,1
23692394,1
22593150,1
23589862,0
22766234,0
22687751,1
23248153,1
22713695,1
22526122,0
22688942,0
22897787,1
23722337,0
23046691,0
22734788,1
22789806,1
23291001,1
23714858,1
23096920,1
23701473,1
22815333,1
22466059,0
23161960,1
22550365,1
22423930,0
23292940,1
23151765,1
22505385,1
22623955,1
23303671,0
23620739,1
22925695,0
22446983,0
23480814,1
22990399,1
23738579,0
22461778,0
22736436,0
22454099,1
23222464,0
23540332,0
23602084,1
22933303,1
22882735,0
22459442,1
23062740,0
23394027,0
22902831,1
22806146,1
22693729,1
22676063,1
22841689,1
22952500,1
23149516,1
22724653,1
23484843,0
22828641,1
23357710,1
22739526,1
22486754,1
23279274,1
22975929,0
23346231,0
22557130,1
23729022,1
22597322,0
23714358,0
23496525,0
22491663,1
22410287,0
22330177,1
23410146,0
22615013,1
22565586,0
22453463,0
22832492,1
22551008,1
22847404,1
23269443,1
23114458,0
23710197,1
23579586,1
22710124,1
23150940,1
23021569,0
23694936,0
23355579,1
23590858,1
22985166,1
23517435,0
23760960,0
22999128,1
23290666,0
22429889,1
22405850,0
22582479,1
22348629,1
22353802,1
22960932,1
23104100,0
23366432,0
22645643,0
23446453,0
23243811,1
23039430,0
22955222,1
22452420,1
22341978,1
23731322,0
23644196,0
23190634,1
23657027,1
23391085,1
23720022,1
23262686,0
22606726,1
23273817,1
22853660,0
23528339,1
22676904,1
22902808,1
23393989,0
22608387,1
22892293,1
22964302,0
22901129,1
23086339,1
22824871,1
22780381,1
22511097,0
22803715,0
22721281,1
23247807,1
23371238,1
22940578,0
22771178,1
22994133,1
23760709,1
23549216,0
22783134,1
23359349,0
23087718,1
22337117,1
22542827,1
23096547,1
22944819,0
23605300,1
22836969,0
23466190,1
23526478,0
23444810,1
22815999,1
23326938,0
22725548,1
22902119,0
23236623,0
23302144,1
23564955,0
23545252,1
23549200,0
22718295,1
23029660,1
22496143,0
23557775,1
22877892,0
23435934,1
22872402,1
23397749,1
23713292,0
23679831,1
22522454,1
23710930,0
23330784,1
22508244,1
23464295,1
23684049,1
22602578,1
22774163,1
22699272,0
23530828,0
22655069,0
22684909,1
22759264,0
22730461,1
23278311,1
23168631,1
23735783,1
23230101,1
23098461,1
22723799,0
23551191,1
22566031,1
22373181,1
22738376,1
23108444,0
22482184,1
22632248,1
23243822,1
23182872,0
23015111,0
23179518,1
23328564,0
22847823,1
23344328,1
22849836,1
22482105,1
22944619,0
22580469,0
22750559,1
23392334,1
23188135,1
23137727,1
23113158,1
23417251,1
23760125,1
23541517,1
23252790,0
22901253,0
23668411,0
22365310,0
22705256,1
23332131,1
23352760,0
22362856,1
23117477,1
23244385,0
23491073,1
23371465,1
23412086,1
23487746,1
22821967,1
22803569,1
22406091,1
22426528,0
23155290,1
22342425,1
23724905,1
23449037,1
22926953,1
23281720,1
23063853,1
23490184,0
23155360,0
22650421,1
22570960,1
22652521,1
23145574,0
22405926,1
22618734,1
22860985,1
22616737,0
22748926,1
22557961,0
22823896,1
22861185,1
23148161,1
23292626,1
23688087,1
22445526,1
22763661,1
23545586,1
23404026,1
23362966,1
22509445,1
23654722,1
23478903,0
22578009,0
22591445,0
23234265,0
23161706,1
22837806,0
22498947,1
22606215,1
23033520,0
22858536,0
23561020,0
22829541,1
23726873,0
23104982,1
23686437,1
23124002,1
22365494,0
22372219,0
22612292,1
22584119,1
23429625,0
23295208,1
22469021,1
22662376,0
22987825,0
23268832,1
22407390,1
23523505,1
23724233,0
22427005,1
22597281,0
23354045,0
23668636,0
23185503,1
22655450,1
23162911,0
23242143,0
23030939,0
23019719,0
22733576,1
23510064,1
23215334,0
23558741,1
23416760,1
23313058,0
22793109,1
22766848,1
23737429,0
23287271,1
22600806,0
23618618,0
23251130,0
22338854,1
22759579,0
23235865,0
22507183,0
22433786,1
22481982,1
23073435,1
23300137,1
23502495,0
22477173,0
23621503,0
22584533,1
23473434,0
22625175,1
22379145,1
23249312,0
22638898,1
22734695,0
23165437,1
23699762,0
23474097,0
22718505,1
23304780,0
22693741,1
23004820,1
22549358,1
22673602,0
23387404,1
22733198,0
23567461,1
22658305,1
22688424,1
23073852,1
23702926,1
22559586,1
23235885,0
22498090,1
23376803,1
23693673,1
23002154,1
22420157,1
23174558,1
23241965,1
22662486,1
22705063,0
23313305,1
23251901,1
22747774,1
23595596,0
23223290,1
23599715,1
23551466,0
22974629,1
22353455,1
23376536,1
22360130,1
23402370,1
23507671,0
23739448,1
23557180,0
22736118,0
22739651,1
22620706,1
23136461,0
23260934,1
22684963,1
22637058,1
22991366,0
22965887,0
22844136,0
22412232,0
22391948,1
22430045,1
22504670,1
22940025,1
22943053,1
22928987,0
22381777,0
23482621,0
22888477,1
23052399,0
23703363,1
22536892,0
23491116,1
23645672,1
23067355,1
23355866,0
23566282,0
23182465,1
23217044,1
23007692,1
23604492,0
23485373,0
23229413,1
23533676,0
22354919,1
23199449,0
23263543,1
23716282,0
23022780,1
23702608,0
23521701,1
22642546,1
22522053,1
23261227,0
23602068,1
23403461,0
23169168,0
22888408,1
23281882,1
23475514,1
23201098,1
23698816,0
22821433,0
23398090,0
23726006,1
22351096,1
22371139,1
23520495,0
22914434,1
23640303,0
23262195,0
22986242,1
22548433,1
23251596,1
23753843,0
23479841,1
23502072,1
23285704,1
22875324,1
23550181,0
23519188,1
22680027,1
22466497,1
22620204,0
22467038,1
23589476,1
22501676,1
22629572,0
23512099,1
23357036,1
23393554,0
23165977,0
23693058,0
22978333,1
23761407,1
23500760,1
22805735,1
22964713,1
22699108,1
22896801,1
23106440,1
23118100,0
23107496,1
22934089,0
22581269,1
23237072,0
23749890,1
22647158,1
23338584,1
23503029,1
22437566,1
22620094,0
22894711,1
23089548,0
23198720,0
22722548,1
22792792,0
22406173,0
23048348,0
22778196,0
22791713,1
22705985,1
23368572,0
23069837,0
22415001,1
23628927,1
23191085,1
22435528,1
23622100,0
22374910,1
23090557,1
23405400,1
22763472,1
23289706,0
22379462,0
22986893,1
23342799,1
23230136,0
23459914,0
23056195,0
22435902,1
23465480,0
22462501,0
23060680,1
23741787,0
22720916,1
23172615,1
23400783,0
23503030,0
22989811,1
23518634,0
23061306,1
23102955,1
22888773,0
22924339,1
22897191,0
23694707,1
23320063,0
23573686,0
22807435,1
23152053,1
23225750,0
22511114,0
23422463,1
22501845,0
22448950,1
23671722,1
22613021,1
23034985,1
22809289,1
23027078,0
22816547,0
22853093,1
22914373,0
23722386,1
23207057,1
22351719,1
23668777,0
23415187,1
23105328,1
23453268,0
23625474,1
22457307,1
23009621,1
22452046,1
23089962,1
22433515,0
22534796,1
22424769,1
23035127,1
22385727,1
23349921,1
22906474,1
23570952,0
22672782,0
22629153,0
23396561,1
22749127,0
23603657,1
22395008,0
23339561,1
23609580,1
23523992,0
22803665,0
22735472,0
22418823,1
22796724,1
23231616,1
22840684,0
22758108,1
22927466,0
23756792,0
23021712,1
22520603,1
22916271,0
23602299,1
23313401,1
23334805,1
22364342,1
22339271,1
23540359,0
23367131,1
22335916,0
23700773,1
23295014,1
23744243,1
23304953,0
22960209,1
22467464,0
23174190,0
22444177,0
22432275,1
23415748,0
23612537,0
23051686,1
23617182,1
23751462,0
22653774,0
23249132,1
22910027,0
22987595,1
22806960,0
22384154,1
23440596,0
22711072,1
23014879,1
23374147,0
22593876,0
23475790,1
23366665,0
22790456,1
23032148,1
23472664,1
22383458,1
22791735,1
22780869,1
23414873,1
22910609,0
23719515,1
23222699,0
23289366,0
23595416,0
23376229,0
22963082,0
23550167,1
22444503,0
23415308,1
22568588,0
23761061,0
23094766,1
22413692,1
22851330,1
22507355,1
22649052,1
22435490,1
23638864,0
22402160,1
22553587,1
23558212,0
22542546,1
22865694,1
22330829,0
23111418,0
22382823,0
23589185,0
23018008,1
22653260,1
23290027,0
22552645,0
22984973,0
23751738,0
22895456,1
22503542,0
23143010,1
22813265,1
22433263,1
22602715,1
22395140,1
22678977,0
22453767,0
22927454,1
22407427,1
22672859,0
22875440,1
22659945,1
22955615,1
22999440,1
23065995,1
22404446,1
22545882,1
22819486,1
23041915,1
22687340,1
22749037,1
23510396,0
23022373,1
23111777,1
22345197,1
22771073,0
23193833,1
23428810,0
23213363,1
22376573,1
22734318,1
23269169,0
22412196,0
22378750,1
22569598,1
23226858,0
23245471,1
23677299,1
22787116,0
22437598,1
23448157,1
23278460,1
22822439,0
22604563,1
22561969,1
22709007,1
23170621,1
23008989,1
22789422,1
22751896,0
23659176,0
23262642,1
23287888,0
23749291,1
22968395,0
23217455,0
23405431,1
23259863,1
23615629,1
23312708,1
22825617,1
22365897,1
23523971,0
22855758,1
23418535,0
23726324,1
22524725,1
22870661,1
23516154,0
22821367,1
23282296,1
22933222,1
22832082,1
22668354,1
22890892,0
23010836,0
22431694,1
22864952,0
22690779,0
22447735,1
22485752,0
23206839,0
23758699,0
23366271,1
23537507,1
22334392,1
23441944,0
23305322,1
22622342,0
22731534,0
23412014,0
22892368,1
23699537,1
23454533,0
23479942,1
23700844,0
22515684,1
23120102,1
22707410,0
22579737,0
23660130,1
23229391,1
23239938,1
22963414,0
23500747,1
23677701,1
22340574,1
23361876,1
23664391,0
23501251,0
22459043,0
22371428,1
22353396,1
22602606,1
23145535,1
23608091,1
22773113,1
22394118,0
23101044,1
22581782,1
22579329,1
23633908,1
23451024,0
22398123,1
23295122,1
23526722,0
23695401,1
23209631,1
22492786,1
23503781,0
22865604,1
23065903,1
22777390,1
23296398,0
23603561,0
23430650,0
22676170,0
23303834,0
22513495,1
23739241,0
23703718,0
22409710,1
22513594,1
22806584,1
23192980,1
23530925,0
22731473,0
23605969,1
22845443,1
22388880,0
22934789,1
22878775,1
23413121,0
22961336,0
22976058,0
22685265,1
23570807,1
23645540,1
23163656,0
22748406,1
23549408,0
23249785,0
22950014,1
23611138,1
23518058,0
22368481,1
23570076,1
23203995,1
23007035,0
22978761,0
23494248,1
23592254,0
23481752,1
22472043,1
23039264,0
23152342,1
22333278,1
22701828,1
23439913,1
22670382,1
23387189,1
22877483,1
22435193,1
22326778,0
23069500,0
23179571,1
23208188,1
23599408,0
23179492,1
23005942,0
23344231,1
23190622,0
23671194,1
23410381,0
23745675,0
22509670,1
22463086,1
22438152,1
22935833,1
23669498,1
23087888,1
23171787,1
22475308,0
23595791,1
23251266,1
22965539,0
23406587,1
23236881,1
23089711,1
22783886,1
23035540,1
23720638,1
23572224,1
22397268,0
23742870,0
23713059,1
22881620,1
23474596,1
22613121,1
22545501,1
22644649,1
22933930,1
22609881,1
22946911,1
23669904,1
22539612,1
23143558,1
23646512,0
23185508,1
23330920,0
23381307,0
23527724,1
23483179,1
23193588,1
22497959,0
22763892,0
23091608,1
23606089,0
22802614,1
22418558,1
22920332,0
23162095,0
23180772,0
22533672,1
22629845,1
22760025,1
23361870,0
23190480,1
23497987,1
22947580,0
23166522,0
23505764,0
23421060,1
22604843,0
23182390,1
22852081,1
22440094,1
23673272,1
22978517,1
22673347,0
22967494,1
22444420,1
23246311,0
23377906,1
22330840,1
22872971,0
23502787,1
23146316,1
22949243,1
22898891,1
23690239,0
22522769,0
23728633,1
23654691,0
23298954,1
23513664,0
22608570,1
22983912,1
23506031,0
22645711,1
22775299,1
23224326,0
23749555,0
23250241,0
22549020,1
23253430,1
23210478,1
22931834,1
22522028,1
22935026,0
22473875,1
23409951,0
22381090,1
22940910,0
22653040,1
23420301,1
22529147,1
23483946,1
22776540,0
23032595,1
22877033,1
23719018,1
22618398,0
22962624,0
23573451,0
23650594,1
22530023,0
23716079,1
22609921,0
23638513,1
23268440,1
23704366,1
23500619,0
23557343,1
23207691,1
23039107,1
23420686,1
22343857,1
23328764,1
23669375,0
23288978,1
23485109,1
22739999,1
22798933,0
22545329,0
22421513,1
22860240,0
23520539,1
23446565,1
22645427,0
23519157,1
23515358,1
22952190,0
22699104,1
22884558,1
23343101,0
23369190,1
23247214,1
23170270,0
23265927,0
23560958,1
23664136,1
22826548,0
22760833,0
22458845,0
23203296,1
23519118,0
23173768,1
23377902,1
23156775,1
23172644,1
22991206,1
22865422,0
22353707,1
23584639,1
23688900,0
22626710,1
22553828,1
23451359,0
23309619,1
23606902,0
23086185,0
23544041,0
22549575,1
22546575,1
22600369,1
22455766,1
23355094,1
22368206,0
22999555,1
23235516,1
23363378,1
23746543,1
22737229,1
22777703,1
22445605,1
22400549,1
22816703,1
22991432,1
22708479,1
23481822,1
22520362,0
23216399,1
22475562,0
22333610,1
22913387,1
22839949,1
23328751,0
23173480,1
22745056,1
23756448,0
23356559,1
23524908,0
23529944,1
22379619,1
23474149,1
23142634,1
22498583,0
23740000,0
22869000,0
22438523,0
23061580,0
22395002,1
23091973,0
23686494,1
23348398,1
22935968,0
22843498,1
23545484,1
23273496,0
22636170,1
22575078,1
23491646,1
23212505,0
22624412,0
23568326,1
22819298,0
22499711,1
23510398,0
22397879,1
23241616,0
22544060,1
22716215,1
23261630,1
23384642,1
22384505,1
23272104,1
23600049,1
23044351,0
23525013,1
23694613,0
23065870,1
23327309,1
22706321,1
23163302,0
22369332,1
22993681,1
23536901,1
23446482,0
22561948,1
22489638,1
23460629,0
23715127,1
23016275,1
23278570,1
22537537,1
23094331,1
23064700,1
22952841,1
23576712,0
23008445,0
22861677,1
22491362,1
23512556,0
23149342,1
23305235,1
22858118,1
22950750,1
22462135,0
23154372,0
22819395,1
22373850,1
22701006,0
22539579,0
23603388,1
23543658,0
22707431,0
23440361,1
22886852,0
23029583,1
22554684,1
22925512,1
22350461,1
23108050,0
22338189,1
23404832,0
22620079,0
22961864,1
22614670,1
23294177,1
23423962,0
23091901,1
23261484,0
22548848,1
22943764,1
22504152,0
22732720,1
23486686,0
22748710,0
23638791,1
23010423,1
23064862,1
22651993,0
23298705,0
22377726,1
23265922,1
22353420,1
23019966,0
23594761,1
23719581,1
23382173,1
22621401,0
22829696,0
22628529,1
23160145,1
22390253,1
22747918,1
23452779,0
22782602,1
22938857,1
23208119,1
22480260,1
23083606,0
23581879,0
22678747,0
23702116,1
22563819,1
22468734,1
22475745,1
22557726,1
22593371,0
23704526,0
22428382,1
23592071,1
23306851,1
22379795,0
23555468,0
23225784,0
22839329,0
23200882,0
23692123,0
22331608,1
22635495,0
23712247,1
23124689,1
23251770,1
23037459,0
22643764,1
22834785,0
22451639,1
22601391,0
23488100,1
22589799,1
22939777,0
22695952,1
23354739,1
23375616,0
23672100,1
23289591,1
22940374,1
23166568,1
22372174,1
23184036,1
22946965,1
23150658,1
23001342,1
22840865,0
22803613,1
23498616,1
23662729,1
23676830,1
22797389,0
22539574,0
23447998,1
22513589,1
23348243,1
23525901,0
22815093,1
23715365,1
23434868,0
22556489,0
22527044,0
23106594,0
22584511,1
22864799,0
22409899,0
22991138,0
23655831,0
22784109,0
23000364,1
23048324,0
23738138,0
23482379,0
23741532,1
23232721,0
22790973,0
22612916,0
23726130,1
23566696,0
22460620,0
23359911,1
22976200,1
23353441,0
23587816,0
22649705,1
22868608,1
23279414,1
23324553,1
22503484,0
22925838,0
22946696,1
22685699,0
23056978,0
22392902,1
23203654,1
23425460,0
23329790,1
22412719,0
23295741,1
23585763,0
23507467,1
23609628,1
23148944,1
23128644,0
22806974,0
22545398,1
22652283,1
22934800,1
23190064,0
22343708,1
22377817,0
22415146,0
23545829,1
23517419,1
23577564,1
22942612,1
23390045,0
23575737,1
23172836,1
23544491,1
22584667,1
22916634,0
23001883,1
23594721,0
23105808,1
22427491,0
23543591,1
23398232,1
23684928,1
22537552,0
23181160,1
22596015,1
23364945,0
22962640,0
23120156,1
22350075,1
23313497,1
23448617,1
23385218,1
23263727,1
23018950,1
22771820,0
22619229,1
22799299,1
23362086,1
23559246,1
22869480,1
22968910,0
23275839,1
22651580,0
22591557,1
22519293,0
22775046,1
23227192,1
22376049,1
22472625,1
23680562,0
23360250,1
22696082,1
23272977,1
23714177,1
22517668,0
23134535,1
22599757,0
23587678,0
23609655,1
22649428,0
22733413,1
22943676,1
23455322,0
22622054,0
23057277,0
23118976,0
22626871,0
22996017,1
22419733,1
23609259,0
23582552,0
22661793,1
22361078,1
22373765,0
22920741,1
22897570,1
22788126,1
22968792,0
22984968,1
22889544,0
23674328,1
22359244,0
22785487,0
23562116,0
23388476,0
23033289,0
22583016,1
22652383,0
22460617,1
23267680,1
23099158,1
23374935,0
22378988,1
22487424,1
23522657,0
22576652,1
22392965,1
22771384,1
23092501,1
23436305,0
23055677,0
23191788,1
22887808,1
23720401,1
22335924,1
22471067,1
23410207,0
23626569,1
23527804,1
23069088,1
22809451,1
23214625,0
23412242,0
23044584,1
22727750,0
23470226,0
23272165,1
22773222,0
23662574,0
22926625,1
23646353,0
22762008,0
23404552,1
23152583,1
23079302,1
22970647,1
22565646,0
23557543,0
22927752,1
23501282,0
23666689,1
23084400,0
22386681,0
23759105,1
22427382,0
23145947,1
23683891,1
22709063,1
22872612,0
23747639,1
23214834,1
23152957,0
23548106,0
22639810,1
22457592,1
23732329,1
23204573,1
23295250,1
22543772,0
23456415,0
22572553,0
22792453,0
22423904,1
22671868,1
23305060,1
22485149,1
22590238,1
22690539,1
23575621,1
23345809,1
22649369,0
22445584,1
22639511,0
23658657,1
22554513,1
22770546,1
22670774,1
22681591,0
23095007,0
23026095,1
23461371,1
22568467,1
23094537,0
23569683,0
22765008,0
23637412,1
23414032,1
22718769,0
23395163,0
23428544,1
22595330,1
23288730,1
22791070,1
22943845,1
22962600,1
22417432,1
22583571,1
23491557,1
23510805,0
22857016,0
23460095,1
23383867,1
22900467,1
23604227,0
23055661,0
23316660,1
22503586,0
22373311,1
22365398,1
23507754,0
23488526,0
23703352,0
23589827,1
22948932,1
23449179,1
23403141,1
23597993,1
22640021,0
22559799,0
22695357,1
23618993,0
22833439,1
22796430,1
22436374,1
22705061,1
22524704,1
23439226,0
23422483,1
23432613,1
22995784,1
23297429,0
22381983,1
23058573,1
22723233,1
23065326,1
22475684,1
22614443,1
22727874,0
22571599,0
23543620,0
22932653,1
23737155,1
22711400,1
22832870,1
22991859,1
22810269,1
22841741,1
23311196,1
22919491,1
22720165,0
23714222,1
22991126,0
23118171,0
22604024,0
22814536,1
22970207,0
23292016,1
23696681,1
23212541,1
23229552,1
23531942,1
23268826,1
23629215,1
22452391,1
22546696,0
22399502,0
23352555,0
22609417,1
23383233,1
22828091,1
22690571,0
23119999,0
23173370,1
23484877,1
22456758,1
23128074,1
22772569,1
22414565,1
22598904,0
23198587,0
22388442,1
23094165,0
23018253,0
23400337,1
23015246,0
22423070,1
22623260,1
22736383,0
23004766,1
22755918,1
23436760,0
23391689,0
23358573,1
23513624,1
22633526,0
22869372,0
23179102,1
22587552,1
23438750,0
23008640,0
22928154,0
22821306,0
22344870,1
22895710,1
23062817,0
22330467,1
23510709,0
22930774,1
23130800,1
23574989,0
22448652,1
22496365,1
22548356,0
22335372,1
22669093,1
22541874,0
22933666,1
22870037,1
22903598,0
23138651,0
22818703,0
22394158,1
22998473,1
22736321,1
23332513,0
22681876,1
23040718,0
22954341,0
23006641,0
22941354,1
22755880,1
23754058,1
23169501,0
22556576,0
22956593,1
23005525,1
22609664,1
23254768,1
23071912,1
23158708,0
22438261,0
22957506,0
22738107,1
23208775,1
23755861,0
23679401,0
22462532,0
22676232,1
22575049,1
23062669,1
23640365,0
22988370,0
22593288,1
23670985,1
23735412,1
23118717,0
23157103,1
23279570,1
22911341,1
23154070,1
23195606,0
22559219,1
22845721,0
22683928,1
23264622,1
23521866,0
22539748,1
23074736,0
23082719,0
23596323,0
22994210,0
22328298,1
22926761,1
23565957,1
23263333,1
22331924,1
22912884,0
23485573,1
22425596,0
22341138,1
22626572,1
23718305,0
22933221,1
23713512,1
22395512,1
23260005,0
22637510,0
22604929,1
22570596,1
22628824,0
23051288,1
22929884,0
23708361,1
22850870,0
22937629,0
22473029,0
23392587,1
23247549,1
22832998,1
23477140,1
22835346,0
22403968,0
22715011,1
22338270,1
22722176,1
22998930,1
22585420,1
22690267,1
23591131,1
22648245,1
22877968,1
23363686,1
22781306,1
23614332,1
22813643,0
22676727,0
22929374,0
22844836,0
22903516,1
23527625,1
23548722,1
23288850,1
22420604,1
22991644,0
22495834,0
23413958,1
22520519,1
22715408,1
23553593,1
22492391,0
22792022,1
23210617,0
23603953,0
22458311,1
22923042,1
22721938,0
22498945,1
22700305,1
22974283,0
23738802,0
22424301,0
23605748,1
23123458,1
23606016,0
23599984,0
22542231,1
22566209,1
23760425,1
23327712,1
22406891,0
22816570,0
23706557,0
23223623,1
23751442,1
23157378,0
22498888,0
22381779,0
23252627,1
23371712,0
23193532,1
23000486,0
22798603,1
22709010,0
22701149,1
23055662,0
22440310,0
22710998,1
22684910,0
22759561,1
23192984,1
23547277,1
23231676,1
23320601,0
23520888,1
23740930,1
23644483,1
23124907,1
23385508,0
22646840,0
23530165,0
23749574,0
22568821,1
22447464,1
23460910,1
22574381,1
22565225,1
22903483,1
22844216,1
23089088,0
23189642,1
22565128,1
23248196,0
23321979,0
22345609,1
23222017,0
23586488,0
23293038,1
22778361,1
22830244,1
22601140,1
22784272,1
23752459,0
23761044,0
23231171,0
23145473,1
23473784,1
22756439,0
22424179,1
23228489,0
22522094,0
22458964,1
23610261,0
22430459,1
23504400,0
22520500,1
22920464,1
22994649,1
22894846,1
22438129,1
22711295,0
22712388,0
23536523,1
23338742,1
22918947,1
22537678,1
23194656,0
23039761,0
22779963,1
23294308,0
23478513,1
22860032,1
23743490,0
23077856,1
23285091,1
22955927,1
23411058,0
23264718,1
22719869,1
23505106,0
23138521,1
23258790,0
23219708,1
22608981,1
22811501,1
22463560,1
22433473,0
23573275,1
23301799,0
23450487,0
22824523,0
22860325,1
22450789,0
23355508,0
23570313,1
23221700,1
23672564,1
23055429,0
23503520,1
22475989,1
22438384,0
22983990,1
23220140,1
22479711,0
23129893,0
23440575,0
23601286,1
22498883,1
23335555,1
23137453,1
23278169,1
23020826,1
23090848,1
22606556,1
23073418,0
23122438,1
22859845,1
22437809,1
23052311,1
23683650,1
22524796,1
22648487,1
22629726,1
22420023,0
23280374,1
23666477,0
22769773,1
22735023,0
22425771,0
22621216,0
22558649,1
22470251,1
23107935,1
23761429,1
22651113,0
23260236,0
23324756,0
23072133,1
23297312,1
23362358,1
22986643,1
22592100,0
22557832,1
22337983,1
23353362,0
23537856,1
23385301,1
23496386,0
23755304,1
22452818,1
22684143,0
22415736,1
22413845,0
23405941,0
22468405,1
22999179,1
22949549,1
22776801,1
22983952,0
22911120,1
23124166,1
22652892,1
23462593,0
23140637,0
23403485,0
22596148,0
23504350,1
23621931,1
23009576,1
22625776,0
22537422,1
23718097,0
23416385,0
23406062,1
23435730,0
22929611,0
22476226,1
22574934,1
22492102,0
22373992,0
23079120,1
23224582,0
23317089,1
23273243,0
23555172,0
22416252,1
23518645,1
23639456,1
22897547,1
22468458,1
22598477,1
22372132,1
23371392,1
22797200,1
23333384,1
22370716,0
22909740,1
23584449,1
23301526,1
22644914,1
22804059,1
22910361,1
22781351,1
23087033,1
23726133,0
22787749,1
22763963,0
23241584,0
22359957,0
23405799,1
23698213,0
23397857,1
22706748,0
22784160,1
23654988,0
23761828,0
22330679,1
22995434,1
22511423,1
23069487,1
23257285,0
22866063,0
23074255,0
22447421,1
23729579,0
23737174,0
22969183,0
22746601,1
23597786,1
23553678,0
23533757,0
23440775,1
23235230,1
23111174,1
22837975,0
22671887,1
22441431,0
23658187,0
22451838,1
23378806,1
22952532,1
23534535,0
23635571,0
22920111,1
23204046,0
23259681,0
22799995,1
23315537,1
22875603,0
23250665,1
23244456,1
23158965,1
23212400,0
22527113,1
23263080,0
23096160,0
23582387,1
22550446,1
22620193,1
23447003,1
23714265,1
22906247,0
22595282,0
23681114,1
23106947,1
23618628,1
22975944,1
23736160,1
22770903,0
23270238,1
22647331,1
23447916,0
22853887,1
23526119,1
22694029,1
23504116,1
22406601,0
23594066,1
23408688,0
22510177,1
22759639,1
23106991,0
22482544,1
23367708,1
23181155,1
22409611,0
22621662,1
23011109,0
23375734,0
23410617,1
23291109,0
23166012,0
23275035,0
22993257,1
23532947,0
22686365,1
22361840,1
23008205,1
23354129,1
23060655,1
22881773,1
23625949,1
23183625,0
23162148,1
22483727,1
23185821,1
22784092,0
23752718,0
23557974,0
23440320,0
23336230,0
22996562,1
23289224,1
23755514,1
23012602,0
23061399,0
22699751,0
23039592,0
23667099,1
22645727,1
23271303,0
22961799,0
23430501,0
23133581,1
23562742,0
22815269,0
22585312,1
23705211,1
22524932,1
23607100,1
23176435,1
23300328,1
22978845,1
23567486,1
22988334,1
22824923,1
23486035,0
23650798,0
23725889,1
23336538,1
22334429,0
23305790,1
23583886,0
23513114,1
22648324,1
22529803,1
22730236,1
23356782,0
22623966,0
22969005,1
23253310,1
23012463,1
23474388,1
23532473,1
23192334,0
22978501,1
22510198,0
23678679,1
22698792,0
23608896,1
23714847,1
23212375,1
23395017,0
23293025,1
23566899,1
23352447,1
22689856,1
23583515,1
23510242,1
22653676,0
22845599,1
23222883,0
22865744,0
23754368,0
22350140,1
23112121,1
22641512,1
23180390,0
23579405,0
22920724,1
22944788,1
23518595,1
23222828,1
23466810,1
23363536,1
23180262,0
23433745,1
22372924,0
22900518,1
22339459,1
22726657,1
22673414,0
23577414,0
23185682,0
22477500,0
23224372,1
23069579,1
23597190,1
22963364,0
22981467,0
23383026,1
22640818,0
22701804,0
22331126,0
23478818,1
22825655,0
23176067,0
23717210,1
23513341,0
23185721,1
23666765,0
22919786,0
22538490,1
23229693,0
22560547,1
23293616,1
23643805,0
23071950,1
23330236,0
22675223,1
23038681,0
22728986,1
23589054,1
22411977,1
22598047,0
23537564,1
22596457,1
22386010,1
23678545,0
23059004,0
22990814,0
23406254,1
23469146,0
23328493,1
23304445,0
23678535,1
22607336,0
22797488,0
23650852,0
23666934,1
22937361,1
23495971,0
23156669,1
23427746,1
22838833,1
23703239,1
23290560,1
23478308,0
23139047,1
23290256,0
22887364,0
23463190,0
23722919,1
22415439,0
22335486,1
22660712,1
23133891,0
23255603,1
23536314,0
23026640,0
22410589,0
22375449,1
22938475,1
23408104,1
23009821,1
22415301,0
23214576,1
22841510,1
22498979,0
22343529,1
22933251,1
22581738,1
23733132,1
22715070,1
22574989,0
23448345,1
23062563,0
23289457,1
22774098,1
23275352,1
22915106,0
23279489,1
22814497,0
23253371,1
22821320,1
23302085,1
22623530,1
23358731,1
23756506,0
23272909,1
23532735,1
22403025,1
23314597,0
22502769,1
22748248,1
22878703,1
23033450,1
22461449,1
23450161,0
22818888,1
23213211,1
23527751,1
22594364,0
23310543,1
22673898,1
23522544,1
22455560,1
22378484,0
22814618,1
22941214,1
23547803,0
23311789,1
23056089,1
23596208,1
22518792,0
22333337,1
22486187,1
22480994,0
22670181,1
23104493,1
23189453,0
23355665,1
22764444,1
23463699,0
22713680,0
23094937,0
23200204,1
23313032,0
23738881,1
23723956,1
23033662,1
23594957,1
23137672,0
23662736,1
23576833,0
22919669,0
23460531,0
22950813,0
22461679,1
22444013,0
23006031,0
23142720,0
23031793,1
22971861,1
23160535,1
23325327,1
23711152,1
23575117,1
23198033,1
23409940,1
23496093,0
22404850,1
23155799,1
23179111,0
23136194,0
23613907,1
22546418,0
22455079,1
23583896,1
22585046,0
23089977,1
23596112,1
23255363,1
22360104,0
23196400,1
23022118,1
22766621,1
23192818,0
23622261,1
22359526,1
22833046,1
22471518,0
22932914,1
22681058,1
23016875,1
22583986,1
23005881,0
22936088,0
23511354,0
23313131,1
23407458,1
22550809,1
22754859,1
23685748,1
22444210,0
23540830,1
23663585,1
22547141,0
23253585,0
22418452,0
23327503,0
23474852,0
23492811,1
23068911,1
22614071,1
23034608,1
23612687,0
22962823,1
23656395,1
22937919,1
22354160,0
23664471,1
22359660,1
23522027,0
22983519,1
23076462,1
23440944,1
22791523,0
22648566,0
22553479,1
22506308,1
22779296,0
23360362,0
22456172,1
22511658,1
22784502,1
23163803,1
23169925,1
22713642,1
23537949,1
22839319,1
22329740,0
23723908,1
23183659,1
22426893,1
22615047,1
23126921,0
23036164,1
23734216,1
23242064,1
23522815,0
22509008,0
23487339,1
22796005,1
22645730,0
22385007,1
22336561,1
23451069,0
23195989,1
22636710,1
23646665,0
22838647,1
23334496,1
22858969,0
23135597,0
23664113,1
23513942,1
22783974,1
22984969,1
23756399,0
23049515,1
22662903,0
22978002,1
23515472,1
22771349,1
22847410,1
23072335,1
23644812,0
23464088,0
22959916,1
22718920,1
23078263,0
22854190,0
23706717,1
22524857,1
22355290,0
22558844,0
22739456,1
23305552,1
23176933,1
22913471,0
22747549,1
23653619,1
22655709,0
23116394,1
22783516,1
22576273,1
23159495,1
22650258,1
23145100,1
22859360,1
23297194,1
23581537,1
22902225,1
23070712,1
22646196,1
23761473,0
23134138,0
23037012,1
22506564,1
23761786,1
23505891,1
23424837,1
22993028,0
22590672,1
23129441,0
22437597,1
23017472,1
23283851,0
23128746,1
23135762,1
23064809,1
22862509,1
22623746,0
23699297,1
22947194,1
23633193,0
23443266,1
23277274,1
23345618,0
22759050,1
22689534,1
22830210,1
22713612,1
23263075,0
23366774,1
23525353,0
23382413,0
23640718,1
22527379,1
23088545,0
22800915,1
23187614,1
22778701,1
23337994,1
23709518,1
23498895,1
23573208,0
23309161,1
23205322,0
23633168,1
22792005,1
22681314,1
23234878,1
23755050,0
22824695,1
23111685,1
22799124,1
22812618,0
23738935,0
23533469,1
22698095,0
23536440,1
22541936,1
22758716,0
22370811,1
23077485,1
22599156,1
22699841,1
22814933,1
22433402,0
22490996,1
23353366,1
23256934,1
22901141,0
23315266,1
23112908,0
23414076,1
23366448,1
23152836,1
22972278,1
22844716,1
22444125,0
23208169,1
22478487,1
23169142,1
23438995,0
23464741,1
23584937,1
23028663,0
23229955,1
22879360,1
22669795,1
22423655,1
23202958,1
22889125,1
22834971,1
23164121,0
22989944,0
22636509,1
22846866,0
23501237,1
22511795,0
23581978,0
22585172,1
23606071,0
23218474,1
23480283,1
22897804,0
23480718,1
22712131,0
23261533,0
23446394,1
23213064,0
23160011,0
22960859,1
22402154,0
23233859,1
23679939,0
23257872,1
23178628,1
23414598,1
23518901,1
23469929,1
23738012,1
22649657,1
23433057,1
22345950,0
22369209,0
22476040,0
22327689,1
22978748,1
23360479,1
23143621,1
23229727,0
22662927,0
22981535,1
23099553,1
22542959,1
22505093,0
23650759,1
23103654,1
23654470,0
23376634,1
23641849,0
22559836,1
23220190,0
23639051,1
23109196,1
23141980,1
23065310,0
22445843,1
22645669,1
23731726,1
23663335,1
22390463,1
23565219,1
22875407,1
23380361,0
22820666,1
23118319,1
22921463,0
22657651,1
23527569,1
23351960,0
22984818,1
23619487,1
23185211,1
22569661,1
22354506,1
22649163,0
22883325,1
22821180,0
23058138,1
22576376,0
23274499,1
23292276,1
22878907,1
23034271,1
23034627,1
23672210,0
23204360,0
23189423,1
22570170,1
23617264,0
23420903,1
22832900,1
22955511,1
22871791,1
23273498,1
22948324,1
23290548,1
23285865,0
22341465,1
23303127,1
23309351,1
22999686,1
23740058,0
23638108,0
23391629,1
22832857,1
22891199,1
23612437,1
22399669,0
22420961,0
23538770,1
22991979,1
22435645,0
23185864,1
22944469,1
22521915,1
22925683,1
23556646,1
23114483,0
22731234,1
22601106,1
23263574,1
23457084,1
22359408,1
22603266,0
22804186,0
22431171,1
23379429,1
22408431,1
23214760,1
22603410,1
23561525,1
22948474,1
23609184,1
23021137,1
22472951,0
22534436,1
23458372,1
23580167,0
23754383,0
22621067,1
22768889,1
23675340,1
23165870,0
23268587,0
23500978,1
23744017,1
22969938,1
22835151,1
22384277,1
23469046,0
23573317,0
23166709,1
22978704,0
22508071,0
23606944,1
23491704,1
23105648,0
22773198,1
23382908,1
22704941,1
22783171,1
22515623,1
22540563,1
23364896,1
23521812,0
23499905,1
22670258,1
23752506,1
22457579,1
22833690,1
22679775,1
22327808,0
23435350,1
22847996,0
23430323,1
22922863,1
23230158,0
22959900,1
23414728,1
23294862,0
22493989,1
22647154,1
23022630,0
23015942,1
23598084,1
23312457,0
23336202,1
23627436,1
22593483,1
23590969,1
23605495,1
23218200,1
23738345,0
22964022,1
23580786,1
23014751,1
22936261,1
22844500,0
23418047,0
22701179,1
22889423,0
22381788,1
23299425,0
23294060,1
22927912,1
22819333,0
22329222,1
22653487,0
23037429,1
23060046,0
23169339,1
23445923,1
23210644,1
23056060,1
22492615,0
22365772,1
22816131,1
22751102,1
22444909,1
23108151,0
22999510,0
22703722,0
23465245,0
23401102,1
23331842,0
22696022,0
23067855,0
23512390,1
23135815,1
23741601,1
23077682,0
22532773,0
23654682,0
23581483,1
22961311,0
22722180,1
22437905,0
22412491,0
22445031,0
22832883,0
23380629,1
22453070,1
23756780,1
22424347,1
22487519,1
22894841,1
22712674,1
23524696,1
23645043,0
23214855,0
22591981,1
23635371,1
23058559,0
23344871,0
23053156,1
23370204,0
23567503,1
22394920,0
22710468,0
22906786,1
22828377,0
22667456,1
22428058,1
23449359,1
22339669,0
23468391,0
23558764,0
23744500,0
22840281,1
23660285,0
23731166,1
22417498,1
22434079,1
22570684,0
23319364,1
23040221,0
22693735,0
23547009,1
22958411,0
22414792,1
23618725,1
23705312,1
23061136,1
22530167,0
23321542,1
23262394,1
22755509,0
22857257,1
23692582,1
22860846,1
22590124,1
23485234,0
23220707,1
23480933,0
22704648,1
22364813,1
22377500,1
23304819,1
23510258,1
23164228,1
22801821,1
22689626,0
22768090,1
22985105,0
23264301,0
23006166,1
22747395,1
22636132,0
22543830,1
22577091,0
23380052,1
23641434,1
22975939,1
23649326,1
23604990,0
23680291,0
23610735,0
23444919,1
22643295,1
22493104,1
23618444,0
22742571,0
23479352,0
22492332,1
22327419,1
23695216,0
23313986,1
23224567,0
22721829,1
23651311,1
23417883,0
23380973,1
22666802,0
23535677,1
22788550,1
22392010,1
23720494,1
22754016,1
23464240,0
22667585,1
23631496,0
22882758,1
23563423,0
23423740,1
22877201,1
22571318,0
22449520,1
23601827,1
23703688,0
22600813,1
22992998,1
23501345,0
22992364,1
22480143,0
23657208,0
23601984,1
22975269,0
23485748,1
23153037,1
23176331,0
23378451,1
22337306,1
22508945,1
23112582,1
23248658,1
23290374,1
23639934,0
23416353,0
23508716,1
23745920,1
23718318,0
23365346,0
22461792,1
22617040,1
23369786,1
23017068,0
23444864,1
22606645,1
22788722,1
23039646,0
23761467,0
22843773,0
23127126,1
22546746,0
23258507,0
23112641,1
23086714,0
23006339,1
23263777,1
22725845,0
22724622,1
22525649,1
23525814,0
22562869,0
23466506,0
23005241,1
22643872,0
22426699,1
22448681,0
23222261,1
22998633,1
23626420,0
22873774,1
23720027,1
23115034,1
23250197,1
22568141,1
23659195,0
22688934,0
23688583,0
22687248,1
22982155,1
23754215,0
22911943,0
22653184,0
22730889,0
23116361,1
22669919,1
22822407,1
23205078,1
22390482,1
23533456,1
22601526,1
22839388,0
23601806,1
23467481,0
23619664,1
22956279,1
23279989,0
22328996,1
23474450,1
23597647,0
22484481,0
23552727,1
22330564,1
23696938,1
22882437,1
23036990,1
22429741,1
22439663,1
22603585,1
22371166,1
22986264,1
22436104,0
22761175,1
23241229,0
22853962,1
23463718,0
23060935,0
23326805,1
23449966,1
22623673,1
23473506,1
23326176,0
23318495,1
22758856,1
23699440,1
23426274,0
22766646,0
22388707,1
23519831,1
23179563,1
22601666,1
22776224,1
22343338,1
23263280,0
22807199,0
22489116,1
22998890,0
23087059,0
22530441,1
23084506,0
23568651,1
22500744,1
23510479,1
22647979,1
23077589,0
22743837,1
23050111,0
23575867,1
22431016,1
22606908,0
23259093,0
22483254,1
23125575,0
23148560,1
23279142,1
22873455,1
23027576,0
23625665,0
22580311,1
22769371,1
23731778,0
23527375,1
22665773,1
22789030,1
22378016,1
23732598,0
23303199,0
23549590,0
22854605,1
22514059,1
22669787,0
23074797,1
22550313,1
22591225,0
23540287,0
23600717,1
23098824,0
22743290,0
22616634,0
22918092,0
22418215,1
23697843,0
23465624,0
23346229,1
22844328,0
23712671,0
23681889,1
22948776,1
23709373,1
22680299,0
22422723,0
23408370,1
22388416,0
23394884,1
23557287,1
22906733,0
22568311,1
22334106,0
23392930,1
22457275,1
23083834,1
22376621,1
22953834,1
23269906,1
22696200,0
23291899,0
23494504,1
22354493,1
22702327,0
23211243,1
22329034,0
22622173,1
22608599,1
22536845,1
23649446,0
22837945,1
23285783,1
23460829,1
23509986,1
22719979,0
23359789,1
23057111,0
22758230,1
23550828,1
22643004,1
22571713,1
22399735,1
23426117,0
23754820,1
23409946,1
22967060,1
23348002,1
22490546,1
23124621,1
22409835,1
22839035,0
23328448,1
22807235,1
23754242,0
23149273,1
23743699,0
22521591,1
23226527,1
22972732,1
23695856,0
23300782,0
22979972,0
23451416,0
22723714,1
23491146,1
23004409,0
23593637,0
23172526,0
23079756,0
22659580,1
23315757,1
22908199,0
23019297,1
22398752,1
23022556,0
23377803,1
23262464,0
23506974,0
22713592,1
23699222,0
23286550,0
22732995,1
22737607,0
22855574,0
23724512,0
22770380,0
23318460,1
23743318,0
23438274,1
22723050,0
23185499,0
23299920,0
22528086,0
23287811,1
23737095,1
22466101,1
23578461,1
23463892,1
23714681,0
23370820,1
22444163,1
22390338,1
23680812,1
23536830,1
22686577,1
22731442,1
23514579,1
23568191,0
23390573,0
23358315,1
22893203,0
23084548,0
23599215,0
22422190,0
23670493,1
22439791,1
23321310,1
23368986,0
23020025,1
23340045,0
22452115,0
23257899,1
22791127,0
22843960,1
22826239,1
22397411,0
23631284,0
23065551,0
23482618,0
22598545,1
23305477,1
22656562,0
23004867,1
23756074,1
22765138,1
22563259,0
22386351,0
23564827,0
23620504,1
23147813,1
22581850,1
23497945,1
23039130,0
23349421,0
22926932,1
22888749,0
22928506,1
22574640,1
23404478,1
22597397,0
22517466,1
23506660,1
23162961,1
23180283,1
23311372,1
22690591,1
22407510,0
22456313,1
23432738,0
23600476,1
22705695,0
22429256,1
23446845,0
22848971,0
23679223,1
23369343,0
22398626,1
23726553,1
23073775,1
23063132,1
23734464,0
22657653,0
23508681,1
22873822,0
22832662,1
22410470,0
23266407,1
23471408,1
23159684,0
23188080,1
23447481,1
22963885,1
23727897,1
22437927,1
22967752,1
22835612,1
23355069,1
23502962,0
22976900,1
22514408,1
23133153,1
23001957,1
23215878,1
22338112,1
22678034,1
22926059,1
23513902,0
23427063,1
23462361,1
23586007,1
23385954,1
23263351,0
23074108,1
23203728,0
23059194,0
23472840,1
23060982,0
23441021,0
23365737,1
22609075,1
23729096,0
23657503,0
22849665,1
22731704,1
22884813,1
22939201,1
22575832,0
22795142,1
22956157,1
23550963,0
22606970,0
22977986,1
22850835,1
23229123,1
23360937,0
23448893,1
22420148,0
22903438,0
22690099,0
23271419,0
22645575,0
23424015,1
22643851,1
22892694,1
23262909,0
23699611,1
22797544,1
22672082,1
23629572,0
22675504,0
22688848,1
23373558,1
23638899,0
23060561,0
23558293,1
22755362,0
22637967,1
22950857,1
23144096,1
23691170,0
23161215,0
22861864,1
22745861,0
23417026,0
23010215,0
23095049,1
23430573,0
23087451,1
22697581,0
22791380,1
22374419,0
23202694,1
23749018,0
22935404,1
22847184,1
22551113,0
22932690,1
22350666,0
22780542,1
23729760,1
23224562,1
22528022,1
23056019,1
23316355,1
23492305,0
22739653,0
22831742,1
23021249,1
23136264,1
22845026,1
23749862,0
23377618,1
23107669,1
23340021,1
22962662,1
23601446,0
22426838,1
23155918,0
23667583,0
23060034,0
23177591,0
23718997,0
23722466,0
22805916,0
23392018,1
22419038,1
22598616,0
23613068,1
22516629,1
23760174,1
23644237,1
22564855,1
22849630,0
22965707,0
23054263,0
23215534,1
22776329,1
22808561,1
23060740,1
23245029,1
22972574,1
22353800,1
22472734,0
22632524,1
23357157,1
23281699,1
23659133,1
22568803,1
22746693,1
23281547,0
22564860,0
23058279,0
23128859,0
23420602,0
22534599,1
23127833,1
23550133,0
23664995,0
23748358,1
22939043,1
22864252,1
23500149,0
23695474,0
23005337,1
23739859,1
22567058,1
22748085,1
22390559,0
22336808,1
22409721,0
23756421,0
22772588,0
22828965,0
22887187,0
23354475,1
22355304,1
22522030,1
23567719,1
22753381,1
22436560,0
23270421,1
22573188,0
22414685,1
23438520,0
23337134,1
23360456,0
23173969,0
23616713,1
23337428,1
22857978,1
22569383,0
23205953,0
22936849,1
22664676,0
22909601,1
22344747,1
22744530,0
23538855,0
23400281,0
22964191,1
22833428,1
23575445,0
22812255,0
23477615,0
23731394,1
22939670,1
23724342,1
22354002,0
23760886,1
23448680,1
22905074,1
22777150,1
23402107,1
23758033,1
23283355,0
22652141,0
23089399,0
22745304,1
22745928,1
22578424,1
22550110,1
23498479,1
23210799,1
22689064,1
23246861,1
23506513,1
22832541,0
22387443,0
22833521,1
23089901,0
23730375,1
23707623,0
22955585,0
23384099,1
22468776,1
23186328,0
23175996,1
22930944,1
22503918,1
22380359,1
22386530,1
22995693,0
22525708,0
22537925,0
22570325,1
23438059,1
22900872,1
23001904,1
22710909,1
23522889,0
22666855,1
22780995,0
23105458,1
22465279,1
23423286,0
22716898,1
22427631,0
22411235,0
22704069,0
23423420,1
22602804,0
23726571,0
22719099,1
22849852,0
22843547,0
22582654,0
22807300,1
23599808,1
23697539,0
22978719,0
23382558,0
23424330,1
23442568,0
22594445,0
22462145,1
23168164,1
23232205,1
22356890,1
22984026,0
22712783,1
23650006,0
22475934,1
22970402,1
23510061,1
22790240,1
23211942,1
22421763,0
22940201,0
23016124,1
22975715,1
23520636,0
22501197,1
22804786,0
23243651,1
22522971,1
22577147,1
22407221,0
22835895,0
23660055,1
23428061,0
23610014,1
22602547,0
22442214,1
23456043,0
23523392,0
23090144,0
22751135,0
22400757,1
23141892,0
23695976,1
23618884,1
23296831,1
23039671,1
23284327,1
22387742,1
23613667,1
22541118,1
23362546,0
22888587,1
22778550,1
23296040,1
23666529,1
23100404,0
23590933,0
22445366,1
22765738,0
22537898,0
22975937,1
23379314,1
23468653,0
22607082,1
23744470,1
23331870,0
22932703,1
22429414,0
22352255,0
23705264,1
23579720,0
22819452,1
22520758,1
23121511,0
23643554,0
22856226,0
23326408,0
22347585,1
23201807,1
23168482,1
22746660,1
23520531,1
23711540,1
22420901,1
23311592,0
22636906,0
23374760,1
22375672,0
23426727,1
22990573,1
22626892,1
23122245,1
23604756,1
22624309,1
23487798,0
23540837,1
22514602,1
23129101,1
23586996,1
22968944,1
23749729,1
22575550,0
22738360,0
23158366,1
23621031,1
23415051,1
22923777,1
22476246,0
22972583,0
22734497,1
22530402,1
23648540,0
23158292,1
23020609,1
23408314,1
23077897,0
22362018,1
23051300,1
22375776,0
22745002,1
22599568,1
23434717,0
23522173,1
23132166,0
22921401,0
23113001,1
23611353,1
22692368,0
22878163,1
22349133,1
22594273,0
23138574,1
23184356,1
22745083,1
23617581,1
22624949,1
23545292,1
23072877,1
22729659,0
23326369,1
22358958,0
23248072,1
23262426,0
22386787,0
22896970,0
23517098,1
23035291,0
22839741,1
23693450,1
23662685,0
22910424,0
23705289,1
22539617,0
23210336,1
23085998,0
23637493,1
23075715,1
22349924,1
22937031,1
23426867,0
22795045,1
22433823,1
23607444,0
23242650,0
22727572,1
23565544,1
22931798,1
23474222,0
22892194,1
23423961,1
22695629,1
23749934,1
23753791,1
23697447,1
22677857,1
22969102,1
22362228,1
23247716,0
23399494,1
23685097,1
23258425,1
22604119,1
23415810,1
22616991,1
22373939,1
23696487,1
22837465,1
23741411,0
22972905,0
23054893,0
23085235,1
22443627,0
22714023,1
23086161,0
22914766,1
22685406,1
23576829,1
23634652,1
23411355,0
23027549,1
22382903,0
22540096,1
23419096,0
22947501,0
22937191,0
23143526,1
22543698,0
23204661,1
23391676,1
22948778,1
22345124,1
23272185,1
22457914,0
23463623,0
23190218,1
23480595,1
22708849,1
22487466,0
23729702,1
22516276,1
22523125,1
23120858,1
23346938,1
22981864,1
23221956,0
23165230,1
23666665,0
22556755,1
22344365,0
23455897,1
23265957,1
22914898,1
23420527,1
23548084,0
23381568,1
22819551,1
23350810,1
23580506,0
23755343,0
23032467,0
22457435,1
23285710,0
22597408,1
22643516,1
23755757,0
22775932,1
23216505,1
22514868,1
23350691,0
22494010,1
22935715,1
23309959,1
23720839,1
23534031,1
22893743,0
23228603,1
23378513,1
22780257,1
22956883,1
22714453,0
23524410,0
22479529,1
22395956,1
22592469,1
22627856,1
23390485,0
23098534,1
22692969,0
23058473,1
23422505,1
23188055,1
23403350,0
23451506,0
22770884,1
22542530,1
23644685,0
23669974,1
23090618,0
22954480,0
23620261,0
22615482,1
22628177,1
23677343,1
23688640,1
22604226,1
22906901,0
22393324,1
23024222,1
23677776,1
23194858,1
22524482,0
23342929,0
23369525,0
23090164,0
23430360,1
22385445,1
23655164,0
22933481,1
23165614,1
23724214,1
23487104,0
23162206,1
22539782,1
22512903,1
22466099,0
23588130,1
22368288,0
22772595,0
22595405,0
23421582,1
22491543,0
22337726,1
22526157,1
22496267,0
23391531,1
23575899,0
23397113,1
22492686,1
23185144,1
23503233,0
23727435,1
23661956,1
23400728,0
22435766,1
22940257,1
23234376,0
22351599,1
22906545,1
22403991,1
23071706,1
23621038,1
23584178,1
23273164,1
22411678,0
23640846,1
23713851,1
22586293,1
22337763,1
23123636,0
22852014,1
23008491,1
22644685,0
23666890,0
23535616,1
22652551,0
23097305,1
23032940,0
22953488,1
22589597,1
22710365,1
22876202,1
22358752,1
23167987,1
23549514,1
23436870,0
22884039,1
23112597,0
22513531,1
22337926,1
22651776,0
23228610,1
23343136,1
22762860,0
23393954,1
23613635,0
23205006,0
23344481,1
23430288,1
23580368,0
23237187,0
23399489,0
23105837,1
23620286,1
23727229,0
22752040,0
22849247,1
22438306,1
23598230,1
22505334,1
23682133,0
22864270,0
22621635,0
22570144,1
22383477,0
22893219,1
22465208,1
23675260,0
22436182,1
22864291,0
22628039,1
22489293,1
23009069,1
23051581,1
23534774,0
23721438,1
23240257,1
23431149,1
22494050,0
22409394,1
22858037,0
22515846,0
23590463,0
22458953,0
23023288,1
23750219,1
23471202,0
23480062,0
23490729,1
22666297,1
22406066,0
22494687,1
22948713,0
23396061,0
22413932,0
22686620,1
22348396,1
22740486,1
22340878,1
23657558,0
22329751,1
22432564,0
22490202,0
23531283,1
23324293,0
22922826,0
23076325,1
23625057,0
23300975,1
23112232,1
23657267,0
22609609,0
22585758,1
22462248,0
23014273,0
22369662,1
22634945,0
23445769,0
22858451,1
22918678,1
22924999,1
23168110,1
23226331,0
22410137,0
23245503,0
23034897,1
23545217,1
23244137,1
23435197,1
23327908,1
23062403,1
22747040,0
23523444,1
22813258,1
22505045,0
22999386,1
22592992,0
22857707,1
22337164,1
22608170,0
22626638,0
22987860,0
23090201,0
22985662,1
23390722,1
23123966,0
22769060,1
23725664,0
22961259,0
23221559,1
22541510,0
23718866,0
22925056,1
22808889,1
23723059,1
22890183,0
22673291,1
23420975,0
22724808,0
23030671,1
22434967,1
23277993,1
23726145,0
22625153,1
22402305,0
22688822,1
23012607,0
23722701,1
22884986,1
23684270,0
22721146,0
23299587,1
23569130,1
22559409,1
22747805,1
23673353,1
23291424,1
22657529,0
23509298,1
23328803,1
23364224,0
22730278,1
23038477,1
23150009,1
22576807,0
23629070,0
23151391,1
22578177,0
23199543,0
22730343,0
23592345,0
23429151,0
23407469,1
23072881,1
22988713,1
23313342,0
22501282,0
22706755,1
22962210,0
23291925,1
23642776,0
23181809,1
22631090,0
22556839,0
22774279,1
23081402,1
22954949,1
22412203,1
22327115,1
23300802,1
23234068,1
22626827,1
22394157,1
22530033,1
23182232,0
23386220,0
23657264,1
22603645,0
23085124,1
22502505,0
23415554,0
23216661,1
22765242,0
23030363,1
23182101,1
23621366,1
22754908,0
23665448,0
23169466,0
22482769,0
23565258,0
22780867,1
22429740,1
22408132,1
22506937,0
22957424,1
22369166,1
22832611,1
23710247,1
22678637,0
22906529,1
23521021,0
22764258,0
23201977,0
23628042,1
22747500,1
22673304,0
22953920,1
23729299,1
23495734,1
22481930,0
22652323,1
22825741,1
22882923,1
23748509,1
22479933,0
23581648,0
23463122,0
23351015,1
22961011,0
23003856,0
22932510,1
23710158,0
23056477,1
23539067,0
22764697,1
22361859,1
23562348,0
23574780,0
23726638,1
22633689,0
23319923,1
22547036,1
23628594,0
23377827,1
23441953,0
23222315,0
22651177,1
23348825,0
23389027,1
22998613,1
23121648,1
22863831,0
23227025,1
23159066,1
22402948,1
22588229,0
22470670,1
22555078,1
22423081,1
23732097,1
23228878,1
23145982,1
23707436,1
23507584,0
22504623,1
22866187,0
22845846,1
22816310,1
22683139,1
22901669,1
22680327,0
22672649,1
22866980,0
23433249,1
23625555,1
22497460,1
23180759,1
23253342,1
22956694,1
23659062,0
23089022,1
22421635,1
22512228,0
22893506,0
23368679,1
23473000,0
23267022,0
22391565,1
22369386,1
23012366,1
23155119,1
22500723,1
23201166,1
22367924,1
22673152,1
23653471,0
22883211,1
23055037,1
23326411,0
22960729,1
23372589,1
23353854,1
23313314,1
23120191,1
23624397,1
22968805,0
22389286,1
23455771,1
23342442,0
22497554,1
22918805,0
23251665,1
23265822,1
23070900,1
22482477,1
23315463,0
23690306,0
23427253,0
22724671,0
22680834,1
23476163,1
22643931,1
22869639,0
22955725,1
22847267,0
22709328,1
23547975,1
23004268,1
22396278,0
23449505,1
22396486,1
23305604,0
23039103,1
22517504,1
23674372,1
23194698,1
22504660,0
22990349,0
22745233,0
22785205,0
23565187,1
23399447,0
23005907,0
23350578,1
22984751,1
23760315,1
23417197,0
22475144,1
23121362,1
23300091,1
23039297,0
22515299,1
23126895,1
23598457,1
22864361,1
23271919,1
23499460,1
23588193,0
22598668,1
22675024,1
22370205,1
23611504,1
23361551,1
23737543,1
22828296,1
23002701,0
22672781,1
23239676,0
22944998,1
23305166,0
23337808,0
22961893,1
23710701,1
22557781,1
23737836,1
23097732,1
22679172,0
22883506,1
23273017,1
22936273,1
23362450,0
23166808,0
23194077,1
23199514,0
23346513,1
22392357,1
22449410,1
22852579,1
23169223,0
23227552,1
23563820,0
23391650,0
22922228,1
23265994,1
22742302,1
23226805,1
22458092,0
22417885,1
22931394,0
22498377,0
22824130,0
22510444,0
22957592,0
23323428,0
22596473,1
23117555,1
23480195,1
22949336,1
23695590,1
23390541,0
23461457,0
22790761,1
23256499,0
22834055,1
23479604,1
22828897,1
23446124,1
23447188,0
23276592,0
23256479,1
22759821,1
22462502,0
23193375,1
23654260,1
22393678,1
23006937,1
23405377,0
22735849,1
23510473,1
23707642,0
22620869,0
22393349,1
22361877,1
22994164,0
23052373,1
23019542,1
23597598,1
22630933,0
22958797,0
23473907,1
22912253,0
23278602,1
23050112,1
22790981,1
22961898,0
22653477,1
23190376,0
22795692,0
22887441,1
22831670,0
23412438,1
23213960,1
23134639,1
22530168,1
23169032,1
22537126,0
23686162,0
22349068,1
23190853,1
22919419,0
23620775,1
22461965,0
23312211,0
23065111,1
22526361,1
22935296,1
23385499,1
23180456,1
22422507,1
22355451,0
23550827,1
23148293,1
22826714,1
22618889,0
23202510,0
23613549,1
22810188,0
23099557,1
23239753,1
22989643,1
22839420,1
22636751,1
23153532,0
22543031,1
23078087,1
23193836,0
22729920,1
23455191,0
23696556,1
22453212,0
22948870,1
22615130,0
23558973,1
23342195,1
22824158,1
23554887,1
23639823,1
22443352,1
23468275,0
23318868,0
23296222,1
23245374,1
23592891,0
22774748,0
23351811,1
22807139,0
22706811,1
23500629,0
23721560,1
22764870,0
22835176,1
22480579,1
23251865,0
22671362,0
22557806,0
23272214,1
22516717,0
22693821,1
23624006,1
23140506,1
22868047,1
23522600,0
23519008,0
23343587,0
23479308,1
23333509,1
23676041,0
22810642,1
22970043,1
23593221,0
23283262,1
23087685,1
22342194,0
22512472,0
23045443,1
22473569,1
23241161,1
23662189,0
23590187,0
22331600,1
23269699,0
23645429,1
23346504,1
22796274,0
22500072,1
23459465,0
22975676,1
23094539,0
23345926,0
23237329,1
23313857,0
22386649,1
23019849,0
23291515,1
22944939,1
22929874,0
22812102,1
23668607,1
23510755,0
23326465,1
23272105,1
23730197,1
22597468,1
22743515,1
23137229,0
22771741,0
23138043,0
23400647,1
22735955,0
22330592,1
23551203,0
22744698,0
23712610,0
23061384,0
23600409,1
23019946,0
23229695,0
23334008,1
23680766,1
23244921,1
22698270,1
23619307,1
22860843,1
23304904,1
22562885,1
23729257,1
22954800,1
22685547,1
23266974,1
23621806,0
22991278,0
23321190,1
22878310,0
23366450,1
23465514,1
23329713,1
22813919,0
23305835,1
23111716,1
23042082,1
23162757,1
23317869,1
23249575,1
22584207,1
23294110,1
23398824,1
23327499,0
23634980,1
23660633,0
23171641,0
23686661,0
22382607,1
22886119,1
23499616,1
22941674,1
22686267,1
23388706,1
23465030,1
23073548,1
23073835,0
22545064,1
22684427,0
23419399,0
22478127,1
22762329,1
23301088,1
22999266,0
22522180,1
23174216,0
22774561,0
23111230,0
22672561,1
23209821,1
23643215,1
23532587,1
23541907,0
23731286,1
22639946,1
23023203,0
23202554,0
22667530,1
22566425,1
23695150,1
22610169,1
23162341,0
23567160,1
23100775,1
22995158,0
22788313,1
22645813,1
23625844,1
22889250,1
22454826,0
22363333,0
23732565,0
22509511,0
22612775,1
23458311,0
23699375,1
22466000,1
23456652,0
22965866,1
23239019,1
23472782,1
23563361,0
23750233,1
23359457,1
22339819,1
22963146,1
23461826,0
22410327,1
22619949,1
23240133,1
23256505,0
23688746,1
22874364,1
23395511,1
23622078,1
23085631,1
22831165,0
23647863,1
22933441,1
23270181,1
23004225,1
23129255,0
22517969,0
23199916,1
23365042,0
23237136,1
22844315,1
22982742,0
23413311,1
23270141,1
23343108,1
23291185,1
22617603,1
23102980,1
22915093,1
23158923,1
23409152,0
23585743,0
22808292,1
22404407,1
23338534,1
22885207,0
23170568,1
23223156,0
23308944,0
23569500,0
23756001,1
23636902,1
23123029,0
23032718,1
22361332,0
22348158,1
23575112,0
22638366,1
23374450,1
22870601,1
22339582,0
22832530,1
22604627,1
23026332,0
23445864,0
23479882,0
22580515,1
22447897,0
23753163,1
23629567,1
22670535,0
22412307,1
22599982,1
22429316,0
23545617,1
23000175,1
22451523,0
23591046,0
22345729,0
23171020,1
23044205,1
22538353,1
23484205,0
22713958,1
23496069,0
23586090,1
22386904,1
23003687,1
23531645,0
23294942,1
23733004,1
23228405,1
22515803,1
22748475,1
22666623,1
23277845,1
22707381,1
23292550,1
23240579,1
22979239,0
23283759,1
23307790,0
23704389,0
22949959,1
22770248,1
23661082,0
23305387,0
23760300,1
22983464,1
23468432,1
22848112,1
22807969,0
22785661,1
22486853,1
23497551,1
22561914,1
23019029,1
23246314,0
22918560,0
22732860,1
22794059,1
22949870,0
22766056,0
22383631,1
23233186,1
22434761,0
22518270,0
22418198,1
22500715,1
22437170,1
22396661,1
23622326,0
23559432,1
23279286,1
22706158,0
23194462,0
22503234,0
23193161,1
23247047,1
22797047,0
22604567,0
23714773,0
23316205,1
22572860,0
23252499,0
22422489,1
23488792,1
22690260,1
22587387,1
22437707,0
23588048,0
22421007,1
23504067,0
22851791,0
22366796,1
23434138,0
23134345,1
22779632,0
22931634,1
22485501,1
23493309,1
22331168,1
22978235,1
23047875,1
22577373,0
23221955,0
22381609,1
22679604,1
22518486,0
23189302,0
23196235,1
23218608,1
23527305,0
22845861,0
23438262,1
22783175,0
23165848,1
22355874,0
22526524,1
23017078,1
22751194,0
23580002,0
22367715,1
23526176,1
23157546,1
22569874,1
22623145,1
22770499,0
22578243,0
23140168,1
22807971,1
22461745,0
23060027,0
22903203,1
23065311,1
23411552,1
23331215,0
22852188,1
22940330,1
23651402,0
22831736,1
22643417,1
22794505,1
23370998,0
23273655,1
23092744,1
22343658,0
22929466,0
22512292,1
23546147,1
23618890,0
23159797,0
23701041,1
23192265,1
22409743,1
22736910,0
23686078,1
22917504,0
23393105,0
23043528,0
22690669,1
22989595,0
22767080,0
22798559,0
23743086,0
22534111,0
23632702,0
22444306,0
23369415,1
23030470,1
22533276,0
23617572,1
22491636,0
23309051,1
23343854,0
22445496,1
23760842,1
23484505,1
22704806,1
22353429,1
23326242,1
23249514,1
23354513,1
22533315,1
22977096,0
22434298,0
23346138,0
22840121,1
23428258,1
23363173,1
22663098,0
23076450,1
23037482,0
22428213,1
23163816,1
23631806,0
23562736,1
23273609,1
22937656,1
23488704,1
23662219,1
23045983,1
23255846,0
22393517,1
23015824,1
23222372,1
22331538,1
23232550,1
23212390,1
23281946,1
23336323,0
22892602,0
23213346,1
23067233,1
23556151,0
22342754,0
23310352,1
22374998,0
22704641,1
23506355,0
23029246,1
23465275,0
22395629,1
23496422,1
23338405,1
23587737,1
22605590,1
22519640,0
23755067,1
23367576,1
22866857,1
22574506,1
23421701,0
22625060,1
22329110,0
22487785,0
23712201,1
22510965,1
23397786,1
23205271,1
22914206,1
23670741,1
23712056,1
22405921,1
23081256,1
22879775,1
23425432,0
22332886,1
22593444,0
22386416,1
22886814,1
22882219,1
23503334,0
22906898,1
22364856,0
23758303,1
23233101,0
23353126,1
23311737,0
23130516,1
22829465,0
23420566,0
22497336,1
23759054,1
23181374,1
22372689,0
22498661,1
22603928,1
23669943,1
22807747,0
22405707,1
22901547,0
23598964,1
22730505,1
22402446,1
23756922,0
23473942,1
23052743,0
22769116,1
22444075,1
23209051,1
22549046,0
23004661,1
22889519,1
22714468,0
23741004,0
22938329,0
23250717,1
22664505,1
22348327,1
22765135,1
23028613,1
22329657,1
22851578,1
23216000,0
22902359,1
23300443,1
22913467,1
22826118,0
23116864,1
23434319,1
23143279,0
23513328,1
22959373,1
22903727,1
23015314,1
23155463,1
22919757,0
23396411,1
22816436,1
22581683,1
23002114,0
23295812,0
23004346,1
23185878,1
22609569,1
22487472,1
23701477,0
23608028,0
23579091,0
22657705,1
22370826,1
22424866,1
22960017,1
23096782,1
23599964,0
22670650,1
22737053,1
22781615,1
23141403,1
22590451,0
22688421,0
22405846,0
23022664,0
23082005,0
23233790,0
22949281,1
23358227,1
22341184,0
23191884,0
23724471,1
22392021,1
22691251,0
22897521,0
22920289,0
23066271,1
23217112,0
22357985,1
23717254,1
23495282,1
23258333,0
23035805,1
23013674,1
23404795,1
23486851,0
23273091,1
22390069,1
22691511,1
22804367,1
23262559,1
22610901,1
22952071,1
22987467,1
22610155,1
22388957,1
23656404,1
22931204,1
23263263,1
22913848,1
23143345,0
23198348,1
22554230,0
22863010,0
23601232,1
23652896,1
23663166,1
23592980,1
22362501,0
22860099,0
22579792,0
23429656,1
22568062,1
23166622,0
23189086,0
23754618,1
23161696,0
22569641,0
22654313,1
22338700,1
23298655,1
22385497,0
23499900,1
23161818,1
23302734,0
22425332,0
22910518,1
23480320,0
23188265,1
23522576,0
22663733,1
23122932,1
22598429,0
23568437,1
22968860,1
23078358,1
23443280,1
22582686,1
22698314,1
23717215,0
22549632,1
23440349,1
22659890,1
22778840,1
22401646,1
23401401,1
23135034,0
22663326,0
23205076,1
23326135,0
23321952,1
22719988,1
22554226,0
22826514,1
22367372,1
22645532,1
23402036,0
22551877,0
23089007,1
22843094,1
22466097,0
23466466,0
22915778,1
22504913,1
22845869,1
23595361,0
23481342,0
22579954,1
22513475,1
23630187,0
23680674,0
22825472,1
23385948,0
22456153,1
22631315,1
23248703,1
23087666,1
22634923,0
23038426,0
22605856,1
22491055,0
23630510,0
22905051,1
22524896,1
23375771,1
23182416,1
23690905,0
22353274,0
23158210,0
22592365,1
22816008,1
23358272,0
22853457,1
23197913,1
23737774,0
23689762,0
22796843,1
23152811,1
22876607,1
22731510,0
22975295,1
22994849,1
23036331,1
23505156,1
22962121,0
23456238,1
22384909,1
23146725,1
23531568,0
23435262,1
22688586,0
22764805,1
23115144,0
23646057,0
23067092,1
23529447,0
22822059,1
22692926,1
23558279,1
23672055,0
23532117,0
23020082,0
22414653,0
22518620,1
23520873,0
23415322,1
22644653,0
22723127,1
22783197,1
22618260,1
23510887,1
23077310,1
23307927,0
23688344,0
22823818,0
23714712,0
23131017,1
23287176,1
22589886,0
23248295,0
22888728,0
22326502,1
22666145,1
22613491,0
23362722,1
22398576,0
22370878,1
23334654,1
23614883,1
22752153,1
23717344,1
22547151,1
23431364,0
23005848,0
22748873,0
23650663,0
23058584,0
22948722,1
22885597,1
22381308,0
23169110,1
23475916,1
23466380,1
22423882,1
23549224,0
23603390,1
22667454,0
22480007,1
22510862,1
22857187,1
22398135,1
23654186,0
23063031,0
23197415,1
22596180,1
23723957,0
22675453,0
23632600,0
23150623,1
23316611,1
22368697,0
22596926,0
23149124,0
23652764,0
22535612,1
22838873,1
23016473,1
22520888,1
23466894,1
23552564,1
23727983,0
23747254,1
23330822,1
22690134,1
23583243,0
22735788,0
23150673,1
23625612,1
23157074,0
23584750,1
23697529,1
22983995,1
22863040,1
23593350,0
23138989,1
22868764,0
22891142,1
22683561,0
23707650,1
23377568,0
22457695,1
22830204,0
23560364,1
23591028,0
23627483,0
22386667,1
23545892,0
23256749,1
22762962,0
23459937,1
23070457,0
23376712,1
22694544,1
22983541,0
22631296,0
22590379,1
23119304,1
23268670,0
22448357,1
23330108,0
22942641,1
23296847,1
23146422,1
23630324,1
23358035,1
23748284,1
23306053,0
23610937,0
22628704,1
23153215,0
23333650,1
22532044,1
22762955,1
23194207,1
23449984,0
22647405,1
23157533,1
23240427,1
22877264,0
23616465,1
22614966,1
23217807,1
23352585,1
23457915,1
23284073,0
23137156,1
22596619,1
23746130,1
23515335,0
23532263,0
23611467,1
23095506,1
23026837,0
22637742,1
23278387,1
23123706,1
23664937,1
23338242,1
22739796,0
22874054,1
23321297,0
22656789,0
22708106,1
22971032,1
22998002,1
23504478,0
23728864,1
22720671,0
22544403,0
22453345,0
23121124,1
23568136,1
23283285,1
22735056,1
22396745,1
23148159,1
23448843,1
22460112,0
22753135,1
23354905,1
22612204,0
23624257,0
23037678,1
22328369,0
23358482,0
23554638,0
23258183,1
23040414,0
22833233,1
23702882,0
22522041,1
22394805,0
22848927,1
23695770,0
23659497,1
22766597,1
22694908,0
22335398,0
23091755,1
22775021,0
23190714,0
22572948,0
22513573,0
22442184,1
22838462,1
23735406,1
23313265,1
23676934,1
23120417,1
22760292,0
23094911,1
22713214,0
22336254,1
23304806,0
22619712,1
23701754,1
23321691,1
23703841,1
22879492,0
23111471,1
23706240,1
23303344,1
23188785,1
23472566,1
22394456,0
23576617,0
22636425,0
23421989,1
23076535,0
22931221,0
23429951,1
23116723,0
22604475,1
22545507,0
23432666,1
22845191,1
22441885,1
23658535,1
23103676,1
23010231,1
22540914,1
22835778,1
22399871,1
23437091,1
23556240,0
23189938,1
22953533,0
22447960,1
23397097,1
23245970,1
23264117,1
23219679,1
23084147,1
23362890,1
23055919,0
22898667,1
23717090,1
22887813,1
22852003,1
23010106,1
22633953,1
22581633,1
23655950,1
23080586,0
23487912,1
22905805,1
23486734,0
23396826,0
22520332,1
23358929,0
22922059,0
23689295,1
22717490,0
22858427,1
23563289,0
23114242,1
23149216,0
23015558,1
23260757,0
22815168,0
23742630,0
23403243,1
22413294,1
23195050,1
23076660,1
23507876,1
23658091,0
22798605,0
22933567,1
22412351,1
23470609,0
22946241,1
23003602,0
23384598,0
22921202,0
22660273,1
22604628,1
22760768,1
23294369,0
22786764,1
22689831,1
22784288,0
23196740,0
22420782,1
23323700,0
22993080,1
23692389,1
23439576,1
23137823,1
22985144,1
22624791,0
22758505,0
23424237,0
22855940,0
23039034,0
23132382,0
22572530,1
22962232,0
23134012,1
23328162,1
23353740,1
23422662,1
22507272,0
23567692,0
23525608,1
22683868,0
23400134,0
23276074,1
23115441,1
23314917,1
23402320,0
23227011,1
22488081,1
23726904,1
23143307,0
22696097,1
23510068,1
22344115,1
23070549,1
22977745,0
23007207,0
22466249,1
23517490,1
23398300,1
23185895,1
22695016,0
23727419,0
23151510,1
23458165,0
22416713,1
22880985,0
22550142,1
23273844,0
22959740,1
22814189,1
23611420,1
23712702,1
22601270,1
23658138,1
22761121,0
23399214,1
22960079,1
23576471,1
23463024,1
23145345,1
23315309,1
22799456,1
22796193,0
22441729,0
23040622,0
23164579,1
23306229,1
22595296,0
23224320,1
23352703,1
23480781,1
22804604,0
23219073,1
22524390,1
23340622,1
22789377,0
22814340,1
23204470,0
23738091,1
23644140,0
23594165,1
23022409,1
22416310,0
23104022,0
23429347,1
22940412,1
22882415,1
22491699,1
23246681,1
23753703,1
23018333,0
22767201,1
23013676,0
22806058,1
22806350,1
23621100,0
23474993,1
22767865,1
23432243,1
23569546,1
23195308,1
22385136,1
22841266,1
22612368,1
23662474,0
23545303,1
22833307,1
23536749,1
22801812,1
22583499,0
22628652,0
23097734,1
22576668,1
23345789,0
22860314,1
22887978,1
22595224,1
23047329,0
22592805,0
22326893,0
23314316,0
22620519,1
22839115,1
23291853,0
23369233,0
23311612,1
23248741,1
22928043,0
22724158,1
22632143,1
22939126,1
22414532,0
23057275,0
23009381,0
22523933,1
22360791,1
23315977,1
23411611,1
23677905,0
22628766,1
22938606,0
22792933,1
23424269,1
22939362,1
23458439,1
22592126,1
22415196,0
23147968,1
23590355,0
23062159,1
22418438,1
23389557,0
22529998,1
22525053,1
23174254,1
22552630,1
22773209,1
23494753,0
23129896,0
22938214,1
23747144,1
22901081,0
23434437,1
22352576,1
23299452,1
22391452,1
22982524,1
23014957,1
22794528,0
23675310,1
23742352,1
22723709,0
22718327,1
22389499,0
22628963,1
23575582,0
23116628,1
22447232,1
23309713,0
23586171,0
23392487,0
23674234,0
23698306,1
22438308,0
22699022,1
23077621,1
22338493,1
22535309,1
23627658,0
23345549,0
23432198,0
22860399,1
22670526,1
22328130,1
23348199,0
22367506,1
23413598,1
23257080,1
23681612,1
23615592,0
22362467,1
22784256,1
23492544,0
23706745,1
22661333,1
23600749,1
23365879,1
22723861,0
23247598,0
23187207,1
23607684,0
22699966,0
22733289,1
22446813,0
22728343,0
23222780,1
23540486,0
22943364,1
23455511,1
22520395,1
23475201,0
22556606,0
22963603,1
22579860,1
23017202,1
22727420,1
23214589,1
23687135,1
22465338,0
23022203,0
23493094,0
23012486,0
23070765,1
22487111,1
22848946,1
23613943,0
23758122,0
22979488,1
22783527,0
22366180,0
23092700,1
23232048,0
22727484,1
23196398,1
22987818,0
23739526,1
22699234,1
22963819,0
23404883,1
22362974,0
23078023,0
23490013,1
23705769,1
22996361,1
23425032,1
23189647,1
23703963,1
22340434,1
22857375,1
22954238,1
23567713,0
22327173,1
22740705,0
23534814,1
22914750,1
22429792,0
23516778,0
22924187,1
23694794,1
23714815,1
23629253,0
23359350,1
22965087,0
22359522,1
22691127,1
23077910,1
22780509,1
23190219,1
23558930,1
22828884,1
22962880,1
22702750,1
23128086,0
23584557,0
22484035,1
23034659,1
23108731,1
22681355,1
22751680,1
22501735,1
22489922,1
23215527,0
23559980,0
22803420,0
23174824,1
23293435,0
22700980,1
23372199,1
22749437,0
22338773,1
23634766,1
22480185,1
22705451,1
22372952,1
23462412,0
22756441,1
23412950,0
23462557,0
23187510,1
22456635,0
22807455,1
22870839,0
22463728,1
23413314,0
22873519,1
22882233,1
22773992,1
22824062,1
22728091,1
22968572,1
22402440,1
23291595,1
23751529,1
22347986,0
22465677,1
23474977,1
23497979,1
23300154,1
23572024,1
22737888,0
23727702,1
22398887,0
22698697,1
23266311,1
23472798,1
23656362,0
23332313,0
23744888,1
23576599,1
22648723,1
23153753,1
22970071,1
23575819,1
23431813,1
22891359,1
22994536,0
23136362,0
22999868,1
22946325,1
23530061,0
23128712,0
23475165,0
23422004,0
22933961,0
22761933,1
23128422,0
23128626,0
22894108,1
22560522,0
22666774,0
22582124,1
23645518,1
23197699,1
23529667,1
22475768,1
22923060,1
22780792,1
22933860,1
22815771,1
22948223,1
23143046,0
23068841,1
23620317,0
22680393,1
23036134,1
23518247,1
23460008,1
23487324,0
22802645,0
22985927,0
23690517,0
22964036,1
22522313,0
22997956,1
23301724,1
22972672,1
23398178,0
23261056,0
22642923,1
22492385,0
22367369,1
22442822,0
23119732,1
23020908,1
23712437,1
22658675,1
22472709,1
22712117,0
22402546,1
23605105,0
23298597,0
22822162,1
23674251,1
22981281,1
23683927,1
22517369,1
22646038,1
22514589,1
22351178,0
22600647,1
23214795,0
22859837,0
22563333,0
22399526,1
22909944,1
22816708,0
22546263,1
22339449,1
23722918,0
23630025,0
23174661,0
23575211,1
22780064,0
22984948,0
22440328,0
23116783,1
22405793,1
22580639,1
23609721,1
23297902,1
23642666,0
23337497,0
22626797,1
23494410,1
23478413,1
22667076,1
22925437,1
22763785,1
23098446,0
23306764,0
23728457,1
22909919,1
23336399,1
23231423,0
23278543,1
23105872,1
22799076,1
23004643,0
23571690,0
22927247,1
22377183,1
23443640,1
23632927,1
23025126,0
22444708,1
23119752,1
23131971,1
22923763,0
23098557,1
22942339,0
22886403,0
22733515,0
23728615,1
23221254,1
23349742,1
23677903,1
23279986,1
23007901,0
23219764,1
22946019,1
22649757,1
23229110,1
23004308,1
23721485,1
22617683,1
22875353,0
22798379,1
23136455,0
22816612,1
22434292,0
22971704,0
23272773,1
23440864,0
22365881,1
22755787,1
23061155,1
23223580,0
23624476,0
23165695,0
22493188,0
23641557,1
22873283,1
23397205,1
23623812,0
22364519,0
23629266,1
23570817,1
23155508,0
22360313,0
23431108,0
23328138,1
22608977,1
22446948,1
23731314,1
23276012,1
23429241,1
23026485,0
23079760,1
23223046,1
22442206,1
22566625,1
23514232,1
23625999,0
23674332,1
23660440,1
23019998,1
23546020,1
22626016,1
23481836,1
23344360,1
23472258,0
22448269,1
22978007,0
23426775,0
22703792,1
23313207,0
23369508,1
22504163,1
23751519,1
22811168,1
23545603,1
23234957,1
23600873,1
23151796,0
23205887,0
23640890,0
22842106,1
23417061,1
22835934,0
23014611,0
23098792,0
23541922,1
22974666,0
23513625,1
23730660,1
23547328,1
23337530,0
23599053,1
22386691,1
22971396,1
23360731,1
23532090,1
23379787,1
23242219,1
23447058,0
23423343,0
22961003,0
22705332,1
23396428,1
23670806,1
23684217,1
23071506,1
23555763,1
22547446,0
23368127,0
22733106,1
22759642,1
23270854,0
22361897,1
23422359,1
23432737,1
22705709,1
23297209,1
23571672,0
22648836,1
22334059,0
23353185,1
23522369,0
22330308,0
22605546,1
23001489,1
23371874,0
23496998,1
23612187,0
23371776,0
23005993,0
23084242,1
23634797,0
23177176,1
23409006,0
23603788,0
22504156,1
23358282,1
23124402,0
23227509,1
22358913,0
22799880,1
23598737,0
23408580,0
22938680,1
23437800,0
23756512,0
23535207,1
23522980,1
22911574,1
23321292,1
22520588,1
23397864,0
22881834,1
22369974,0
22803716,1
23369602,1
23058844,1
22788887,0
22827309,1
23674069,1
23356720,1
23388922,1
23047309,1
23631619,1
22512823,0
22692201,1
23486879,1
22952203,1
23161372,1
23361712,1
22330960,1
22950150,0
22857905,0
22518813,1
23011447,0
23033524,0
23009453,0
22872908,1
22550940,0
22621508,0
22885815,1
22424437,0
23007730,1
22974218,1
23028755,0
22385639,1
23389924,1
23217587,1
23342500,0
22675858,1
23104087,1
22728140,0
23365865,0
22353799,1
23641254,1
22640941,1
22518288,1
22879149,0
22700722,1
23535776,0
23722303,1
22832456,1
23251523,1
22610509,0
23750854,0
22671899,1
23246825,1
23135349,1
22755573,1
23069665,1
22587489,1
23375035,1
23379249,1
23072731,0
22594316,0
23459918,0
23663632,1
23304126,0
23701742,1
23175425,0
23606952,1
23387955,1
23360782,1
22963873,0
23247645,0
22357648,1
22340189,1
23649054,1
22497883,0
23745105,1
22995556,0
22340143,1
23643393,1
23151857,1
23284422,0
22715955,1
22864798,0
22708476,1
22476413,0
22542621,0
23241487,1
23090048,1
22392628,1
23533290,1
23711646,1
22805885,1
23531514,0
23733868,1
23459344,0
22963555,1
23048817,0
22976395,1
22470946,0
22605009,0
23161393,0
22960025,1
22608429,0
23491439,0
22643736,1
23512582,1
22961235,0
23238787,1
22461896,1
23388999,1
23465113,1
23696133,1
23068066,1
23130736,1
23343715,1
22544495,0
22552204,0
23045431,1
23262745,0
22565512,1
23253419,0
23372868,1
23335275,1
22767717,1
23053780,0
22802237,0
22746728,0
23196827,0
23759196,1
23743967,1
23499696,1
23146029,1
23587730,1
23306036,0
22569534,1
23171793,1
23749357,0
22418831,1
22721409,1
23006542,0
22681737,1
23620853,0
23048020,0
22742605,1
22518964,0
22464048,1
22772765,1
23419811,1
23268143,1
23682264,1
23477271,1
23655864,0
23572228,1
22554780,0
22411064,1
22474919,0
22894435,1
22645008,1
23145939,0
23437463,0
23365206,0
22577317,1
23442925,0
23059432,0
22815908,0
23247449,0
23322402,0
23093541,0
23380571,1
23128619,1
22761027,1
23483006,1
23072067,0
22746242,0
23369683,1
23674213,1
23686375,1
22352358,1
22988234,1
23436482,0
23302920,1
23474335,1
23132340,0
23364175,0
22563999,1
22710274,1
23198536,1
23390523,1
22550505,1
22585933,1
22414494,1
22656540,1
23400411,1
23654929,1
23026822,0
23023518,0
23182352,1
22514899,1
23512525,1
22796050,0
23619888,0
23345883,1
23133230,1
22695414,1
23398284,0
23110815,0
22712962,1
22823490,1
23532495,1
23392440,1
23538441,0
23625249,0
23586822,0
23033740,0
23374642,0
23259022,1
23082013,1
22409115,1
22380337,1
22547049,1
22768006,1
23265996,0
22500441,0
22397596,1
23380482,0
23357503,0
23165140,0
22944026,1
22607711,1
23447413,1
23127270,0
22689801,0
22412646,1
23020088,0
22806634,1
23615308,0
22627487,0
22525863,1
23072959,0
23684974,1
23005215,1
23490206,0
23361199,0
23542794,1
22706399,1
23183592,1
22439293,0
22775323,0
23668992,1
23581966,0
23141802,1
23460948,1
23055083,0
22634192,0
23275542,0
22590228,1
23038267,0
22435893,1
23302684,0
22573978,1
22626303,1
23266767,0
22368132,1
23364107,1
23246113,1
22950558,0
23295523,0
22441061,1
22408510,1
22579017,1
22555683,1
23237013,1
22982224,0
22365046,1
23283632,0
22642728,1
22715469,0
22373544,0
23037258,1
23242627,1
22836763,1
22419388,1
22629381,1
23186009,0
23527136,0
23323212,1
22685033,0
22801007,1
23331917,1
23433820,1
23758184,1
22817964,0
23098136,0
23405322,1
23049533,1
22436086,1
23131625,1
23691420,0
22603843,0
23692035,0
23182665,1
22576703,0
23458662,1
23433099,1
23441831,0
22774790,0
22686171,0
22969966,0
23246976,0
23342150,0
23466855,1
23335975,1
22627838,0
22428908,1
23315834,1
23034077,1
22359728,0
23242876,1
22687152,1
22433341,0
23494333,1
22560357,0
22661568,1
23110846,1
22666618,0
22370019,1
22803725,1
22435496,1
23205612,1
22565495,1
23591422,0
23490068,1
23523225,1
23566669,0
23397277,1
23390518,1
22828850,0
23459195,0
22618849,1
22422691,0
23087999,0
23215606,0
23079390,0
22789962,0
22379557,0
22596254,0
22655442,0
23616104,1
23096592,1
22944231,1
22533402,1
23682595,0
22689657,1
23446977,1
23720868,1
23408601,0
22675122,0
23029177,1
23721796,0
23203098,1
23147890,1
22416036,1
22516169,0
22460990,0
22641322,0
23186753,1
23021557,0
23734687,1
22680833,1
23529784,1
22695213,1
23284746,0
23272014,1
22786954,1
22864743,1
23509959,1
23500972,0
22900046,1
23152549,1
23297585,1
22566107,1
22697197,1
22721912,1
23659604,0
22599312,0
23147878,1
23600737,1
22923839,0
23682524,1
22712707,1
23441246,1
23680854,1
22882073,1
23291148,1
23176930,1
22491267,0
23384430,1
22943555,1
23407640,1
22376598,1
23693388,1
23141381,0
23714873,0
23110451,0
22687553,1
23365221,1
22945079,0
22614839,0
22479880,0
22424336,1
23336429,1
23045952,0
23129628,1
22851322,0
23009980,1
23216922,0
23650261,0
23694305,0
22828807,1
22721330,0
23064015,0
23440886,1
23091096,1
22657172,0
23203031,1
22398003,1
22928746,1
22727430,1
22993040,1
23415783,1
22955191,0
23053214,1
22873553,1
22767245,1
22550027,1
23245296,1
23467692,1
23040467,0
23729399,1
23480322,0
23495877,1
23599949,1
23027510,1
23732265,0
22922336,0
23645066,0
22394590,0
22980713,1
23107837,1
22653376,1
23628986,0
23761526,1
23586482,0
22687842,0
23493365,1
23583801,1
22348761,0
22903299,1
23601769,1
23760720,0
22889085,1
22514062,1
22704546,1
23463539,0
23378465,1
23656505,1
23369872,1
23620908,0
23448550,1
22427831,1
23114982,1
23649908,0
22919550,0
22327254,1
22825429,1
22490533,1
22521364,1
23056530,1
23677584,1
22732973,1
23037724,1
22599014,1
22877457,1
23664414,0
22707454,1
23040082,0
22738079,1
23725925,1
22463578,1
23028533,1
22737190,0
22515675,1
22751251,0
22724728,1
22769439,1
23178381,1
22789009,1
23390483,1
23639588,0
23381375,1
22641899,1
22399891,0
22778139,0
23506386,0
22386195,1
23013155,1
23286629,1
22458623,1
22884880,1
22560073,0
22706758,1
23446685,0
22807403,0
23071694,1
22932566,1
23038998,1
23402121,0
23273700,1
22334521,1
23168790,1
22868463,0
22892102,0
23754672,1
23006580,1
23547461,1
22880490,1
23404570,1
23327829,1
22619823,1
22475640,1
22999924,0
22801615,1
22513864,0
23602564,1
23330738,0
23211001,0
23201296,1
22836421,0
22722631,1
22961387,1
22832412,1
23304256,0
23552258,1
23233533,0
23062299,0
23348527,0
23262888,1
22599730,0
22403587,0
22595662,0
23401529,1
23049726,1
23510663,0
22477641,1
22850505,1
23390253,0
23340631,0
22434480,1
23054496,1
22629269,1
23497753,1
23118338,1
23469257,1
23704185,1
22947021,1
23586717,0
22704738,1
22575070,1
22624693,1
22926383,1
23409921,1
23058600,1
23592512,0
22711586,0
23153851,0
23354190,1
23033169,0
22622689,1
22841583,1
22859421,1
22907590,1
23423461,1
23554590,0
22644036,1
23114129,1
23322494,0
22917620,0
23063856,0
23578997,1
22809106,1
23734801,1
22572887,1
23755709,0
23304133,0
23477616,1
23449499,0
23064778,1
23384485,1
23384694,0
22377395,0
22407204,0
23198749,0
22341794,0
23058794,1
23568376,1
22465262,0
23497333,1
23619567,0
22696176,1
22362615,1
23416103,1
23308616,1
22773781,1
23471291,1
23227392,1
22372018,1
23304380,0
22608416,1
23429170,1
23446459,0
23069542,0
23217449,0
22736596,0
23143230,0
22368136,0
23177116,1
23237704,1
23375859,0
23145139,1
23266833,0
23489771,1
23522378,1
23386452,1
23256542,1
22446292,1
23373394,0
22680958,1
23261903,1
22604325,1
23532023,0
23036998,1
23251659,1
22951420,0
23441193,0
23719196,1
22743229,1
23358657,1
22495917,1
22569375,0
22802190,0
23594047,1
22762975,1
22812876,1
22683362,1
23206756,1
23166776,1
22791457,1
22408171,1
23554295,1
23046909,0
23420347,1
23685081,0
22901962,1
22600284,1
23056777,1
22998009,0
22391519,0
22513615,1
23714813,1
22595851,1
23182583,1
23066263,1
22748203,1
22517826,1
23502416,1
23098202,1
22396703,1
23209411,0
23220939,0
22933182,0
23146532,1
22737685,1
23334129,0
22586432,1
22365703,1
22431127,0
23355273,0
23638270,0
22803787,1
23139291,1
22741260,1
23120563,0
23518254,1
22342146,1
22378142,1
23694765,1
22750722,1
22431795,0
23658807,1
22782505,1
22658868,1
22450320,1
23120734,0
22775671,0
23528035,1
23613782,0
23624823,1
23059238,1
23504820,0
23237089,0
22670555,1
23674220,1
23112688,1
23278891,1
22420270,1
22786491,1
23612019,1
22680343,1
23338277,1
22836702,0
22550160,1
23313433,1
22663191,1
22973470,1
23132832,1
23670066,0
22954029,0
23213832,1
22734677,1
23528856,1
22603633,0
23736284,1
23321441,0
22817163,1
23711607,0
23307716,1
22719936,1
22999606,0
22976159,1
23071313,0
23333600,1
22853307,0
23360786,1
22720061,0
22686926,1
23114945,1
22588247,1
23517907,1
23133206,1
22823576,1
23645561,1
22910272,0
23715132,0
23333563,0
23726201,1
22557002,0
23059407,1
23564447,1
23531522,1
22353168,1
23529207,0
23700190,1
23350928,0
23581425,0
23343007,1
23608582,0
22756168,1
23623582,1
22415875,1
23182303,1
23627209,1
23174589,1
23149477,1
22527111,1
23187036,1
23340822,1
23724241,0
23062301,1
22557428,1
22901067,0
23629328,0
22630739,0
23663086,0
22644990,0
23127317,1
23076647,0
23629893,1
23562549,0
23673593,0
23675956,1
22573200,1
23381840,1
22941734,0
23690635,0
22344019,0
23515317,0
23459933,1
22769216,1
22547262,1
23582622,1
23134339,0
22837296,1
23387244,0
23301127,1
22517727,0
23410131,0
22673645,0
22852252,1
22577989,1
22889951,0
23444390,0
22754668,1
22517175,0
23171175,0
22365462,0
23588128,0
22418844,1
23684589,1
22481164,1
23089239,1
23724205,1
23490713,0
22525405,1
23107893,0
23592313,1
22961205,1
23495419,0
23209739,0
22908263,0
23161552,1
22422908,1
22907482,1
22818180,0
23070198,1
22619143,0
22972967,0
22567034,1
22531869,1
23503019,0
23065474,0
22856286,1
23711789,1
23194885,0
23040868,1
23596755,0
23525242,0
22384334,1
23053370,0
23537865,1
23454026,1
23534038,0
22349824,1
22955379,0
23304534,1
22688432,1
22494902,1
22950990,1
22890360,1
23694847,0
23556863,0
23647743,1
23452267,0
23416010,1
22522155,1
23463200,0
23042469,1
23637820,0
23392962,1
22573843,0
22846246,1
23730257,1
23312174,0
23722669,1
23586988,0
22516412,1
23584094,0
23750654,1
23459861,1
22566337,0
22492266,1
22721670,0
23435258,1
22990761,0
22597557,0
23686370,0
23737115,0
23097943,0
22534335,1
23314250,0
23281697,1
23146616,1
23073664,0
22865820,0
23642040,1
22752208,0
22869406,0
23554008,0
22843258,0
23101232,0
22899354,1
22940417,1
23553994,1
22802319,1
23723369,0
22796051,1
22973260,1
23283046,1
22870070,1
23394752,0
22964686,1
22614318,1
22985119,1
23513878,0
23216456,1
22358779,1
22731965,1
22985822,1
22760938,1
22637149,1
22850330,1
23542561,0
23613542,1
23175231,0
22408088,1
23466206,0
23108582,0
22438932,0
22440535,1
22903878,1
22810565,0
23321536,1
22822942,0
23718649,1
23760089,1
22972668,0
23507880,0
22452319,1
23040128,1
23743261,0
23522074,1
22894281,1
22792508,1
23151811,1
22842086,1
23285506,1
23353158,1
23144136,1
22390724,1
23594032,1
22819800,1
23309899,1
23531463,1
22797519,1
23408569,1
23398277,0
22875793,1
22915958,1
23547232,1
23591620,1
23725237,0
23478343,1
23730273,0
22697805,0
23610281,0
23128709,0
22898458,1
23113628,1
23354480,0
22807603,1
23084404,1
23183145,1
23175774,1
22525063,0
23751445,1
23363540,1
23712110,0
23624205,1
22804157,1
22326474,1
23562756,1
22894060,1
23517542,0
22471513,0
23181247,0
22853128,1
23294701,0
22581759,0
22468439,1
22623573,1
22549033,1
22608150,1
22669661,1
23653621,0
23629189,0
22364356,0
22535416,1
23360784,1
22874162,1
23395289,1
23480809,0
23562775,1
22615943,1
22410025,1
22623855,0
22819397,0
22721819,1
22468978,0
23086291,1
22744025,1
23305180,1
22780596,1
23408481,1
23145355,0
23097845,1
22444729,1
22358414,1
22558314,1
22943482,0
23508310,1
22418301,1
23716402,0
22347671,1
22431148,0
22417760,1
23073122,1
22754976,1
23351326,0
22363637,0
22793876,0
23240211,0
22959895,0
23426633,1
22682057,1
23135816,0
22575184,1
23713610,1
23037469,0
23682101,1
22917548,1
22995194,0
23380630,0
23611317,1
23727914,0
23407638,1
22392242,0
23019441,1
22778364,1
23021234,0
23706746,1
23088230,0
23432108,0
23001083,0
23727850,1
23199270,1
23608040,1
23424328,0
23647659,0
23373775,0
22793545,0
22778205,0
22864236,0
23572736,1
22657132,0
23012976,1
23506137,0
22885812,0
22873126,1
23713481,0
22536451,0
23441559,1
22415255,0
22851097,1
23388334,0
23631214,0
23319252,1
22873514,0
22762907,1
22831556,0
22895465,1
23394794,0
23184222,1
22405047,1
23213409,0
22358836,1
23205774,1
23170449,1
23271906,0
22788399,1
22820027,1
23569551,1
23337032,0
22694673,0
22357351,0
23307035,1
22583194,0
23714157,0
22985653,1
23439724,1
22733604,1
22676757,1
22969538,1
23408818,0
23675659,0
23529780,1
23469385,0
22701704,0
22501057,0
23620367,0
23024735,1
22494699,0
23218438,0
22465144,0
23048231,0
23187176,0
22424916,1
22443082,1
23445196,1
22822890,0
22566512,1
23195032,0
23119707,0
23714557,0
22551865,0
23191742,1
22971499,1
22972058,1
22901388,0
23079387,1
22828432,1
23589526,0
23494465,0
23436400,0
23596280,0
22880967,0
22617201,0
23680286,0
22699347,0
23716222,1
23394823,1
23409140,1
22598085,1
22909228,1
22585649,0
23710284,0
23038163,0
22696653,1
22445729,0
23698615,0
23543319,1
22485315,1
22984438,1
22721048,0
23368172,1
23081676,1
22478108,1
23745090,1
23454729,1
23364100,0
22484070,1
22531378,1
23289775,1
23698714,0
23445726,0
22483436,0
23502231,0
23442762,1
23508800,0
23643795,0
23467625,0
23297263,1
23549432,1
23244808,1
23017706,1
22854233,1
22813697,1
23658894,1
22683348,1
22917609,1
22916475,1
22384517,0
23052692,1
23450222,1
23722731,1
23058574,1
23642401,1
23055057,1
22613395,1
22540978,0
22852800,1
22725526,0
22966365,0
23427999,1
22858799,0
23448461,0
23313862,1
22508705,1
23388052,1
23289624,1
23030141,1
23126267,0
23026855,0
23024676,0
22644115,1
22780947,1
22518300,0
23251571,1
22598565,0
23087230,1
23652780,1
23605422,1
23662896,0
22443432,1
22690356,1
22514889,1
22533348,0
23426393,0
22353346,1
23244480,1
22383581,1
22540901,1
23476715,0
22576152,0
23361285,0
23013766,1
23064953,1
23641635,1
22406146,0
22635011,1
22569789,1
22529076,0
22570721,0
22850782,1
23403903,1
23070785,1
23456667,0
23216390,1
23543068,0
23558757,0
23716461,1
23105151,1
23427798,1
23211353,1
22756948,0
22684877,1
23207619,1
23329423,1
23049172,1
23148237,0
23533914,0
23049768,1
23366578,1
23117100,1
23198080,1
22928774,0
22430802,1
22816352,1
22711816,1
23020350,1
23555719,1
23450476,0
22916176,0
23575480,1
22813998,1
22529447,0
23167915,1
22463512,0
23112022,0
23723960,0
22753915,1
23424762,1
22896646,1
23643848,0
22525646,1
22889313,1
22872179,1
22846309,0
23445103,1
22742164,1
22694835,0
23595250,0
23567173,1
23214285,0
23104449,0
23574279,0
23268661,0
22857512,0
23411352,0
23115398,0
22903843,0
22849410,1
23405241,1
22954044,1
22542101,1
22505517,0
22795595,0
23756815,0
23252213,1
22484707,1
23387815,0
23569613,1
22381055,1
22802744,1
22694697,1
22974016,0
23059464,0
22991213,0
23371700,0
23342136,1
23133585,0
22950340,1
23282531,0
23208278,1
23276400,1
23119245,1
22962872,0
23453419,1
23205235,0
23235268,1
23407831,0
22348690,1
23425065,1
22410897,1
22878048,1
23090460,0
23367071,0
23710450,1
22513368,1
23760275,1
23084995,0
22338698,1
22783306,1
22622008,1
23255842,1
23739440,1
23668056,1
22829121,1
23697910,1
23446612,1
22955446,0
23750519,0
23439687,0
22680067,1
23438879,0
23277425,1
23389492,1
23718146,0
23735895,0
22981112,1
22777796,1
23207345,0
22867070,0
23113292,1
23728429,0
22637470,1
23370161,1
23484643,0
22903422,1
23486182,1
22649276,1
22574690,1
22747445,1
22908474,0
22432240,0
23540641,0
23117710,0
23036205,1
22796346,1
22743910,1
23228005,1
23124633,0
23416505,1
23324080,0
23180974,1
23584897,0
22915645,1
22373574,1
23353753,0
23484142,0
23342398,1
23016816,0
22749494,0
22970284,1
23125981,0
22534070,0
22703745,1
22975571,1
23156457,0
22759330,1
23012971,1
22518036,1
23542567,0
23267431,0
23449732,1
22714100,0
22619460,1
23705153,1
23581598,1
22847541,1
23095477,0
22745182,1
23574455,1
23241540,1
22686148,1
22429731,1
23607378,1
23060209,0
23108172,0
23385188,1
23537345,1
22671760,0
23398176,1
23524587,1
22544320,1
22359511,1
22721703,1
22590680,0
23083399,0
23697705,0
23077933,1
23427877,1
22467083,0
23611475,1
23255959,1
22852330,0
22487852,1
23084409,1
23103351,1
22420615,1
22562457,0
23442337,1
23129874,1
22685302,0
22354100,1
23649672,1
22764911,1
23711511,1
23021901,0
22565516,0
23428859,0
22891370,1
22450162,1
22389390,1
23393303,1
22448812,1
22429438,1
22682419,1
23597309,0
23616353,1
22898706,1
23232223,1
23474565,1
23275327,1
23109308,0
22708933,0
22346895,0
22906762,1
23513611,1
23404008,0
22561460,1
22894759,0
22414190,0
22692048,0
22924505,1
22469697,1
22456395,1
22486594,1
23279943,1
22700935,0
23598314,1
23665036,0
23497121,1
23461171,1
22748894,1
23692290,1
23697127,1
23160339,1
23315557,1
23232665,1
23634190,0
22518683,1
22920463,0
23446297,1
23118981,1
23080481,1
22941016,1
22737632,0
23016204,1
22647033,0
23576612,0
22996356,0
23131774,0
22956719,0
23091098,1
22668811,1
22452637,0
22929984,1
23299406,1
23088801,1
23004307,1
22634104,0
22533815,1
22955013,1
22746987,1
23590607,1
22532752,1
23631011,1
23760799,0
23118371,1
23532676,1
23574820,0
22976997,1
22605302,1
22414719,1
22442779,1
22498151,0
23399034,0
23006782,1
23048685,0
23025061,0
22819366,1
22731422,1
22582443,1
22744763,1
22478377,1
23014812,1
23273723,1
22521489,0
22444228,0
23561966,0
23028725,1
23352612,0
22822395,1
23573512,0
23279228,1
23594946,0
23597232,0
22377168,1
22681170,1
23188318,1
23245822,0
23419215,0
22670407,0
23506127,1
22568736,0
23130131,1
22809882,1
23163456,1
23637777,1
23208796,1
23020161,0
23625211,1
23761688,1
23617566,1
23287996,1
23194931,1
23207549,1
22745225,0
23301075,0
22400513,0
23617472,1
22630237,0
22404897,0
22925366,0
23663993,0
23758799,1
22568547,1
22922718,1
22546109,1
23158073,1
22890498,1
22956715,1
22333596,0
22820604,0
23465170,0
22604901,1
23642708,0
23107533,1
23479758,1
23426309,0
23347646,0
22355964,1
23460537,1
23760880,1
23384109,1
23164873,1
23672664,0
23172330,0
23480686,0
23345211,1
23600041,0
23049060,0
22633452,0
23690106,1
23351006,1
22398790,1
23728422,1
22570543,1
22973224,1
23530365,0
22387892,1
22720077,1
22828698,1
22690048,1
22459248,0
22845079,1
23014466,0
23199256,1
22420987,0
23066158,1
23458305,1
23245251,1
23706816,0
23531008,1
22442080,1
22824038,1
23554487,1
23607058,1
22450808,0
23535987,1
22343463,0
22999583,0
22346452,0
23219713,1
23325572,1
22824095,1
23459704,0
22646801,1
23428750,1
22392619,1
22482400,0
22563344,0
23532602,1
22345404,1
22483195,1
23145409,1
23479741,0
23136157,0
22539576,1
23332112,0
23498385,0
22793068,1
23521425,1
22352801,1
23760292,1
22670479,0
23110138,0
22556899,1
22414797,0
22571541,1
22717428,1
23016027,1
23374766,1
22806324,1
22486610,1
22916015,0
22862155,1
22645098,0
23636599,0
23635326,1
22959332,0
23189438,0
23185938,1
22624783,1
22800390,0
23321430,0
22740629,1
23419021,1
23741225,1
22669590,1
23259889,1
22731018,0
23494015,1
22935217,0
23159287,0
22860498,1
23760849,1
23629170,1
22671189,1
22651517,1
23615247,0
23608548,1
22638060,1
22679047,1
23655899,1
23161753,0
23243027,0
23509523,0
23470045,1
23492263,0
23322351,1
23422420,1
23165585,1
23019353,1
22841971,1
23388295,1
22830623,1
22375848,1
23318504,0
22498328,1
23236756,1
23700520,1
23679069,1
22473173,0
23362274,1
23361807,0
22388951,1
22427178,1
22398185,0
22500988,1
23719629,0
23405136,0
23668193,1
22793115,0
23732208,1
23330061,1
22375810,1
23213462,1
23205344,0
23366793,0
22690397,1
23464479,0
22933728,1
23283662,0
23585002,1
22991284,0
22800103,1
22394658,0
23006749,1
22830155,1
22746414,1
23395479,0
22658536,1
22552284,1
23405781,1
23520156,0
22499591,1
22959976,0
22922964,1
23521943,0
22501745,1
22910434,1
23013762,1
23390634,0
22990225,0
23100667,1
23122133,0
23163766,0
23064445,1
22718015,0
23118468,1
23660958,0
23392822,0
22352714,1
22709066,0
22786073,0
23713482,1
23032594,0
23016231,1
23568299,1
23048599,0
22331495,0
22723486,0
22675169,1
23334786,1
23482568,1
23671188,0
23457977,0
22561852,0
23751410,1
22493386,0
22697956,1
23408883,0
22641137,0
22849503,1
22362305,1
22679241,1
23589099,1
22922132,1
22855474,1
23033903,1
23339433,0
22953086,1
22872848,1
23356384,0
23544649,1
22683242,1
23288654,0
22400909,0
22587682,1
23694961,1
22725260,0
22654052,1
23357896,1
22680754,1
23394556,0
22415728,1
22769423,1
23722659,0
22895804,1
23698731,1
23138868,1
22858218,0
22434728,0
23250635,1
22649263,1
22860775,1
22552331,0
23352885,0
23335252,0
23710511,1
23067905,1
22807008,1
23143792,1
22862947,0
23657726,0
23370623,1
22953075,1
22594881,0
22359307,1
23679399,0
23104245,1
23062289,1
23161383,0
23569566,0
23281995,0
23742220,0
23340154,0
22382699,1
22518174,1
22641749,1
22951177,1
23565390,1
23098395,1
23624680,0
23533938,1
22535336,1
22640024,1
22546275,1
22863124,1
23555372,1
23327188,1
23248054,0
22499262,1
23603558,0
22485371,0
22527960,1
23254619,1
23575067,1
23507623,1
22894184,1
23550246,1
23621645,0
22753891,1
22361054,1
23594500,0
23260778,1
23498153,1
23225672,1
22574996,0
22866779,1
23021525,1
23392327,1
22505649,1
23048447,1
23633797,0
23619164,0
23312725,1
22879515,0
23403122,1
22878738,1
22360824,1
23489243,0
23483691,0
22741963,0
23124968,1
22506429,0
22453116,0
23258656,0
22744799,0
23524912,1
22428945,1
22968932,1
22718776,1
22467274,0
22776721,0
23256690,1
22710409,0
22930480,1
22806742,1
22425458,1
23742892,0
23128141,0
22467249,1
23558858,0
22659305,1
23324617,1
23139143,1
23121394,1
22556623,1
22710431,1
23494183,1
23263881,1
22949218,1
23015756,0
22575136,1
22476082,1
23682511,1
22375723,1
22953975,0
23735995,1
22400349,0
22862764,0
23754924,1
23437578,1
23142637,1
23532690,1
23721432,0
22729704,0
23712086,0
23006567,1
23485629,1
22365858,0
23575703,1
22453401,1
22376733,1
22411290,1
23602070,0
23004784,1
22448862,1
22865350,1
23574600,0
22698065,0
22413864,1
22498086,1
23690149,1
23613806,1
23294460,1
23674068,0
23422881,0
22744597,1
23543081,0
22815127,0
22373074,1
23178574,1
22703660,1
23658631,0
23500598,0
22344877,1
22823364,0
23572281,0
23602179,0
23410003,1
22843526,1
22742992,1
22520285,0
23406485,1
22920114,1
22899804,0
23662286,0
22353585,1
23204625,0
23204204,0
22392601,0
23197419,0
22487344,0
23161382,1
23463902,1
23143080,0
22607280,0
22823918,0
22348138,0
22924554,1
22642007,1
23310201,1
23379371,1
23423603,0
23751692,1
22384960,1
23129957,0
23650481,1
23400047,1
23302521,0
23267738,1
22649067,1
23442334,1
23365279,1
22906782,1
22414903,1
23313075,0
22585586,0
22799879,1
22521990,1
22511304,1
23029195,0
22701734,0
23109506,1
22527971,1
23189670,1
22647346,0
23378162,1
23291101,1
22769620,1
23692328,1
23391708,0
22989682,1
22428585,0
23704957,1
22440620,1
23566540,0
23091761,1
23682116,1
23588703,1
22769274,0
22374603,1
22384937,0
22873635,1
22510326,1
23279169,0
23203535,0
23231577,0
23265643,0
23129527,1
22731391,1
22390986,0
22878218,1
22583608,0
23672493,0
23613576,1
22943777,0
23648764,1
23028328,0
23482880,1
23252695,1
23374622,1
23712639,0
22383594,1
22784592,1
23343544,1
23095125,1
22802339,1
22935619,0
22833186,0
23252522,1
22796636,1
22599508,0
22379660,1
23307257,1
23195423,1
23319131,0
23126467,1
23748673,1
22696414,0
22752088,0
22976063,1
22818803,1
23761543,1
23272428,1
23606403,0
23051360,1
23506188,1
23004329,1
22852799,1
22425425,1
23459677,0
22538237,1
23687735,0
22500172,0
23089273,1
22835724,1
23396909,0
23423418,1
22680928,0
22652820,1
23137822,1
22883862,1
23443252,0
22914431,0
22968861,1
23347192,0
23186667,0
22567723,1
23092061,1
22454371,1
23270866,0
22511052,1
23529707,1
22527685,0
23024497,0
23337936,1
23078373,0
23004322,0
23001735,1
23090638,1
23055784,1
23678688,0
23592178,1
23430109,1
22716367,1
23693949,0
23022695,0
22697120,0
23084852,0
22529605,1
22720831,1
23441052,0
23625195,0
22918929,0
23089540,0
22909172,1
22496312,1
22815560,1
22703220,1
22898839,0
22869029,0
23469125,0
22754720,1
22963469,1
22665270,1
22572089,1
23044206,1
22926856,0
23234086,1
22894607,1
23590141,1
22725276,0
22518895,1
22723220,1
22488357,1
23367618,0
23401966,0
23644874,0
22793515,1
22645097,1
23200590,1
23122153,0
23398518,1
23490593,0
22765765,1
23703207,1
22949319,1
22450703,1
23421210,0
22661151,0
23678037,0
23404197,1
23760586,1
23293647,1
22626086,1
22691684,1
23520315,1
23226521,1
23719927,1
22416374,0
22460443,0
22862302,0
22548099,1
22599387,1
23543784,1
22804282,0
23290723,1
23633838,1
22719260,1
23266506,1
22525251,1
22805220,1
23467746,0
23733602,0
23596132,1
23208413,0
23226634,1
23059362,0
22869645,0
22907119,1
23712005,1
23087627,1
23178313,1
23626720,1
22362823,1
22439636,0
23258138,1
22688489,1
23559836,0
22597310,0
22476450,1
23250251,1
23392089,0
22729761,0
23311497,0
22698879,0
22473692,0
22424557,0
22666782,0
23150239,0
23038784,0
23466473,0
23281549,0
22333870,1
23748579,0
23116581,1
22981668,1
22677585,0
23025890,0
22888875,0
22366317,0
22915924,1
23634226,0
23733416,0
22430132,1
22812006,0
23507372,1
22972609,1
22892613,1
22652686,0
22842484,1
22581361,1
23009259,1
23096163,1
22767563,1
22852676,1
22352481,1
23099697,1
23083769,0
23547372,1
22454162,0
23136651,0
23689354,1
22902511,1
22820895,0
22434726,0
23041496,1
23079437,0
23646714,0
22686196,1
22391921,1
23346739,1
22725708,0
22574975,1
22546508,1
23015625,1
22486349,0
23439030,0
23259709,1
22923500,0
23096218,1
22496625,1
22537038,1
23518749,1
22661417,1
23616941,0
22515898,1
22592883,0
23254813,1
23334206,1
23045417,1
23491432,0
23070957,1
23317321,0
23498800,1
23358432,1
23621401,0
22854023,1
22586627,1
23595827,1
23672885,1
22438405,0
23623145,0
22927058,0
22751660,1
23670436,1
23355335,1
23325479,1
23245974,0
22983619,1
22944905,1
22748408,1
22790354,1
22681870,0
23299360,1
22618850,1
23593267,0
22496771,0
22522716,0
23022659,0
22964299,0
22802507,1
23655668,0
22914392,0
23410243,1
23051605,1
23508255,1
22876062,1
22384755,1
22915839,0
23070412,0
22390806,1
23150171,0
23222126,1
23157739,0
23317520,1
22887769,1
22618188,1
23406305,0
23411591,1
22373994,0
22886620,1
23694769,1
23654770,0
23033607,1
23189878,1
22811586,1
23014465,0
22640842,0
23666628,1
22804956,0
22437661,1
22721331,1
23435437,1
23221203,0
23201794,0
23175966,1
23450251,0
23322257,1
22454847,1
22868147,1
23150587,1
23083228,0
23587749,1
23482836,0
23510124,0
23330196,1
23455834,1
23440330,1
22494233,1
23066595,1
22971902,1
23258915,0
23154321,1
22669202,1
22372534,1
23176806,1
22511025,0
23182013,0
23477502,1
23416627,1
22557693,1
22422697,1
22326663,1
23048478,1
23549531,1
22694646,1
23065555,1
23688722,1
23405350,0
23133706,1
22838464,1
22492713,0
23372465,0
23379369,1
23554893,1
22968108,1
23670123,0
22389574,1
23619634,0
23546418,0
23640350,1
22453791,1
23067731,1
23716369,1
23200806,1
23134492,1
23024806,1
23495848,0
22559517,1
23146546,1
23224728,1
23572752,0
22921958,1
22672324,0
22796890,1
23539397,1
22395040,0
22719666,1
23661997,0
22849987,1
22584936,0
23164280,1
23432824,0
22396367,0
22964031,0
22614040,1
23186810,1
22636664,1
22432282,1
23226546,1
22985459,0
22482176,1
22681162,1
23711513,1
22733322,1
22589368,1
22965367,1
22936213,1
22452526,1
23509070,0
23451860,1
23142601,1
23349524,1
22838385,1
23413999,0
22542694,1
22979725,1
23580302,1
22764696,1
23657925,0
22993250,1
22569117,1
23072231,0
22409672,0
23018067,1
23643076,1
23346050,1
23222172,0
22473172,0
23546773,1
23299534,1
23303722,1
23405645,0
23471314,1
23325766,1
23179050,1
23502577,1
23295748,1
23520983,0
23694693,0
22890045,1
23578698,1
22567263,1
23427628,0
23004922,1
22875415,1
23175997,0
22419494,0
22427647,1
22501724,1
22548311,0
22698623,1
22523292,1
23008504,0
22439903,0
22603714,0
22965387,1
22530592,1
22927493,1
22362951,0
23444187,1
23602175,1
22476187,1
23110465,1
23603304,0
23618957,0
23758895,1
22663300,1
23516030,0
23699704,0
22719027,0
23366431,1
23367116,1
23686957,1
22993436,1
22880880,1
22760634,0
23463367,1
22598279,1
22604430,0
23508498,0
22491380,1
22911599,0
23600725,1
23009562,1
23701530,1
22481771,1
23422554,1
22537498,1
23632959,1
23399767,0
22464014,1
22694755,0
22539291,1
23292692,0
22400902,0
23356317,0
23250227,1
22760781,1
23584690,0
22943337,0
23383553,1
22401468,1
23132512,0
23417798,1
23413929,0
22990524,1
23087541,0
23173561,1
22576434,0
23150552,1
22577237,0
23097301,1
23434248,1
22654563,1
23253991,1
22765018,1
23329775,1
23594437,1
22355660,1
23604007,1
23180990,1
23131886,0
23581363,1
23116420,0
23524825,1
22726377,1
23163739,0
23305529,1
22785162,1
22368407,0
22354858,0
23310325,1
22734115,0
23353421,0
22992305,1
22337950,1
22536086,0
22856207,0
22898329,0
23435957,0
23224225,1
22731714,0
23674700,0
22438186,1
23302855,1
22572818,0
22820638,1
23070651,0
23469534,0
23373003,1
23289942,0
22746444,1
23475638,0
23443438,1
22354664,1
22572377,1
22830690,1
22662031,0
23153646,1
22691916,1
23187816,1
22749794,1
23258497,1
23310025,1
22756238,0
23120779,0
22502619,1
22697288,1
22798274,1
23258611,0
23761461,1
22827151,1
23402035,1
22943808,1
22693172,1
23607352,0
22660181,1
22548783,1
23139346,0
22996167,1
23338836,1
22864368,1
23437497,1
23149957,1
23560256,0
23326943,0
22418330,1
23036925,1
22667992,0
22602349,1
22729241,0
23148220,0
23637590,0
23311302,1
23113337,0
22751699,0
23607159,0
23578124,1
22895587,0
22753371,0
22634224,1
22786555,0
23317132,0
23319964,1
23086254,1
23093051,1
23513648,1
22897870,1
22902577,1
22360795,1
22815588,0
23568536,1
22537693,1
23341578,0
23149913,1
23007975,1
23690468,0
22623726,1
22559041,1
22610533,1
22473908,0
22737238,0
23393514,0
23267635,1
23329769,1
23066267,0
22723853,1
23376219,1
22405784,1
22345985,1
23369793,0
23147215,0
22807233,1
22711463,1
22648056,1
22650408,1
22912257,1
23120431,1
22742231,1
23377862,0
22492099,1
22447357,0
22887296,1
22331758,0
23700699,1
22565347,1
22577365,1
22758404,0
22920284,0
22435331,1
23728792,1
23285767,0
23439083,0
22465057,1
23235833,1
22669290,1
23441877,0
23620657,1
23351538,1
22483995,0
23552137,0
22808743,0
23637767,0
22759825,1
23643972,0
22987240,1
22399904,1
22346817,0
23631006,0
23229304,1
22791121,1
22544068,1
22372416,1
23616824,0
22723771,0
22949588,1
23214698,1
23214769,1
22845779,0
23692862,1
22577097,1
22572971,1
22392738,1
23721013,1
23027033,1
23376428,1
23390751,1
23516693,1
22958432,1
22333362,0
23374006,1
23539293,1
23345238,1
22851866,0
22874896,0
22584071,1
23744399,1
23519475,0
22966425,1
23656561,0
23007537,1
23372347,0
23077034,1
23104487,0
22507385,1
22594078,1
23359159,1
22841701,1
22582828,1
23686943,0
23537343,1
22485130,0
22455000,1
23625732,1
23427998,1
22592427,1
22808937,0
23037399,1
23318082,0
23667855,1
22511267,1
22665011,0
23276554,1
22954195,1
22981367,1
22886209,1
23415942,1
23128639,0
22364248,0
23329622,0
23729899,1
23240315,1
22995358,0
23136893,0
23675422,0
22501189,0
22441561,1
23458595,0
22548424,1
23662703,1
22768045,0
23145705,1
22796901,1
22906791,1
23422705,0
23754413,1
22556202,1
23260464,1
23442406,1
22820211,1
23027904,1
22706480,1
22922275,0
23209632,0
22373496,1
22743574,1
22419342,0
22594883,1
22840150,0
22521313,1
23758111,1
22685467,1
22988822,1
22749539,1
23050035,1
23247797,1
23368385,1
23334032,1
22344723,1
23308918,1
22449166,1
22529686,1
22747893,1
22422751,1
22375544,1
23257417,1
23070159,0
23304426,1
23327766,1
22359731,0
22484645,0
23431099,1
22497470,1
22760885,0
22580273,0
23340863,1
22596525,0
22605024,1
23511784,0
23094950,0
23644627,1
23213108,1
23289338,1
23612529,0
23146899,0
23591892,1
23018238,1
22648104,1
23443841,0
22476887,1
23230324,1
23691182,1
22906964,1
23701045,1
23053967,0
22504517,1
23112324,0
23540808,0
23199652,0
22926937,1
23387689,1
23276143,1
22391418,1
22517030,1
22435824,1
23414769,1
23312933,1
22338792,0
23143365,1
23378400,1
22419406,1
22894660,1
22340578,0
23349521,1
22770609,1
22353879,1
23446634,0
23354979,0
22954925,1
22442055,0
23552004,1
22833676,1
22525197,1
22822513,1
22837605,0
23569663,0
23106645,0
23237344,0
22369736,1
22783272,1
22367901,0
22544369,1
22981135,0
23195162,0
23297698,0
22692814,1
22326797,1
22897182,1
22995253,0
23420209,0
23467324,1
23319603,1
22365196,1
23242229,0
22692949,1
22854697,0
23708552,1
22587770,0
22508675,1
23123644,1
23416148,0
23001825,1
22831728,1
22490655,0
22942856,1
22328396,1
22587373,0
23193577,1
22330136,0
23667056,1
23057638,0
23727104,0
22922839,1
23303137,0
23435975,1
22515043,1
23692879,0
22435871,0
22737659,1
22423071,0
22984239,1
22486734,1
23300061,1
23376539,1
23571396,1
22560942,0
22849076,1
23182660,1
22945039,1
23326354,1
23726897,1
22414965,1
23079528,0
22487356,0
22965476,0
22545606,1
22886591,1
22377353,1
23522919,0
22430479,1
22631709,1
22488100,1
23456574,1
23163251,1
22967999,0
23326605,0
23503777,0
22802321,0
22866534,1
23749354,0
22599974,0
22852061,1
22382508,1
22898907,1
23425805,1
23355134,0
23667489,1
22459009,1
23598799,0
22559470,1
23047808,0
23447382,1
23580557,1
22508563,1
22555524,1
22692721,1
23743555,1
23597725,1
22352157,1
22813696,1
23752170,0
22444735,1
22982317,1
23433626,0
23139053,1
23260404,1
22941338,1
22384306,1
22752981,1
22666493,0
23383213,0
23140077,0
23059691,1
23105387,1
23379038,0
23271314,1
22505200,0
23236083,1
23137893,0
22509533,1
22891604,1
22619964,0
23050331,0
22822732,0
22762068,1
23464012,0
23675809,1
23106376,1
23256429,0
22493455,1
23020919,1
22819712,0
22355109,0
23384985,1
23593542,0
22910541,1
22523385,1
23635695,1
23058191,1
22467455,0
22480586,1
22496558,1
22990978,0
23410948,0
23035128,1
22331587,0
22961301,1
22990052,1
22944847,1
23085746,0
23221156,0
23265442,1
23021616,1
23752482,0
23604402,1
23729544,1
23323100,1
22504674,1
23331461,1
23115133,1
22507725,1
22983026,1
23365541,1
23624859,1
23061747,1
23363260,1
22567002,0
23438316,1
22645072,0
22740243,0
22671077,0
23222589,0
23650260,0
23607681,0
22922626,1
23372222,1
23528704,1
23260097,0
22763984,0
23342897,0
23489307,1
22546352,0
23522005,1
22546570,0
22685870,1
23284402,1
23207025,0
22594969,1
22936805,1
23706854,0
23217849,0
22733377,0
23080342,0
22471876,0
23559270,0
22638086,1
22439139,1
22805804,0
22852397,0
22500965,0
23175713,0
23348745,1
23676696,1
22839752,1
23604479,0
23093931,0
23436019,0
22484037,1
22855282,1
23071776,0
22730678,0
23760256,0
22511455,0
22589218,0
23240309,1
22623616,0
23602846,1
23408324,1
22506335,1
22433303,0
23085459,1
23451206,1
22528093,1
23354671,0
22772184,1
23311392,0
23401207,0
23380599,1
22813514,0
23192786,1
23450841,1
22496354,1
23458924,0
22919645,1
22704747,1
23297939,1
23307085,1
22787077,1
22998959,1
22333478,1
22635287,1
23034163,1
23311188,1
23061990,0
22461596,1
23030742,1
23202481,1
22874655,1
22669321,1
23347482,1
23591989,0
22585680,1
23163550,1
22934471,1
22401845,1
22693508,1
22582755,1
22623381,0
23012061,0
23669743,1
23151890,1
22804972,1
22775909,1
23465824,1
23599963,0
23461623,1
23383774,1
22346805,1
23001923,1
22581169,1
23042973,1
23008045,0
23487306,1
23033758,0
22400398,1
23459111,1
22383033,1
22812657,1
23586173,1
22630685,1
23578754,1
22699818,0
23669767,1
22357022,1
23225177,1
22816007,1
22416635,1
23492542,0
22930886,0
23742023,1
23493415,0
22331777,0
23079707,0
22625958,1
22711190,1
23056079,0
23736958,0
22606024,1
22919737,1
22504213,1
22499198,0
23588640,1
23351392,1
22925755,1
23165366,1
23550464,0
23529818,0
22869778,0
22904179,0
23360634,1
23573489,0
22930607,1
23744261,1
23571917,0
23689273,1
22646873,0
22605520,1
23576845,1
23233631,0
22899960,0
23236502,1
22708058,1
23053670,1
23752493,0
23364677,0
23499648,0
23745844,0
23557504,1
23296403,0
22823658,1
23448304,1
22573199,0
23211455,1
23417848,1
22475830,0
23305813,0
22675584,1
23570153,1
23210685,1
23289355,1
23005111,1
23585452,1
23226117,1
23051691,1
23269490,1
22389400,0
22394614,1
23639528,1
23218372,1
23505675,0
23296408,1
23273103,0
23592124,1
22955540,1
23668375,1
22755965,1
23645792,1
23377991,1
22848594,1
23126214,0
23006184,1
23736341,0
23090298,1
22380977,1
22578402,1
23089624,0
23155389,0
23721692,0
22823388,1
23581569,0
23462194,1
23666831,1
22807990,0
22730533,0
22861035,0
22526754,1
23393792,1
22611400,1
23632945,0
22967272,0
23479546,1
23232104,1
22454251,1
22626861,0
23039583,1
22681750,0
23138187,1
23426168,1
22627311,1
23459947,0
23489459,0
23547449,1
22412920,0
22456890,1
23189622,1
22589038,0
22469810,1
22915979,1
23463832,1
22494948,0
22915693,0
22600019,1
23519894,1
23289288,1
23452507,1
23067686,1
23646383,1
23198851,1
23548644,0
22827189,1
23553409,1
23646039,0
23104293,1
23617899,0
23586340,1
22938036,1
22342828,0
23474601,1
23071586,0
23039954,1
23332102,0
23233344,1
22392015,1
23433680,1
23226943,1
22892781,0
22971429,1
23248966,1
22773823,0
22563373,1
22627998,1
23508133,0
22520414,0
22910842,0
23036536,1
22886798,1
22686469,0
23429550,1
22796562,1
22693650,0
23101717,1
23368681,1
22418951,1
22778574,1
22748852,1
23633853,1
23695419,0
23135041,1
22982075,0
22958685,0
22463804,1
22794907,1
23053943,0
23381497,1
22350699,1
23153728,1
23710387,1
23028815,0
23519829,1
23047542,0
22742798,1
22755607,1
22848900,1
23324303,1
23425134,0
23403881,1
22991254,0
23701716,1
23551138,0
23525051,0
22690347,0
22801499,0
23313352,1
23437032,1
23590879,0
22401823,0
23506150,1
23112012,1
23611321,1
22672225,1
23160525,1
22708052,0
23681239,1
22928808,0
23332769,1
22483140,1
22425869,0
22649491,0
23090079,1
23274066,0
22329960,1
23529855,1
23362711,0
23503727,0
22777996,1
23077409,1
23714794,1
22954425,1
23280356,1
23631605,0
22828366,1
22520109,1
23739452,1
22568535,1
22344027,1
23433060,1
23046800,1
23581680,1
23431058,1
22438390,1
23689692,0
23712001,1
22720246,0
22580380,0
23463612,1
22900149,1
23347747,1
22866754,1
22655674,1
22326908,1
23335335,1
22532975,1
23179239,1
22424801,1
23508328,1
23407841,0
22987386,1
23272001,1
23057483,0
23103410,1
22358789,1
23319599,0
22582627,1
22690847,0
22859372,1
23244548,1
23637431,0
22761364,1
23423039,0
23676467,1
23037796,1
23368416,1
23460219,1
23429537,0
22986324,0
22613473,1
23550613,1
23508483,0
23677288,1
22558214,0
22344774,1
23463310,1
22971747,0
23218064,1
23561917,1
22613934,1
23541693,1
22600920,1
23532391,1
23656025,0
22804197,0
22487295,0
23264401,1
23705069,0
23698127,1
22885074,1
22564618,1
23301708,1
23729612,0
23619894,0
22524639,1
22946810,0
22991306,0
22435065,0
23353415,1
23564155,0
23551754,1
23709893,1
22767272,0
22478757,0
23683408,1
22470033,0
23710634,1
23161848,1
22697947,1
23401785,1
23601924,0
22862348,1
22561115,1
22518966,1
22508944,1
22716703,0
22869135,0
22663709,0
22891784,1
23685691,0
22448065,0
23369589,1
23469076,0
22719404,1
23099251,0
22574336,1
22410174,0
22683778,1
22842114,1
23591441,1
23643935,0
22394109,0
22746683,1
22881967,1
23495397,1
23682515,1
23427336,0
23722951,1
23256374,1
22611320,0
22551269,1
23280628,1
22438615,1
22665748,0
22396157,1
23105770,1
22791086,0
23158813,0
22797332,1
23044939,1
23063576,1
22698951,1
22797228,1
23439009,1
23698052,1
23220179,1
23523190,1
22982790,1
23026500,0
23419101,0
23565374,0
23620444,1
22427995,1
23760632,0
23751896,1
23705582,1
23240770,1
23615467,0
23613522,1
22573444,0
22438169,1
22963332,1
22734442,0
23348228,0
23440828,1
23017935,1
22615444,1
23546546,1
23109693,0
23636454,1
23097522,1
23611674,0
23418087,0
23502573,1
23447265,1
23265120,1
22350595,0
23637972,0
23559841,1
22854188,1
22662332,0
23542945,0
22343317,1
23550036,1
22743739,1
23038755,1
22527907,1
23427496,0
23342782,0
22687812,0
23089046,1
23757456,1
22389911,1
23150223,0
23623533,0
22913604,0
22647919,1
22517295,1
22552676,1
23456137,0
22579604,0
23384078,1
23655540,0
22495156,1
22575457,1
23609615,1
23272276,1
23706252,1
23105957,1
23586542,0
23748250,1
22860578,1
22566059,1
23003576,1
22622875,1
22406684,0
23712657,0
22901182,1
23619313,0
23644922,1
23639161,1
22391538,1
23570217,1
22774418,1
23363019,1
23081320,0
22636868,1
22416922,0
23540052,1
22791464,0
23594687,0
23150813,0
23247031,1
23544078,0
23576424,1
22966691,1
23010544,1
23688290,0
23489073,0
23273780,1
22536748,0
23567733,0
23067948,1
23093406,0
22944495,1
22931405,1
22350888,1
22944673,0
22474320,0
23270122,1
23696743,1
22910376,1
22606486,1
23104685,0
22400198,1
23246788,1
22706160,0
23191403,0
23696880,1
23096271,0
23735054,1
23124355,0
22555643,0
23147560,1
22823241,0
23014994,0
23154494,0
22944022,1
22592110,1
22488774,1
23219014,1
23252274,1
23728353,0
23239282,1
23738879,1
22872449,0
23495151,1
23164881,1
22381356,0
23019958,0
22847469,0
23033859,0
23394730,0
23656024,0
22602740,1
22630181,0
23440715,1
23523063,1
22604199,1
23447775,0
23018090,1
23193867,1
22529793,1
23642094,1
22890580,1
22918726,0
22532046,0
23066735,0
22988137,0
23423996,0
23377070,1
23321299,1
22677629,1
22386008,1
23032720,1
22738470,0
22514377,1
23510484,1
23621010,1
23346441,0
22545682,1
22590777,0
23621546,0
22521196,1
23034300,0
22392296,1
23704097,1
22595182,0
23674687,0
22734141,1
22401606,1
22392405,1
23639872,1
22942435,0
23029831,1
22704769,0
23080725,0
22853546,1
23094753,0
23538691,1
23359249,1
23350020,0
23087565,1
22349409,1
23034420,1
22585844,0
23294348,0
23374138,1
23038046,0
22608756,0
22910753,1
23707174,1
22565599,1
23106160,0
23405235,1
22569020,1
23271359,0
23491012,0
22567629,0
22514284,1
22492496,1
22485915,1
23731270,1
23489841,1
22940141,1
23500392,1
22336353,1
22533031,1
23298851,1
22328428,1
22357788,1
23056812,0
22511590,1
23618991,1
22535766,1
22620577,0
23469138,1
22751225,1
22778170,1
23570364,0
23423882,0
22529249,1
23264886,1
23541535,1
23201698,1
22531612,1
23421234,1
23745590,0
23483510,1
22874673,1
23006500,1
22541289,0
22402254,0
22388292,0
23644675,1
23665330,1
22432241,1
23548776,0
22340323,0
23450933,0
22522256,1
22383854,0
22627816,0
22736238,0
22588754,1
23076755,1
23571597,1
22786256,1
23180330,1
22706032,0
23597449,0
23653578,1
23727171,0
23110035,0
23394513,0
23579483,1
23749618,0
23422318,1
23581993,0
23619483,0
23600079,0
23280070,1
23696135,0
22643737,1
22999198,0
22599047,1
22745982,0
22333077,1
23506564,1
23367297,1
23720490,1
22834593,1
23736807,1
23681040,0
22642062,0
23426198,0
23304495,1
22546551,1
22687169,1
23734646,1
23443275,1
22900376,1
23530725,1
23307671,1
22595526,0
23285177,0
23588960,0
22825712,1
22623602,0
23395771,1
23279429,1
22743315,0
23217533,1
22987733,1
22878322,0
23352441,1
22775527,1
22948152,1
23292324,1
22697658,0
23176858,0
23498476,1
22701836,0
23209315,0
22861992,1
23059983,0
23081773,1
23718096,1
23503350,0
23668945,1
22759941,1
23687084,1
23542872,0
23482049,0
22967314,1
22911054,1
22752113,0
22995583,1
23388317,0
23463455,0
22583925,1
22724816,1
23505439,0
22525653,0
22743097,1
22758170,1
23479000,0
23021830,1
23027195,1
23101269,1
23502571,1
22545284,1
23558126,1
22375002,0
22876792,1
22428822,1
23268469,0
23066602,0
22691408,0
23095151,1
22870731,1
23750662,0
23274653,0
22824120,0
22624474,1
23496499,1
22823681,0
22899048,0
23686309,0
23031829,0
22373157,1
22771306,0
22657943,1
23477524,1
22581347,0
23627711,0
22788034,0
23576115,1
22799551,1
22526313,0
22441507,1
22552259,1
23363093,1
23314134,0
23346126,0
22352702,0
23255929,1
22424982,0
22449119,0
22449191,0
22569706,1
22693572,0
22825731,0
22615282,0
22900707,0
22633254,0
23354087,1
23693652,1
22540061,1
23311850,1
23383378,1
22768203,1
23193120,0
22607259,1
23420262,1
23206971,1
22844208,1
22984417,0
23067567,1
22694556,0
22873218,0
23567465,1
23298485,1
23149717,1
22898585,1
22726891,1
23586649,0
22993729,0
22894389,0
22782081,1
22348951,1
22910395,0
22561159,1
22688461,0
23018486,1
23508771,0
22433092,1
23542284,1
22988204,0
23151560,1
23254747,1
22337630,0
22520349,1
23536592,1
23412291,0
23695316,1
22740685,1
23288152,1
23033024,0
22580975,0
23355257,1
22688154,1
23152223,1
23264767,1
23463312,1
23114740,1
22347355,1
22387993,1
22649506,1
22594624,1
22776426,1
23649802,0
23407034,0
22673206,1
23459706,1
23641425,1
23397141,0
22749180,1
23621601,0
23728128,0
23142020,0
22929281,1
23341793,1
23346642,1
23529041,0
22925780,1
22672459,1
22356499,0
23625522,0
23038793,1
23607826,0
22641924,0
23680173,1
23127846,1
22372593,1
23081408,0
23513199,0
23414261,1
22595674,0
23525492,0
23111159,1
22328193,1
23527167,0
23335709,0
23207730,1
23654154,0
23654332,0
22374067,0
22778260,1
22530175,1
23529348,0
23093565,0
22440716,0
22732566,0
22962440,1
22488173,1
23002239,1
23045728,0
23215966,1
23472867,1
22327170,0
22964973,1
23646693,1
23041890,1
22771788,1
22972064,1
22712381,1
22777121,0
23256624,0
22870893,0
23265228,1
23716405,0
22982413,0
23041015,1
23161958,0
22935426,1
22565590,1
23626517,0
23337266,1
22659099,0
23545533,1
23083666,0
23056139,0
22603787,1
23586839,1
23716157,0
23036758,0
22506509,0
23616777,0
23324076,1
22796968,1
23217628,1
22422802,1
23093610,0
23388012,1
22441153,1
23720559,0
23197888,1
22436433,0
23440682,1
22394439,1
22360058,0
23091470,0
23677920,1
23515735,0
23283881,0
23513747,0
23713635,0
22597262,1
23684671,1
23746518,0
23646902,0
22584407,1
23321205,0
23610618,0
23656038,1
22452466,1
22803896,1
23291323,1
23063047,0
22671874,1
22635348,1
22955543,1
23754032,0
23760145,1
22663084,1
22455083,0
23653636,0
23595301,1
22629256,1
22853181,1
23582229,1
22341370,1
22440106,1
22431039,0
23515641,0
22416273,1
22748317,1
23183873,1
23181274,1
22458160,1
22400384,1
22993840,0
22694207,1
23221303,1
23732186,0
23168280,1
22975776,1
23376220,0
22676549,0
22878473,1
22484328,1
22532083,1
23540582,0
22902850,1
22532222,0
23693364,0
22931190,0
23276435,0
22374607,1
22900090,1
23542635,0
23312536,0
22375278,1
23616914,1
23028560,1
22936243,1
22944153,1
22337638,0
22705432,1
22774222,1
22462613,1
22905499,0
23029780,1
22385052,1
23160503,0
23442207,0
22978153,1
22765987,1
23405889,1
22728732,1
23432396,0
23038328,1
22640618,1
23575387,0
23446527,0
23560990,1
22436789,1
22950981,0
22619506,0
22368058,1
23655102,0
23053300,1
22477027,0
23756235,0
23648440,1
23673001,0
22467309,0
23129634,0
23432861,1
23138354,1
23004136,0
23418733,0
22407658,1
23586358,1
23495194,0
22610316,1
22678346,0
23738322,1
22391186,1
23494056,1
22966958,1
23672340,0
23757180,1
23337480,0
22752268,0
23359980,1
23719112,0
23351183,1
23672802,1
23119522,1
23009117,1
23171988,0
23497692,1
23435313,0
23576078,1
22364009,0
23011047,0
23508627,1
23614900,1
23352256,0
23650424,1
23324338,1
23140593,0
23312022,1
22885929,1
23295961,1
23162204,0
22882457,1
22869230,1
22646642,1
22645927,1
23143834,1
23400054,1
23033993,1
23273954,1
22388121,1
23312160,1
22609236,1
23758988,1
23488752,1
23193639,0
23557550,0
22905538,1
22933318,0
22540516,0
23571648,0
23015173,0
22648638,1
22967560,0
22802102,1
23160042,1
23508531,0
22462406,0
23086689,1
22595808,1
23400208,1
22829512,1
22998214,1
23385847,0
22904812,0
23190751,0
22869457,0
22458481,0
22472527,1
22734645,1
23398820,0
23498601,0
22646740,0
23607781,1
23522508,0
23553282,0
22425026,0
23517456,1
22882790,1
23724054,1
22837603,1
23376978,0
22740127,1
23172131,1
23473787,0
23210016,1
23573148,0
22839859,1
22931121,1
23083427,0
22955371,1
22348258,1
23575947,1
23701774,0
22883449,1
23386667,1
23009647,0
23245094,1
22354764,1
23612645,1
23247237,1
22622372,0
22789190,1
22560488,1
23289097,1
23566062,1
22915433,1
23174568,1
23457673,0
23402537,0
23039093,1
22498298,0
23074725,0
22695152,0
22551921,1
22343015,1
23277580,0
22859362,1
22922069,0
23696597,1
23600207,0
23095278,1
22822937,1
23179499,1
23607556,0
22716782,1
22948557,0
22681860,1
23374324,1
23729903,1
23373423,1
22865766,0
23366232,1
23244155,1
22577668,1
23153189,0
23004706,1
22926999,1
22802767,1
22529168,1
22955828,1
22843702,1
23135521,1
22650202,1
22926816,1
23472615,0
22919349,1
23702875,1
23752926,0
23459852,1
23235666,0
23672626,1
23753556,1
23194130,0
23161108,1
22651314,1
22783540,1
23019413,1
22539462,1
23340633,1
23422957,1
23397146,1
23739179,0
22747879,1
22897860,1
23346321,0
22564748,0
23251517,0
23732036,1
22765467,1
22404062,0
23023254,1
22748330,0
22613465,1
23355624,1
22521802,0
23008084,1
23560240,1
22344202,1
23144127,1
23497930,1
22693343,1
23462527,1
23396272,0
22559431,1
22817865,1
22846880,0
22570650,1
22994921,1
22544515,0
22595673,1
22861319,1
23315218,1
23362670,1
22792056,1
22640975,1
23560466,0
23697381,1
23660442,1
22874891,1
23128124,1
22699320,0
23234624,1
22422156,1
22770607,1
23076677,1
23569285,1
22922960,1
23263903,0
23403916,1
22945161,1
23489352,1
23165622,1
23366141,0
22464221,1
22785798,1
23437707,0
23675137,0
23195297,0
22416505,1
22436270,1
22519816,1
22337254,1
23026373,1
23301687,0
22950586,0
22695077,1
22564074,1
22769395,1
23682888,1
22689264,0
22818365,0
22345930,0
22448817,1
23020911,1
23710755,1
22597230,0
23055581,1
22804362,0
23350862,1
23575350,1
23658824,1
22876624,1
22484272,1
23075678,1
22572175,0
22959054,0
23000079,0
23248462,0
23729452,0
22839325,1
22482921,1
23068513,1
23565333,1
22904674,1
23350672,0
22386263,0
22647648,1
23693959,1
23156204,0
23316164,1
23363899,1
23381616,1
23124564,1
22816099,1
23683831,0
22440330,0
23470526,0
22517500,1
22993166,0
23495223,1
22946573,1
23391407,1
22730397,0
23613318,1
23715869,1
22377391,0
23057841,0
22961994,0
22435970,0
22365314,0
23563883,1
23186852,0
22941199,1
23725151,0
23515154,0
22670250,1
23456705,1
22488053,1
22809399,1
23367585,1
22927400,1
22998246,1
23505315,1
23393862,1
23029399,0
22995205,1
22494427,0
22343383,0
23100360,0
22941797,1
22526500,1
22660518,1
22477847,1
22600573,1
22732462,1
23623064,1
23201040,1
23341017,1
22330828,0
23066343,1
22393139,1
23196016,1
23546329,1
23469594,0
22346083,1
22508298,0
22985864,1
23301617,1
22352431,1
23209176,1
23611585,1
22713003,0
22684768,0
23184037,1
23101641,0
23456922,1
22804053,0
23695613,0
22330728,0
22571168,0
23637808,0
23716729,1
22710081,1
22836843,1
23314916,0
22506826,1
23200572,0
22716605,1
23004036,1
23272733,1
23406837,1
22683579,1
23296988,1
22623318,1
23602634,1
23521956,1
23354934,0
23581791,1
22859844,1
22544612,1
23725168,0
23513646,1
22820419,0
23697083,1
23289761,1
22919434,0
22381827,0
23493318,0
23223390,0
23537761,1
23147082,1
22506695,1
22815195,1
23178933,1
22695434,0
23379948,1
22540382,0
22632897,0
22463343,0
22620955,1
22334351,0
23724000,0
22576301,1
23311738,1
23663161,0
22413854,1
23203192,1
22603799,0
23676786,1
23343401,1
23567794,1
23418550,0
23531529,0
22919583,1
22971488,1
22674631,1
22369313,0
22930078,0
23048067,1
23730238,1
22813056,0
22428199,1
23291281,1
22683422,0
23465466,1
23566556,0
22419389,1
23362312,1
23757042,1
22868533,1
22477657,0
23081189,1
22498192,1
23403974,1
22887255,1
22354542,0
22747274,0
23272063,1
23442859,1
22804420,0
23688134,1
23617067,1
22862173,1
22756139,1
22946404,1
22946082,1
22492394,1
23406420,0
22993697,1
23051435,1
22390451,0
22339501,1
23100619,1
22665339,1
22610427,0
22862625,1
22609966,1
23395435,1
23648620,0
22529242,0
22491613,1
23650016,1
23739535,1
23146445,0
23075810,0
23353768,1
23501687,1
23308402,1
23655620,0
23404492,1
23202897,1
23484493,0
22927835,1
23488651,0
23729263,0
23010546,1
22692797,1
22822355,0
23604794,1
23595066,0
22950987,1
22512481,1
22685314,0
23726944,1
22601752,0
23699078,0
22606746,1
23457001,1
23604218,0
23331054,1
23651898,1
22835910,0
22643382,1
22796309,1
23479410,0
23694342,1
23094146,0
23285384,1
23302165,1
22326629,0
22570627,1
22387037,0
23553123,0
23301464,1
22571649,1
23492398,0
22979663,1
22360256,0
23517846,1
23682316,1
22575607,0
22864260,0
22976942,1
23183726,1
23664666,0
22363997,0
22500661,0
22612322,1
23012538,0
22925925,1
23432271,1
22410489,1
23732225,0
23314439,0
23487396,0
22624769,1
23688020,1
23120457,1
22791846,0
22549252,1
23576255,1
23363751,1
22821055,1
23179385,1
23679656,1
23114700,0
22593380,0
23181103,0
23645967,1
22802256,1
22899486,1
23529793,0
22348185,1
23307324,0
23319673,0
23422423,1
22373743,0
23493590,0
22558694,0
22535815,0
22415517,1
22687144,1
23145704,1
23347838,0
23611452,1
23116584,1
23511646,1
23039509,1
22407633,0
22611404,0
23541543,0
22977522,0
23385586,1
22872026,0
22550822,1
23500324,0
22329092,1
23209711,0
23227946,0
22652853,0
23642261,1
23581388,1
22966465,1
22767812,1
23033909,1
23069643,0
22771654,1
23370842,1
23589676,1
22839026,1
22542103,0
23076715,0
23105293,0
23259446,1
23756576,1
22544752,1
22841073,1
23281768,0
22539083,1
22582846,1
23259600,0
22672710,1
23392215,1
22413459,1
23640952,0
22984892,0
22828415,1
23312231,1
22661400,1
23048975,0
22597749,0
23680341,0
22349769,1
23532865,1
22883677,0
22383353,1
22824789,1
23519920,0
22790531,0
23520768,1
22717215,1
22769916,1
23642255,0
23609298,0
23208342,1
22671392,1
22689955,1
23429555,1
22416565,1
23712857,1
23667251,1
23224765,0
22913936,1
23676346,1
23320365,1
22535157,0
22617938,1
23623225,0
22992591,1
22574073,1
23747681,0
22443382,0
23346532,1
22910576,1
22860433,0
22745738,1
22802268,1
23337426,0
23317533,1
22734971,0
23651021,1
23193091,1
23182323,1
23654458,0
23461447,0
22803394,1
22701059,1
23380115,1
23738471,1
23412634,1
22525789,1
22908593,1
23336665,1
23694092,1
23034170,1
23490178,1
22528389,1
22662036,1
22831707,1
23369899,1
23601244,0
23093897,0
22571673,1
23392164,1
22639897,1
22982054,0
22834499,1
23551180,0
22649538,1
22651118,0
22708844,0
23606465,0
22693963,1
23064669,1
23162834,1
22637551,1
22583559,0
22343067,0
23089514,1
23742707,0
23602642,0
23432123,0
22760493,0
22380778,0
23496431,0
23673180,1
23628116,1
23411154,1
22672852,1
22579174,1
22467942,0
23480916,0
23712102,1
23501896,0
22663766,0
23120764,0
22816802,1
23125449,0
23545268,0
22832602,1
23354170,1
23723875,0
22980878,1
23364287,0
22717377,0
23455073,1
23326790,1
23687545,1
23179427,1
23705001,1
23069490,0
22381751,0
22917289,1
23601270,1
22760300,1
23663852,0
22389153,1
22447622,0
22962726,0
23546983,0
23483518,0
22425453,1
22353551,1
22542452,1
22609585,0
22599222,1
22345184,0
23171219,1
23685433,1
23244956,1
23454078,1
23193559,1
23743567,1
22556251,1
22579732,1
23421836,0
23091467,1
23423939,1
23606545,1
22866414,1
23273079,1
22472875,1
23365394,0
23323755,0
22835891,0
23744170,1
23695594,1
23741326,0
23290998,1
22632316,1
22446853,1
23207112,1
22560022,0
22976652,0
22777731,1
22711762,0
22645370,0
23549080,0
22767591,1
22814441,0
22797528,0
22422399,0
23438837,0
22417979,1
22444060,1
23212932,0
22492478,1
23344531,1
23293064,1
22331447,1
23360182,1
23492745,0
23398273,1
23536189,0
23517377,0
23634399,0
23431600,0
23203151,1
22682997,0
22568080,0
23099189,0
23457906,1
22601018,1
23445438,0
22532113,0
23719729,0
23548116,0
23122869,1
22360525,1
23621490,0
22742417,1
22351324,1
23334928,0
22745213,1
22954257,0
22801956,1
22608743,1
23127118,0
23555819,0
22543599,0
23419236,0
23339291,0
23675328,0
22805749,1
23281299,0
22477208,1
22750719,0
22435306,0
23322399,1
22765434,0
23070631,0
22639603,1
23365390,1
22762545,1
23110796,1
23492202,1
23048094,1
23554324,1
23450691,0
23484315,1
22356018,1
22987231,0
23655805,0
22673880,1
23187265,1
23467656,0
23105549,1
22560822,1
23597225,0
22337957,0
23448793,0
23295416,0
23756293,1
22442404,1
22693887,1
23567649,1
23008815,1
23431729,1
23425589,0
22573057,0
22537127,0
22789497,0
22968505,1
23516300,0
22453528,1
23020533,0
22472023,1
23595538,1
22356059,1
23207890,0
22513189,1
22567696,1
22596177,1
22852654,1
23226750,1
22607469,1
23065483,1
23035185,1
23290857,0
22615049,0
22496342,1
22876027,1
22765992,1
23415830,1
23439888,1
23518689,0
22835266,0
22628145,0
23589256,1
22574214,0
22928294,1
23070365,0
22977304,1
23235069,1
23545536,1
23615256,1
23283819,0
23419584,1
22547534,1
23178272,1
23716947,1
23714707,1
23525099,1
23220088,1
23021988,0
23353089,1
23664114,0
22929325,1
23594870,1
23629867,0
22506442,1
22971350,1
23650297,0
22344855,1
22883348,1
23197163,1
22912356,0
23028941,1
22716432,1
23090919,0
22596040,1
23235038,0
22782292,1
22502161,0
22901169,1
23548334,1
23555497,0
23472541,1
23276887,1
22412523,1
23027277,0
22579988,1
23651328,0
23612581,0
22705785,0
23515187,0
23711403,1
23731218,1
22982480,0
23761793,1
22792485,0
22412470,1
23172698,0
22570849,1
23467948,1
23559998,1
23758310,1
23556149,1
23640449,1
22731825,0
23322343,1
23155213,0
23606363,0
22816899,0
23235353,0
23397643,0
23363626,0
22417263,1
23489500,0
22670539,1
23474903,1
23138207,1
23438624,0
23648885,1
23406193,1
23124095,0
23226335,0
22833167,1
22618488,0
22658998,1
22972329,0
23373020,1
22821884,1
22784956,1
23308430,1
22817336,1
22585738,0
23081999,1
23332703,1
22545984,1
23665608,1
22749825,1
23720727,1
22424829,1
22749434,1
22815356,0
23708897,1
23606773,0
22663363,1
22729161,1
23457782,0
22471789,1
22343146,1
23460693,0
22785576,1
22874005,1
22657125,0
23427899,1
23410305,1
22646077,1
22350980,1
22820683,1
23554261,0
23691282,1
23344934,1
23612212,0
23188767,0
23189405,1
22803468,1
22420110,1
22336522,1
22794692,1
23224004,1
23379694,1
23493412,1
23099387,0
22354107,0
22426530,0
23289703,1
23043786,1
22639254,1
23587617,1
23491077,0
22419357,1
22335669,1
23252147,1
22575850,1
22948119,1
23746009,0
23515586,0
23506928,1
23719437,0
23299876,0
22427478,0
23204176,1
23190266,1
22734168,1
22858608,1
22684481,0
23619121,0
23062225,0
23439925,0
22516528,1
22525261,0
23295362,1
22521359,1
23524904,1
23142050,1
22948527,1
23761820,1
23276125,0
22643834,1
23236562,0
23245419,0
23545839,0
22857713,1
22564600,1
23363544,0
22943726,1
22993153,1
22910367,0
22631029,0
22732044,1
22724116,1
22863535,1
23206615,1
23603488,1
22577394,0
22863333,1
23577376,1
22803027,1
23085364,1
22367169,0
22593336,1
22672906,0
22961419,1
23116028,0
23542038,0
22832073,1
22816031,0
23637196,0
22648436,1
23721065,0
23489076,1
23135486,1
23642687,0
23217300,1
23706901,1
23705088,0
22379796,1
23399505,0
23192308,1
22644762,1
22697468,1
22956569,1
22914801,0
23191409,1
23203439,0
23680040,1
22934463,1
22919242,1
23753009,1
22666005,0
23362039,0
22386089,1
23510191,1
23028935,0
23677316,0
23171468,0
23212554,0
23191454,1
22933240,0
22363962,0
23529655,0
22423229,1
22336334,1
22989835,1
22873344,0
23365216,0
22357403,1
23014426,1
23577701,0
23744188,0
22414722,0
23449283,0
23051077,1
22487981,1
22917591,1
23036963,1
23676994,0
22993612,1
23318753,1
23195555,0
23570845,1
23042911,0
23283583,1
22661623,0
23033387,0
23502057,0
23691957,1
22756245,1
22795821,0
23385073,1
22779943,1
22754806,0
23751057,1
22687503,1
23624087,1
23499453,0
23407994,1
22835566,0
22332501,0
23246600,1
23501919,1
23347372,1
22810746,1
23456257,1
23441752,0
23386587,1
23597016,0
23390221,0
23680525,1
23572726,1
23476403,1
23071413,0
22648925,0
22618432,0
23663353,1
22670047,0
23731820,1
22887673,0
22780306,1
22514204,0
23587188,1
22729697,1
23055055,0
23501942,1
23591633,0
23207590,0
23209199,1
23124769,1
23018163,0
22627509,1
22575695,0
23301475,0
23457549,0
22745749,1
22418285,1
23525550,1
22502652,0
23296504,0
23442831,0
22399889,1
23395348,1
22419425,0
23433590,0
23420525,1
22785977,1
23235252,0
22918314,1
22868150,1
23613853,0
23024102,1
23091819,0
22521773,0
23355818,1
23015746,1
22885323,1
23737882,0
23146404,1
22711799,1
22745711,1
23215231,1
22590151,1
22952986,1
22828300,1
23201968,1
23388596,1
22451990,0
23288374,1
22871776,1
22939815,0
23616495,1
22843652,1
22966644,1
23537460,1
23216722,1
22408564,0
22553313,1
22382497,1
23751688,1
22531908,1
22656455,0
22986217,1
23553054,1
23014755,1
23480175,0
23208040,1
22333441,1
23347772,0
23702157,0
22595272,0
23283610,1
22490831,0
23144896,1
23113083,1
22815483,1
22785093,0
23194348,0
22600730,1
23034040,1
22864862,1
23120993,0
22826864,1
22476645,1
22339348,0
22741562,1
22956777,1
23452561,1
22981378,1
23621003,1
22906039,1
22948107,1
23550813,0
22350752,0
22507505,1
22957613,1
23565656,0
22976533,0
22418668,1
22626185,1
23015910,1
22813538,1
22774982,0
22908208,1
22792815,1
23471189,0
22800464,1
23282048,0
22516390,1
22970800,1
23022981,0
23144042,1
22608465,1
22611021,1
23426693,1
22993307,1
22530817,0
22957551,1
22786623,1
22337458,1
22745155,1
23332766,1
23331008,1
22711372,1
22574149,1
23098695,1
22738992,1
22679353,0
23325642,0
23690093,1
23246118,1
23412994,1
22681814,1
22372046,1
22356301,0
23706635,1
22628746,1
22904732,1
22622834,1
22336702,1
22478452,1
23157582,1
22869060,1
23621661,0
22514813,1
22900869,0
22646008,1
23352635,1
23051049,0
23347158,0
22498310,0
23186039,0
22682446,0
23592563,1
22403667,1
22365964,0
22620106,0
22403783,1
22993152,0
23357314,1
22747454,1
23680549,1
22841642,0
23340107,0
22817729,1
23157346,1
22637538,1
22623730,1
23579251,0
22354272,1
23733615,0
23607918,0
23637559,0
23469391,0
22857859,0
22589650,1
22701575,0
23711830,0
23707513,0
22379179,1
23483247,1
22366848,0
23573662,1
22760969,1
22521753,1
23473670,1
23693773,1
22688335,1
22355994,1
22705263,1
22812961,0
23097861,1
22493156,1
22376599,0
22651960,1
23610381,1
23518199,1
23317226,1
22733601,1
22732247,0
22383272,0
23190256,0
23664966,1
23565026,1
23548460,0
23391366,0
22976330,1
22372458,1
23567854,0
22760886,0
22992777,1
22810862,1
23225302,0
23191228,1
22517304,0
23280332,1
23225902,0
23138266,1
23358733,1
23177165,1
22590649,1
22872114,0
22410191,1
22440073,0
23265399,1
22648341,1
22436763,1
23462667,1
23373821,1
22832687,1
23109159,0
22846606,0
23673437,1
23561601,1
22962954,1
22482621,0
22791004,1
23052282,1
23357112,0
22581525,1
22410634,0
22687388,1
23501172,1
23317698,1
23032466,1
22761501,0
23247284,0
23283633,1
23112580,1
23482472,0
23182952,1
23487655,1
22392875,0
22945573,1
22599614,1
23681839,0
23645734,1
23427681,1
22470702,0
22911530,1
22700864,0
22707388,1
22533190,0
23343111,1
23305452,0
23685864,1
22794612,1
22975572,1
23002007,0
23616055,1
22885508,0
22644923,0
22566813,0
22480351,1
22908653,0
23622913,1
23594397,1
23699122,1
22930933,0
22574554,1
23599543,0
23392786,1
22359086,1
23675378,1
22781655,0
22587669,1
22640225,0
22814683,1
22455711,1
22554960,0
22991071,1
23493942,1
23652889,0
22420712,1
23117723,1
22795989,1
22671626,1
23666983,1
22695427,1
23516499,1
23752335,1
22409116,1
23652072,0
22378717,1
22671125,1
22617277,0
23567619,1
23045447,0
23265968,0
22455543,1
22803462,1
23662368,1
23721001,1
22487156,1
23175812,0
23631943,1
23756191,1
23029422,0
22950861,1
23613213,0
22919356,0
23579542,1
22992174,0
23752208,1
22732114,0
22949445,0
22429832,0
22440111,1
23441295,1
22668903,1
23401745,1
23423627,0
23616152,1
22733100,1
23668944,1
22648643,1
22552422,0
23625230,1
22335144,0
23689478,1
22503644,0
23306792,1
22869742,0
23292782,1
22370998,1
22815085,0
22629559,0
23119777,1
23482128,1
23137599,1
22949678,1
22382556,0
22470871,1
23633645,0
22869549,1
23562523,1
23107607,1
22402892,1
23242579,1
22815326,1
22738736,0
23199236,0
22937861,0
23734058,0
23054414,1
23628475,1
23557940,1
23180954,1
23109770,1
22657375,0
23567008,0
22423020,1
23728151,0
23421363,1
22331729,0
22377689,1
23283253,0
23513684,1
23163049,0
23024147,0
22365985,1
22960703,0
23253273,1
23420808,0
22759052,1
22409679,1
23668036,1
22802288,0
23486772,0
23102542,0
22651014,1
22716789,1
22498663,1
22708070,0
22352147,1
23127306,0
22934715,1
22627505,1
23266785,1
23712274,1
23612628,0
23145046,1
23337565,1
23360699,0
22370944,1
22455877,1
23061467,1
23094708,1
23088376,1
23518630,0
22331869,0
22868286,0
22737278,1
23521878,0
22614638,1
22647847,1
23695877,1
23071173,0
23114029,0
22443271,0
23289210,0
22941318,1
23199629,0
23460547,0
22892830,0
22753684,0
22612144,1
23381791,0
22504986,1
23458248,1
23449115,0
22544732,0
22332022,1
23624250,1
22946452,0
22920014,1
23534065,1
23747188,0
22380672,1
22431785,1
23322628,1
22722162,1
23434539,1
23018765,1
23120696,0
22523159,1
23413483,0
22469907,1
23309383,0
22406036,1
23052229,1
23512837,1
22414123,0
23374889,1
22511398,1
23211346,0
22645281,1
22429289,0
23597692,0
23326862,1
23663350,1
23585408,1
22633446,0
23181281,0
22891668,0
23553563,0
23637823,1
23644676,1
22593773,1
23288995,0
23199260,0
22768526,0
23669810,0
22870018,1
23228668,0
23105091,1
22501603,1
22414231,1
22349998,0
22360369,1
23566052,1
23640314,1
22459908,1
23494506,1
22778655,1
22906139,1
23451172,1
23523927,0
22511188,1
23156320,0
23379273,1
23070502,1
23135277,1
22569904,0
22357879,1
23398819,1
22541651,1
22861539,1
22706565,1
23620436,1
23717966,1
22540155,1
23740900,0
22507091,1
22698910,0
23303653,1
22693359,1
23039178,1
22648184,1
23396092,1
23567869,0
23327274,1
22559616,0
23687900,0
23429571,1
23070908,1
23010307,0
23315249,0
23033841,1
22536553,1
22707988,1
22397541,1
22922716,0
23242598,0
23675032,1
22529690,0
23113762,1
23705600,0
22741836,0
22846416,0
23464245,0
23496046,0
22909069,0
23749340,0
22811687,0
22612528,1
23608949,1
23677061,1
23561780,0
23457812,0
23289174,0
22395957,1
23286348,1
22333578,1
22658493,0
22545784,0
23243686,1
22450139,1
23689594,1
23198890,0
22723434,1
22733010,1
23504349,1
22988027,0
22882240,1
23076756,1
23052236,1
22964528,1
22884981,1
22603644,0
23618381,0
23587272,1
22766805,1
22650924,1
22641135,0
23597002,0
23346707,1
22830769,0
23194063,0
23499464,1
23338650,1
23265665,0
23352331,0
23239380,0
22714851,1
22696637,0
23478028,0
23184769,1
22818953,0
22817737,1
23755943,1
23105849,1
23442715,0
22685062,1
22485643,0
23243552,0
23448246,0
23539548,0
22358348,1
22685613,1
23738756,0
22998761,1
23518185,0
22738689,0
23419374,1
22440923,1
23159978,0
22575309,1
23554060,0
22699101,1
23317885,1
23308865,1
22806013,1
22521061,1
23049519,1
23408824,1
22971464,1
23037511,1
22702526,1
22623828,0
22951771,1
22378523,0
23159309,0
23075488,1
23712915,1
22884959,0
23459834,0
22633686,1
23525934,0
23436993,0
22590552,0
22392946,1
23400087,1
23697905,1
23725339,0
23397505,0
23170102,1
23315140,1
22639341,1
22614477,0
22334703,0
23680188,1
22649797,1
23335948,1
23686467,1
22968284,0
23668480,0
23015091,1
23064985,1
22442363,1
22834769,0
22465170,1
22426567,1
22895485,1
22926112,1
23590584,1
23379777,1
23074786,1
23437020,1
23560332,0
23486587,1
23127095,1
23616976,1
23658106,0
22636685,0
22898015,1
22751005,0
23060717,1
22521833,1
22450046,0
22966529,1
22338365,1
22407024,0
23387640,1
23004401,1
22691090,1
23148232,1
23223931,0
23517729,1
23642470,1
22908821,0
22348167,1
22614306,1
22805061,1
22435986,1
23089721,0
23559113,1
22556976,1
23726195,1
22646743,1
22401480,1
23115344,1
22904024,1
23019221,0
22842327,0
23020534,1
23433408,1
23356371,0
22332710,1
23302841,1
23385787,1
23581863,1
23299332,1
22732801,0
23738139,1
23617377,1
23633699,0
23350701,1
23479867,1
23573293,1
22501418,0
22535725,0
22350163,0
22702906,1
22386568,0
22997087,1
23429464,1
23087608,1
23325981,1
22440890,0
23694068,0
23196697,1
22445983,0
23050073,1
22495594,0
22608347,0
23414605,0
22335441,1
23719721,1
23210638,1
23587270,0
22939632,1
23079704,1
22792669,1
22931075,1
22846398,1
22959564,1
23500248,0
22763085,0
22550274,1
22918000,1
23072599,1
23390858,0
23441083,0
23329928,0
22708429,1
23368607,1
23636603,0
22598247,0
22435901,0
22385808,0
23235438,1
23000996,1
22882888,1
22398366,1
23299777,1
22656547,1
23670441,1
22331259,0
22333386,1
22478758,1
22804099,1
22434546,0
22444217,1
22689742,0
22813378,1
23488914,0
22636657,1
23398364,1
23714096,1
23074039,0
23307142,0
22898282,1
22902351,1
23549445,1
23215425,1
23212004,1
22401919,0
22553042,1
22648822,1
22951367,1
23431840,1
23678731,1
22736360,0
22740121,0
23669576,1
22594418,0
22755411,0
22955289,1
22437837,1
23654710,1
23190732,1
22724538,0
23309906,0
23645836,1
22923574,1
22860159,1
23131475,0
23420077,0
23691018,1
22948427,0
23704187,1
22747399,1
23210348,1
22413811,1
23545132,1
22919799,1
23564505,0
22482795,0
23439807,1
22384640,1
22795811,1
22588514,1
22902064,1
22329090,1
23319557,1
22957894,0
23185402,1
23411234,1
22927514,1
22874848,1
22924984,0
23312445,1
23492373,0
23074345,1
22876667,0
23745123,1
22461417,1
23121266,1
23369600,1
22921416,1
22836465,1
23310749,0
23057304,0
23122276,1
23501964,1
22764880,1
23551273,1
22809275,1
23377563,1
23467951,1
22808787,1
23258467,1
23746776,0
23443634,0
23016381,1
23014297,1
22864097,1
22661243,1
22607216,0
23060182,0
23749530,0
23514236,1
22422442,1
23523342,1
23551293,0
22579678,1
23052707,0
23689027,1
22973895,0
23756967,1
22613618,1
22812543,0
22645977,0
22450973,1
22735266,1
23408592,0
23009357,0
22786534,1
22370943,0
23279934,0
23407689,1
23048084,1
22725782,0
22465687,0
23144050,1
23748090,0
23109638,1
23324744,1
22661550,1
22394837,1
23434806,1
23409881,1
23672337,1
22590815,1
22535949,1
23485252,0
22967953,0
22372111,1
23226986,1
22606186,1
23512645,0
23570644,0
23382808,0
23247127,1
22420274,1
23077612,0
23744744,0
23634023,0
23582378,0
23433230,0
23673667,1
22360332,1
23393252,1
22444485,1
22377843,1
22971921,0
23669028,1
22520619,1
23359036,0
22837102,1
23687314,0
23319211,0
22753159,1
23211146,1
23730822,0
23330682,0
23397487,0
22809077,1
22782630,0
23062382,1
23184211,1
23757191,0
23297869,1
23643238,1
23217567,0
23085675,0
23265331,1
22567210,1
22415690,0
23494433,1
22862037,0
22605459,1
22784483,1
23402674,1
23479637,0
23101138,0
22440355,0
23450853,1
23215619,1
23456352,1
22673939,1
23453542,0
23196718,0
22439644,1
23385299,0
23559484,1
23018585,1
22759584,0
23383067,1
22891561,1
22942235,0
22588050,1
22733911,1
23428731,1
23140039,1
23691587,1
22484687,1
23023932,1
23255786,1
23322447,1
23227813,1
22457531,0
23348023,1
23051562,0
23413521,0
22764178,0
22980891,0
22972376,1
23269960,1
23757493,0
23356058,1
23760981,1
23585567,0
23686922,0
22452962,1
22343542,1
22946008,1
23414348,0
23518010,0
23572476,1
23021436,0
22825651,1
22501551,1
23250630,1
23758661,0
23437345,0
22497675,0
22436732,0
23212734,1
22526053,1
23573829,0
22786633,0
22514138,1
23243763,1
23584248,1
23677338,1
23132281,1
22462938,1
23643828,1
22387408,1
22827715,1
22884342,0
22326691,1
23043028,1
22470188,1
23424450,1
23219473,1
23594234,1
23276373,0
23680838,0
22410098,0
22961764,1
22817349,1
23324501,1
22982783,0
22620738,0
22381929,1
22443010,1
22399081,0
22755254,1
22821646,1
22983529,0
23329869,1
23068933,1
22617706,1
23044957,1
22383264,1
23131553,1
22716158,0
22835726,1
23008631,0
22631085,1
22339802,0
23559939,1
23564481,0
22784230,1
23020091,0
22407252,0
23491592,1
22834213,1
23480763,1
23497039,1
22331343,0
22485516,1
23267724,0
23686468,1
22509717,0
23610060,1
22759357,0
22944646,1
23649557,0
23509757,1
23614650,0
23493151,0
23314649,1
23365014,1
23247412,1
22942982,0
22536754,1
22724949,1
22337142,1
22522721,1
22748629,1
23730540,0
22912358,1
23485116,1
22861703,0
22482878,1
23687396,0
23615416,1
22434910,1
22982200,0
22735793,0
23314484,0
22575913,1
22892019,0
23035591,1
22719310,1
23398241,0
22916652,1
23749544,1
22576541,1
23438374,0
22627671,0
22360540,0
23326599,1
23729878,0
23629775,1
22587948,1
23682025,1
23317741,1
22630979,1
22349237,0
22757180,1
22627875,0
23401699,1
22855483,0
22830799,0
22490543,1
22795566,0
23508503,1
22945767,0
23151783,0
23728834,1
22660640,0
22495116,0
23096313,0
22808640,1
22946244,1
23628211,1
22534561,1
22510683,1
22767094,0
23337333,1
22613142,1
22820199,0
22729658,0
22800939,0
23223078,0
22650144,0
23104544,1
22369026,1
22648983,1
23167467,1
22792687,0
22651463,0
22880990,1
23528467,0
22685778,1
22829726,0
23547687,0
23441282,0
22645025,0
23021709,1
22329594,1
22752467,0
22526811,0
23670704,1
23276248,1
23603324,1
23735047,1
23362568,1
22606823,1
23386672,1
22607849,1
22586426,0
23335012,0
22399957,1
22598567,0
23099675,1
23245298,0
23561521,0
22549129,1
22604138,1
22441455,1
23228582,0
23185820,1
22969545,0
22702812,1
23492648,0
23753659,1
23517347,1
22400261,0
23430204,1
22902383,0
23622414,1
23261767,1
23454381,1
23427128,1
23012920,1
23345112,0
23434766,0
23066006,1
22441819,1
23515791,1
23741196,1
23123474,0
22496302,1
23559751,1
23133521,1
22505241,0
23327332,1
23343802,0
23587819,0
22735324,0
22826116,1
22974341,0
23623098,1
23096684,1
22564170,0
23148638,0
23301005,1
22764181,1
22601557,1
23573648,0
23292604,0
22801005,0
22418098,1
22417255,0
23457733,1
23730985,0
22672027,1
23155250,1
22399293,1
23455064,0
23508799,1
23256491,1
22847304,1
23432084,0
22561477,0
23462955,1
23761593,0
22646136,1
22695673,1
23491311,0
23010072,1
23726306,1
23112906,1
22805623,1
23504460,1
23178887,1
23352871,0
22584958,1
22958620,1
23033582,1
22910583,1
22358224,1
22585417,1
23503738,0
22832440,1
22659805,1
22846092,1
23001403,1
23073049,1
23319467,1
22380102,1
23671749,1
23349021,0
22688147,1
23732769,0
22675497,1
23543726,0
23444522,1
23634972,0
22807690,1
23698399,0
23060258,0
23123309,0
23118973,1
22521309,1
23114774,1
23720180,0
23323768,0
23466150,0
23180716,0
23532075,0
22587450,1
22429779,0
23382566,1
22435328,1
23280980,1
23506113,0
23451223,1
23121797,1
23550055,1
22950800,1
22719482,1
23341640,0
23320316,1
23164273,1
22945909,1
23621206,0
22419821,0
23356595,0
22757256,0
22964737,1
23194158,0
22861869,1
22809462,1
22741362,0
22705561,1
23171660,1
22515221,1
23277017,1
23496211,1
22691230,1
23385542,1
22377333,1
23450721,0
22555463,1
23758239,1
22806089,1
22492333,1
23471931,1
23287848,1
22520248,1
23091051,0
23552568,1
23078914,1
23174299,0
23366018,1
22786447,1
23526029,1
23119031,0
23587646,1
22801955,1
22625291,1
22965105,0
22580335,0
22893640,1
23083246,0
22817771,0
23379698,1
22840537,0
22756208,1
23554025,1
23716022,1
23067967,1
22637853,1
22647000,1
22339970,0
23072176,0
23293573,1
22527594,0
22743158,1
22367476,0
23276425,1
23393055,1
23741558,0
23525142,0
23507380,0
22611260,1
23260290,1
22659055,0
22966666,1
23222832,1
22697163,0
23014472,1
22329427,1
22500207,0
23337736,0
23703638,1
22440916,0
22754201,1
22615359,1
23580224,1
22425048,0
22966034,1
23080164,0
22850893,1
23067874,0
23752803,0
22583227,1
23479488,0
22549405,1
23581254,1
22387398,1
23173290,1
22649979,1
23392295,1
22932032,1
23457556,1
23696002,0
23325285,1
23317678,1
23223625,1
22540975,0
22562448,0
22462695,1
23401537,1
22729718,0
22404824,1
23088836,1
23596738,0
23360061,1
23024134,0
23038384,1
22770172,0
23199221,1
23542261,1
23281167,1
23442696,0
22415983,1
23136922,0
22658442,0
23446559,0
22587902,1
23171343,1
23633196,1
22984033,0
22624233,0
23273642,0
23585225,1
23363057,0
22328823,1
23291035,1
22973440,0
23580135,1
22536953,0
23513961,0
23511621,0
22647875,1
23048566,0
23307377,1
23398756,1
23677939,0
23746822,1
23547961,1
23059544,0
22864714,1
23619173,0
23615007,0
22914331,1
23453354,0
22846381,0
22928340,0
22554663,1
23171685,1
22559781,1
23498580,0
22886563,1
23418505,1
23723849,0
23486252,1
22664697,1
22766290,1
22518317,1
22889961,0
23156787,0
23370510,0
23665989,0
23487206,1
22779012,0
22522892,1
23271168,1
22545758,1
22831513,0
23262369,1
23369355,1
22563670,1
23339034,1
23068957,1
23449303,1
23264469,1
22792859,0
23395290,1
23705620,0
22951208,1
23235411,0
23646194,1
23253594,1
23083169,0
23251986,1
23569947,0
23430885,0
22759486,0
22387345,0
22714163,0
22432965,1
22393640,1
22375338,0
23403643,1
22710844,1
22366062,0
23265855,0
22484098,0
22930505,0
22675993,0
23014764,0
23270680,0
22760306,0
22465179,1
22699513,0
23153426,1
22744028,1
22656482,1
22983716,0
23051199,1
22393925,1
22681467,0
23230244,1
22940964,1
22944731,1
23592801,1
23407219,1
23521232,1
23420669,1
23002889,0
22520447,0
22912631,1
22519552,1
22547319,1
23223287,0
22671146,0
23630056,1
23170421,0
23554884,0
22734155,1
23215161,1
23719089,1
23705766,0
22547498,0
23042581,1
22884561,1
22355102,1
23601681,1
22705415,1
22903379,1
22889261,0
22347297,1
22680597,0
22735657,1
22898774,1
23638550,1
22882827,1
23430927,0
22906745,1
22447179,0
22408072,1
23458375,0
23523499,1
22525254,1
22856509,1
23732133,1
23144014,1
22373689,0
23533966,0
22910296,1
23520512,1
23342143,1
22469221,1
23561544,1
22889041,0
23596005,0
23366510,1
23650690,0
23307508,0
23379358,1
23084291,1
23154289,0
23600594,1
23525638,1
22622622,0
23019250,0
23376290,1
23137198,0
23528629,0
23308082,1
23427485,0
22941292,1
23077542,1
23307237,1
22612635,0
22335105,0
23241780,0
23378330,1
22975265,0
22368117,1
22856121,1
23583398,1
22426116,1
22868251,1
22615668,1
22458614,0
23509418,1
23387532,0
23355159,1
23557154,0
23398787,1
23606173,1
23444623,0
23279439,1
23083446,1
22454235,0
23263240,1
22899615,1
22456787,1
22736921,0
22483916,1
22418366,0
22890773,1
23515899,0
22692928,0
22383027,0
22665795,0
23002618,1
23086493,1
22803731,1
23679353,1
23204061,0
22696504,1
22941438,1
22409078,0
23575490,1
23385081,1
22667746,1
22676487,0
22425176,1
23451659,1
23389329,0
23666607,0
23518644,1
23136072,1
23105015,1
23623572,0
23005139,0
23161136,1
22361336,0
22792236,1
22987045,0
23400076,1
22479550,0
22655783,1
23648173,1
23356208,0
23031426,1
23585813,0
23359303,1
22715347,1
23220906,1
23623342,0
23538393,0
22481483,0
23277699,1
22492239,0
22555931,0
23199858,0
22456616,1
23468926,0
22930031,1
23225882,0
22989370,0
23409964,1
23200358,0
23212158,0
22726778,1
22998198,0
23689617,1
22567871,0
22715736,1
23073402,0
23159214,1
23206106,1
23600820,1
23711452,0
22800782,1
22490634,1
23307054,0
22975114,0
22834628,1
22882811,0
23492237,0
23350308,1
22804175,1
23734068,1
22790617,0
22863713,1
22913465,1
23672150,1
22465533,0
22618671,1
23354897,1
22426584,0
23074482,0
23126970,1
22568078,1
22718216,0
22879663,0
22440704,1
22850247,1
23431782,1
22408903,1
22477517,1
23431697,1
23410335,0
22348338,1
23324486,1
23355248,1
22605499,1
23074292,1
22418683,0
22437249,1
23438214,1
22327847,1
22848844,1
23084348,0
22396034,1
23170408,0
23165901,1
22326727,0
23703858,0
23094032,1
23273812,1
23156562,1
22661368,1
23590055,1
22750307,1
22638098,0
22505519,1
23372361,1
22913128,1
22726770,1
22865316,0
23064406,1
23128930,1
22803578,0
22454501,1
22359755,0
22606941,0
22477564,0
23337710,0
22870214,1
22518193,1
22517939,1
23298110,1
23546645,0
23228789,1
23686463,0
22779057,0
22813930,1
23656418,0
23614000,0
22839017,1
22411849,1
23751645,1
22357529,1
22503257,1
23583972,1
23495563,0
23656877,0
23292533,0
23095037,0
23216697,1
22825693,1
23582538,1
22557884,1
23553478,1
23315459,1
22371846,0
22517528,1
23351992,1
23240820,0
23558851,1
23013210,0
23598851,1
23318255,1
22492062,1
22951076,1
23022309,1
22540948,1
22398071,1
22692054,1
22444418,1
23188345,0
22363981,1
22609154,0
22644613,1
22462766,1
23419219,0
23481830,1
22880437,1
22713987,1
23172758,1
23696877,1
23581437,0
23419912,0
22816171,1
23070968,0
23509812,1
22342976,1
23466214,1
22367017,1
23128500,0
23121696,0
23167047,1
22655677,0
23118766,1
22777956,1
23254514,0
23429228,1
22471505,1
22356847,0
22880904,1
22456569,1
22413437,1
23027740,1
23260936,0
23589818,1
23465775,1
22913360,0
23402927,0
22607728,1
22686126,1
23096216,0
23325816,1
22618591,1
23202543,0
23001244,0
23287203,0
22777540,1
23341089,1
23724645,1
22587158,1
23022683,1
22540274,1
22874128,1
23389925,1
22754080,1
22363251,0
23055459,0
23376000,1
22808228,1
23743727,1
22758612,0
22783649,0
23658542,1
22755974,0
23156805,1
22564370,0
22934262,0
22836429,0
23397054,1
22372819,1
23614562,1
23650368,1
22703824,1
22919347,0
22883456,1
23109739,0
23673567,1
23630305,0
23619226,1
23550289,0
23542752,1
22975735,1
23017877,0
23238625,0
23356416,0
23624000,0
23359545,0
22580936,0
22518453,0
23021259,1
22928957,1
23745134,1
22410657,0
23467677,1
22766591,1
23295368,1
22873246,1
23496378,1
22418291,1
23077498,0
23296115,1
23177744,0
23078115,1
22670276,1
23681868,1
23241366,1
23203743,0
22676393,1
23747662,0
22746093,1
23285312,0
23306163,0
22515901,0
22865914,1
23714013,0
22664620,1
22966789,1
22649547,1
22647702,0
23556038,0
22485884,0
23559903,1
22668552,1
23466229,1
22830896,0
23255699,0
23185228,1
22804433,0
22579338,1
23294246,1
23037783,1
22999338,1
22997014,1
23015830,0
23541253,1
23361114,1
23048142,1
23414708,1
23460875,1
22579424,1
22459541,1
23127582,0
23616149,0
23592909,1
23366485,0
23427223,0
22997735,1
23127530,1
23173600,1
23104735,1
23681265,1
23198573,0
22648346,0
23052531,0
22910454,1
23212984,0
22373294,0
22371251,1
23385498,1
23454254,1
23668171,1
22467950,1
23550458,1
22970723,1
23200677,1
23415749,1
22759369,0
22774912,0
23309812,0
22744900,0
23109004,0
23584499,1
22731217,0
22705850,0
22900362,0
22447623,1
23530242,1
22601926,1
22587214,1
22430463,0
22338344,1
23033474,0
23413446,0
23475208,1
23674329,1
22337004,0
23380485,1
23358621,1
23203549,1
22589560,1
23135681,1
23619034,0
23539165,0
22924970,0
22973118,1
22385241,1
23628318,1
22658420,1
23227030,0
22713869,0
22698687,1
23476775,0
23436171,1
23358353,1
22842297,1
22604873,0
23600290,1
22800001,1
22972631,1
22937124,0
23505795,0
22598556,0
23164154,1
23464079,0
22465801,1
23412845,1
22978754,1
23219450,0
22917474,1
23734541,1
23299942,0
23301176,1
23660479,0
23380538,1
22949136,1
22476222,1
23185965,1
23628533,1
22503062,0
22962997,1
23635040,1
22853458,1
22751476,1
22550120,1
22595947,0
23095298,1
22577192,0
22562471,1
22753292,1
23360810,1
23305659,1
23510464,1
22936910,1
23506956,1
23662396,1
23213756,0
23442523,1
22730538,1
23357589,1
22558461,1
22328843,1
23175666,1
22534594,0
23474289,1
23345538,1
22523801,1
22703806,1
23275777,1
22976945,1
23041349,1
23009901,0
23264817,1
23674392,1
23108397,1
22340447,1
22355065,1
23387669,1
22720785,1
22602434,0
23448548,1
23411048,1
23562952,0
22869880,0
23580769,1
23736992,0
23340305,1
23553632,1
23709077,0
22930972,0
23019983,0
22776489,1
22637136,1
23533606,0
22715087,1
23198304,0
23591026,0
22875396,1
23128315,1
23218744,1
22924659,1
22439429,1
23335041,1
22353566,1
23373371,1
23163763,1
23647254,1
23297323,0
22705964,1
22883591,0
23534621,0
23471251,1
22426159,1
22348824,0
22524487,0
23167978,1
22912733,1
23402038,1
22761987,1
23236668,1
22437646,1
22335016,1
23704884,1
22677573,1
23179014,1
23332811,1
23743568,1
23528749,0
22627837,1
23455709,0
23580197,1
23500333,0
22869762,0
23576013,1
23372979,1
23051150,1
22619352,1
23628624,1
22704630,0
22651274,1
23434789,1
22336617,0
23674871,0
23080411,1
23324745,0
22552921,1
23658706,1
23382680,1
22872793,0
23522610,1
23689017,1
23682399,1
22372825,1
23019610,0
22747857,0
23550186,1
22502003,1
23731226,0
23343107,1
23135154,1
22849842,0
22502497,1
23399155,1
22610150,1
23320881,1
23620737,1
23479342,1
22446494,1
22829711,0
23501055,1
23274927,0
23240851,0
22968087,0
22713682,0
22456507,0
23153557,1
22426241,0
22451166,1
23072138,0
22361021,1
22561107,0
22946169,1
23681137,1
22512173,0
23599320,0
23162501,0
23480166,0
22782094,1
23427618,1
23295509,1
22575059,0
23460575,1
23052287,1
22982784,1
23381122,1
22361981,1
23343095,1
23496553,1
22687570,1
23143619,0
23682072,0
22541688,0
23748289,1
22502038,1
22500609,0
22590453,1
22432693,1
22537184,1
23061744,1
23451128,1
22821291,1
22896775,1
23688369,1
22514478,0
22666593,1
22622082,1
23581349,1
23450506,0
23501177,0
22601726,0
23162595,0
22728783,1
22356119,1
22762179,1
23346065,1
23374210,0
22533347,0
22558794,1
22456261,0
22971487,0
23510864,0
22370185,1
23625833,1
23718672,0
23714223,1
23523205,1
22539615,0
23136944,1
23345362,1
23147435,1
22786252,0
23238258,0
22415561,0
22330100,1
22930735,1
23761365,0
23399827,1
23108764,1
22549157,1
23600812,1
22821188,0
23042474,1
22912800,1
23669156,1
22599377,0
22473419,1
22651453,1
22958629,1
23207791,0
22548179,1
22729098,1
22478497,1
23085085,1
23318798,0
23433533,1
23693904,1
23461423,1
22774443,1
22835369,0
23566771,0
22892224,0
22964213,1
23122549,1
22551634,1
22784426,0
22368985,0
22382816,1
22339048,1
22527785,0
22776817,0
22831516,0
22421664,1
23505559,1
23150728,1
23498978,0
23003652,1
22713980,1
23574659,1
23500383,0
22817564,0
23108694,0
23671828,1
22928466,0
22368539,1
23400881,1
22528668,0
23630955,0
22626190,1
22986834,1
23451539,0
23575578,0
22337227,0
23234654,1
23398253,1
22486056,1
22791014,1
23175781,1
23400709,1
22887289,0
22626733,0
23464602,0
23381966,1
23410024,0
22765347,1
23483412,1
22714744,0
23374046,1
22918400,1
23666674,1
22578440,0
23695265,1
22640256,0
22883740,0
22703576,1
22882664,0
22894726,0
23675898,0
23100148,0
23580458,1
22488410,1
22985275,1
23342440,1
23424988,0
23732455,0
22409747,1
23595632,0
22429983,0
23633610,0
22960596,1
23756358,1
22888959,1
23127198,0
23401184,0
23210554,1
23485462,1
23204828,1
22589598,1
22892405,0
23444939,1
23614841,1
23450368,1
22882895,1
22707892,1
23316862,1
23546182,0
23632155,1
23558169,1
23032084,1
23382542,0
22902648,0
22348011,1
23228287,0
22682107,1
23179351,1
23360045,1
22890929,1
22488256,0
23740286,1
22686863,1
22782479,1
22342941,1
23275313,0
22786950,1
22754022,1
23451902,1
23660290,0
22869295,1
23516225,1
23034834,1
22936848,1
23043979,1
22460651,1
23125490,1
22997657,1
23451472,0
23731110,1
23259427,0
23216719,0
23116847,0
22616034,1
22727447,0
22822977,1
23629176,1
23475375,0
22538888,1
22449304,0
23652573,0
23616994,0
23130858,1
22703907,1
23683962,0
22970084,1
22527732,1
23398360,1
22904144,1
22331079,1
23267284,1
23195398,0
23353106,1
23356921,1
22806552,1
22985517,1
22759935,1
23258592,0
22680993,1
22797269,0
22674769,1
22802366,0
22709518,1
22815897,1
23271173,0
22605495,0
22362410,0
22925872,1
22685987,0
23212201,1
23217158,1
22769813,0
23290717,0
22811464,1
22923762,1
22950435,1
22933333,1
22548265,0
22357339,0
22458770,1
23417050,1
23573732,0
22614971,1
23503433,0
22503376,0
22780024,1
22744238,0
22437845,1
23422026,1
22631021,1
23684949,1
23552150,1
23378000,1
23075406,1
22515503,1
22807708,1
23202986,1
22672626,0
23659041,1
22929845,1
22623107,0
23118631,1
23486512,0
23638013,1
23038320,1
22489566,0
23412208,1
23081284,0
22417284,1
23029672,1
22653649,1
22832690,1
23380412,1
23432107,0
23489446,1
22659856,1
23705253,1
23493000,0
23094313,0
22992327,0
22628795,0
22937521,1
22520124,1
22448781,1
22851950,1
23008479,0
22334948,0
23541988,1
22456264,1
23467108,0
22361119,1
22591818,0
23509357,1
23535960,0
23030851,1
23620986,1
22831257,0
22964691,0
23503674,1
22837820,1
23701207,0
23665744,1
23298947,0
23151480,0
23193311,0
22886657,1
23520894,1
23181883,1
23714890,1
23093475,0
23157823,0
23150549,1
23566714,0
22341996,1
22751589,1
23445704,1
23265224,1
22935113,1
23190874,1
23665966,1
22431051,1
22763860,0
22672378,1
23294412,1
23393899,1
22945147,1
22867668,0
22337519,1
23741809,1
23710267,0
23651452,1
23731704,0
23752231,0
22764494,1
23414433,1
22369651,1
23016606,1
23427090,0
22326465,1
23504252,0
22343886,1
23109991,0
22855462,1
22420277,1
23414243,1
22532695,1
23297807,0
22390491,0
22534144,0
23117290,1
23640226,0
22788803,0
22362163,1
23329854,1
23546510,1
22779938,1
22912501,0
23445680,1
23294615,0
23071208,1
23463767,1
23007691,1
23565881,0
23293618,1
22967192,1
23561570,1
23052967,0
23610982,1
23468826,1
23223244,1
23734153,1
23372411,1
22565494,1
22477341,0
22555623,1
22619279,0
22659965,1
22927681,1
23575312,1
22942582,0
22951394,1
23357530,1
23467353,0
22930662,1
23667160,1
22856499,0
23442645,0
22913294,1
23471004,0
23614672,1
22961202,1
23257367,1
22578962,0
22914627,1
22576294,1
23539785,1
23062292,0
23618272,0
22459138,0
23404418,0
23180868,1
23709847,0
23070693,1
22401051,1
23331875,1
23760991,1
23282939,0
22435524,1
23308913,0
23363444,1
22477387,0
23747973,1
23173243,1
23322371,0
23245289,0
23254784,0
22385749,1
23429203,1
23644871,1
23586886,0
23285748,1
23273899,1
23103222,1
22359730,1
22456500,1
23483996,1
23007848,1
23379811,1
22576964,1
23339403,0
23008544,1
23040057,1
23633783,1
23187285,1
23521380,1
22944941,0
23705556,1
23329086,0
23601174,0
23464383,1
23241181,0
23494603,0
23574706,1
23039319,1
23621228,1
23520234,0
22490999,0
22634035,1
22806520,1
22335171,0
22813857,0
22641792,0
23011233,1
23759369,1
23740956,0
23007139,0
22846629,1
22913706,1
23287759,1
23198641,1
23205298,1
23258885,1
23761352,0
22984160,0
22780223,1
22914795,0
22377124,1
22778728,1
22582847,0
23711202,1
23551935,0
23300318,1
23352965,1
22349813,0
22521334,0
23261428,0
22551293,1
23700765,1
23572600,1
23576002,0
23012571,1
23653583,1
23048787,0
22652324,1
23154485,1
23309750,1
22551981,1
23245102,1
22960294,0
22980454,1
23643905,0
23072143,1
22799911,0
22642295,0
23674564,0
23556175,0
22569358,0
23384700,0
22645283,1
23650363,1
23625287,0
23357818,1
23616968,1
23526435,1
22359671,1
23660567,1
22870899,1
23154175,1
22619378,0
23098746,0
22968491,1
23699966,0
22982583,0
23553155,1
23041692,0
23219605,1
22686838,1
23437129,1
23114207,1
22484181,1
23181125,1
22756154,0
23248856,1
23733356,1
23631183,0
23053690,1
22509022,0
23480888,1
23334201,1
22384219,0
23327678,0
23761294,1
23189894,1
23526526,0
23042346,1
23471227,1
23609513,1
23752247,0
23121699,1
23287526,0
22458509,1
22345775,0
22881374,1
22541065,1
23600664,1
22784130,0
22620165,0
23691514,0
22966041,1
22533798,1
23182699,1
22846446,1
22655355,1
22753732,1
23264885,1
23180064,1
22932476,1
23485170,1
22772334,0
22623748,1
23472708,1
23323905,1
22799328,1
23640693,1
22372693,1
23556727,0
22358181,0
22953793,1
22392495,1
22591276,1
22378315,1
22540870,1
23248107,0
23225721,0
23424583,1
22548588,1
23161750,1
23083660,1
23407858,1
22895246,0
23378011,0
22980843,1
22824296,0
23130892,1
22645183,0
23717232,1
22528110,0
23424594,0
23595849,1
23109189,1
22418271,1
22584711,1
23756459,1
23172650,1
22415125,0
23022944,1
23174134,0
23075338,1
23236188,1
23359354,1
23472656,0
23319341,1
22746332,0
22499073,1
23435821,1
22595748,0
22925724,0
22849223,1
23423426,0
23710825,0
22597712,1
23431944,1
23231140,0
23400196,1
22775016,0
22504149,0
22906796,0
22634996,1
23339813,0
23168721,1
22471032,1
23268114,1
22517811,0
23567153,1
23652706,0
23685175,1
22930239,1
23453291,1
22708978,1
22327656,1
23585374,0
23608327,1
22564710,1
22753129,1
22669001,0
23403999,1
23312285,1
22382231,0
22952931,1
23329328,0
22992789,1
22333438,0
22623793,1
23258502,1
22383170,0
22965992,1
22551820,1
22678273,1
23017511,1
23652790,1
22366786,1
23161098,1
22665690,0
23607635,1
22503014,1
22693785,1
23733046,1
22343554,1
23057287,0
23747844,1
22644728,1
22642806,1
22467827,0
22443970,1
22756009,1
22869737,1
23588819,0
22375857,1
22330590,0
22730968,1
22939883,1
23553999,1
22354951,1
22998340,1
23024486,1
22693048,1
23185378,1
22441713,1
22635939,1
23696498,1
22621985,0
23042799,1
22921179,1
23171747,1
23057054,1
23703413,1
22657640,0
23675857,1
22582612,0
23733432,0
22347643,1
22490929,1
23618192,0
23265568,0
23244984,1
23335374,0
22424059,1
23430189,0
23692462,1
22386934,0
23083737,1
23269583,0
23285740,0
22547699,0
22580022,1
22600728,1
23582031,1
22381749,1
23607324,0
23427599,0
23405408,0
23704144,1
23359230,1
23445057,0
22541981,1
23530488,0
23567696,1
22767186,0
23566766,1
23598638,1
23122853,0
23200063,1
23609416,1
23458478,1
22386985,1
22983508,1
23634055,0
22357123,0
23080629,1
22855097,1
22361354,0
23711019,1
23115207,1
23323244,1
22978013,1
23426940,1
22643454,1
23301666,1
23144513,1
22362644,1
23408678,1
22907918,0
22899212,1
22338079,1
23286297,1
22595350,1
22755644,1
22336963,1
23119054,0
23214660,0
23544345,0
22495714,1
22985600,0
22371490,1
23579165,1
22328182,1
22998279,1
23261806,0
23184602,0
23076268,0
23525119,1
23411136,0
23580627,1
22631309,1
22591038,1
23147772,0
22608017,0
22409931,0
23166589,1
22524032,0
23610940,1
22931521,1
23002191,0
23299217,1
23201490,1
23735028,0
23352550,1
23062680,0
22343868,0
22646800,0
22874599,0
23493483,0
23029969,1
23450419,0
23735580,1
22785998,0
22828325,1
23579547,0
23406801,1
23345283,0
22709559,1
22518527,0
22855835,0
22904293,1
23313912,0
23510589,0
22482874,1
22948434,1
22848713,1
23376172,0
22729728,1
23734675,1
22474330,0
23399699,1
23420322,1
22363727,1
23292650,1
22393052,1
23012085,0
23172733,1
23580534,1
22384417,1
23391044,1
22872904,0
22586143,0
22743561,0
22398791,0
22682555,0
22881944,1
22804173,1
22920227,0
23426846,0
23120298,1
23545868,0
22784260,1
22544655,0
22442400,0
22601208,0
23078717,0
23758034,1
23515167,0
23146762,1
23674671,1
23328844,1
23070956,1
22431787,0
22513002,1
23436378,1
23460228,0
22582393,1
23148363,0
23287624,0
22606144,1
22807825,0
22759625,1
22846068,1
22667248,1
22617406,1
22518605,1
23270054,0
22796848,0
22549428,0
23262506,0
22756093,0
23233015,1
23337407,0
22943495,1
23201435,1
23034249,1
22378933,1
22398178,0
22792235,0
23632838,1
22592144,1
22848360,1
22546440,1
23656183,0
22677837,0
22815128,0
23741501,1
22414096,1
22692428,0
22426309,0
22766512,1
22753629,1
23375123,1
23016753,0
23311772,1
22633961,0
23698596,1
22817327,1
22740673,0
22547812,1
23451657,1
22673042,1
22779392,0
23232291,0
22378347,0
23139170,1
23244143,1
23207905,0
23104148,0
22999563,1
22472510,1
23315470,0
22520905,1
22738194,0
23114030,1
22788469,1
22800080,1
23735417,1
22453286,1
23182414,1
23394494,0
22362813,1
22996289,0
23743456,0
23745125,0
22924214,1
22857370,0
23055201,1
23569930,1
22701867,0
22584013,1
23623568,0
22674559,0
22848408,0
22874307,0
23531732,0
23289336,1
22600497,1
22731561,0
23145847,1
22391917,0
23451924,1
23407838,1
23149443,0
23179386,1
22592868,1
22405518,1
22794986,1
22359264,0
22801979,1
23113171,1
23400271,0
23406404,1
22507153,0
23511515,1
22954980,1
23314231,1
23647537,1
23674399,0
22888434,0
22735177,1
22672997,1
22331092,0
23461691,1
22513956,0
23511645,1
23431007,0
22394978,1
22985895,0
23481624,1
23630069,0
23312244,1
23743295,1
23256076,1
22741762,1
22565421,1
23302687,1
23149305,1
22950922,1
22569141,1
23296976,1
23724449,0
22610619,0
23103690,0
23580566,1
23168586,0
22853854,1
23236657,1
23509483,0
22477648,1
22839044,1
23112581,0
23459225,0
23751409,1
22781855,0
23587254,0
22820924,1
22574941,0
22713962,1
23409614,0
23478122,1
22662774,0
23589137,1
23604297,0
22565530,1
22346996,1
23510650,0
22589938,1
22969501,1
22948990,0
23715800,1
23710144,1
23055084,1
23364137,1
22444772,1
23519588,0
23575436,1
23085041,0
23033581,1
23707863,1
22928324,0
23430069,1
22675885,0
23268969,0
23071858,0
23192148,1
22836457,1
23054339,1
23529247,0
23753184,0
22344728,1
23242109,1
23427569,0
23305862,1
22625816,1
23122312,1
22431751,1
23550194,0
23163104,1
23174499,1
22657933,1
23143229,1
22937927,1
23187736,0
22889893,0
23081546,0
23712204,1
22482384,1
22889040,1
23648960,0
23189864,0
23082731,1
23721678,1
22799487,0
23441039,0
23399752,1
22957923,1
23197300,0
22847088,1
23457873,1
23078398,0
23712878,1
22897420,0
23300425,0
22625357,1
23750616,0
23338149,1
22578919,0
23386011,1
23434554,0
23635440,0
22725589,1
23295002,0
22341411,1
23720034,0
23115889,1
23469774,0
22648368,1
22788252,0
23480622,0
22886438,1
23116230,0
22459129,0
22434216,1
22529093,0
22766615,1
23126613,0
23469065,0
22801800,1
23057870,0
22890792,1
22546843,1
23037227,1
23538378,0
23505295,0
23198884,1
22904965,1
23439512,1
22997298,1
23698755,1
23241398,1
22476844,0
22808397,1
22331853,1
22624764,1
23136712,0
23539367,0
22893846,1
22955202,1
23418934,1
22341422,1
23240883,1
23611246,1
23497109,1
22787063,0
22599242,1
23195425,1
23075722,1
23561230,1
22592234,1
23610707,1
23488366,0
22854144,0
23120888,1
23370983,1
23178809,1
23744901,1
23570385,0
22662778,1
23366493,1
22901040,1
23257919,1
22522070,1
23340118,0
22589801,0
22997940,0
22911347,1
22695970,0
23051232,0
23244009,1
23382297,1
23353242,1
22431193,0
22724891,1
23065495,0
22787395,0
22670021,1
23400948,1
23112389,1
22913221,0
22592366,1
22937187,1
22438356,1
23089137,1
23757786,1
22874049,1
23276102,0
23463703,1
23291687,1
23291082,1
23031028,1
23213723,1
22963993,1
23443124,1
23010276,1
22435925,1
22725662,1
23641780,1
23751528,1
23717260,0
23014596,0
22498330,0
23633953,1
23569319,0
22580950,1
22632991,0
23571629,1
22815643,1
23383114,1
22852526,1
23095659,1
23060299,0
22646514,0
22704018,1
23292467,0
23701550,1
23366845,1
23651033,1
23542976,0
23409898,1
22849705,1
23185780,0
23283143,0
23497908,1
23126756,1
22687831,0
23580802,0
22365676,0
23037739,0
22581963,1
22788086,1
23130987,0
23540727,1
23509204,1
23503653,1
23087004,0
22738306,1
23038415,1
23103207,1
23312717,0
22767176,1
23409509,1
23213247,0
23669531,1
23127446,1
23193549,0
22629071,0
22906493,0
23311604,0
23631733,1
23364848,1
22901456,0
23615261,1
23172867,1
22569926,0
23322523,0
22456509,0
23507359,1
22372735,1
22458965,1
22411428,1
22597381,0
23285016,1
22808180,1
22991908,1
22418379,0
23468791,0
22347804,1
23184196,0
22607637,1
23415154,0
23412962,1
23540965,1
22856515,1
22991146,1
23260908,0
23327298,1
23001686,1
22466934,0
23345171,0
23760816,1
23037185,1
23669330,1
22563286,0
22996920,1
22589376,0
23451363,1
22932702,1
22383520,1
23746449,0
22947558,0
22553746,1
23489412,0
23163283,1
23751274,0
22870161,0
23208968,0
22755321,1
22412936,1
23527446,0
23571363,0
22918773,1
22990018,1
23696141,0
23221247,0
23228722,1
22729303,0
23370908,1
23464346,1
23307884,1
22673031,1
22687962,1
23391084,0
22611541,1
22773575,0
23480844,1
23474535,1
22534454,0
23087613,0
22914565,1
23498144,1
23137249,1
23385714,0
22534442,1
22872795,1
22954207,1
22371584,0
23756673,0
22534124,0
23216629,0
23545012,1
23547119,0
22828759,0
23129445,1
23188795,1
23098604,1
23600052,0
23539406,1
22414135,1
23065896,0
23169492,0
22471776,1
23458514,0
23519057,1
23661150,1
23591027,0
22753889,0
22342571,1
23672282,0
23434135,1
22896426,1
23066668,0
22369064,1
23407390,1
22759379,1
23597846,1
23498717,0
23454453,1
23640920,1
23583387,0
23511122,1
22589758,1
23470843,1
22444680,1
23369091,0
22980098,1
22575564,1
22909876,0
22738341,0
23405657,0
22534122,1
23124218,1
23126480,0
23413622,0
22852272,0
23283565,1
22972697,1
23180003,1
23711530,1
23686869,1
23425699,0
23542358,0
23313240,0
22666858,1
22360556,1
22900106,0
23084724,1
23727465,1
23364766,1
23333511,1
23349869,1
23144238,0
22399040,1
23173067,1
22389605,0
23038336,1
23636580,1
23727202,0
23347737,1
23368716,0
22765440,1
22991898,0
23414775,1
22616559,0
23498631,1
22794800,0
23203155,1
22445962,1
23584130,1
23038052,1
23761495,0
23651532,0
22859908,0
22906961,0
23154812,1
23702967,0
22592961,0
23682400,0
23271837,1
22654558,1
23414160,1
22576339,1
23739064,1
23290210,0
23340251,1
23264315,1
22970494,0
22942362,0
23034917,1
22889621,1
23415369,1
23113591,1
23019884,1
22843352,1
22893490,1
22792395,0
23067888,1
23402398,1
23400261,1
22585192,1
22772691,1
23330783,0
23697625,1
22507702,1
22377280,1
22926288,0
23251481,1
23149017,1
22349709,1
22967201,1
23097153,1
23170738,0
22480601,1
22858432,1
23036567,1
22945470,1
22486988,1
22669143,1
22534969,1
23262134,1
23475969,1
22460515,1
23542251,0
22963686,1
22741314,1
23671634,1
23669702,0
22825811,1
23200554,1
22580420,1
22784913,0
23592147,1
22944961,1
22538645,1
23279484,1
22481195,1
22906953,1
23482413,1
23624783,1
22780554,0
22350709,1
23386172,1
23652710,0
22346112,1
23381215,0
22525759,1
22382137,0
22935025,1
22518734,1
23620591,0
22950204,1
23351362,1
23554930,0
23399366,0
22558432,0
22562441,1
23386053,1
22869257,0
23649070,1
22830666,1
22632850,1
22384964,1
22347332,1
22563513,1
22593266,1
23126450,1
23136544,1
22613356,1
22937815,1
23502708,0
22741214,0
22378203,1
23476633,1
23668225,0
22866563,0
22878097,1
22933471,1
22954255,0
23271601,1
23021104,1
23460953,0
23284219,0
22819606,1
22479088,1
22544176,0
23663922,1
23535786,0
23107540,0
22602909,0
23307002,0
22945010,0
22900120,0
22472572,0
23681007,1
23095282,1
22386066,1
22562447,0
23260639,0
23048308,1
22988142,1
22777430,1
23122919,1
23124361,1
22372944,0
23332308,1
23037856,1
23082525,0
22684526,1
23337825,1
23263750,1
23685545,0
22713896,1
23445566,1
23678926,1
23235222,0
23265032,1
23097168,0
23397081,0
22435816,1
22394516,1
22745646,1
23680635,1
22929391,1
22390601,1
23192382,0
22781971,1
22731907,1
22390286,1
22646083,1
22958518,1
23132738,1
22962687,0
23529178,0
22821660,1
23504464,1
23391937,0
23017931,1
23396742,0
22818133,1
22764681,1
23109414,1
23125549,1
23339191,1
23305393,1
23052424,0
23530038,1
22879499,1
23227768,1
23128099,1
23219411,1
22573080,1
23658642,0
22598438,0
23502630,1
22914505,1
23061956,0
22389190,1
22985787,0
22645630,0
22657105,1
23369596,0
23012168,1
23351292,1
23349437,1
23704355,0
23334951,1
22735648,0
22951568,1
23223400,0
23358285,1
23476058,1
22500954,0
22736983,1
22968262,1
23231076,0
22841630,1
22624360,0
23135866,1
23174582,0
22871225,1
23588964,1
23559475,0
23172394,0
23185603,0
23148891,1
23291066,1
22904638,0
23733765,1
22497430,0
22594437,1
22588886,0
23177383,1
22714426,0
23072279,1
23504327,0
22749841,0
23243274,1
23528769,1
23167480,1
22353727,1
23099493,1
22489568,1
22338984,1
23246842,0
23713588,0
22521072,0
23006409,0
23212042,0
22730149,0
23718388,1
23652008,1
22736108,1
22881963,1
22785758,1
22571045,1
23085216,1
22344133,1
23628799,1
22524440,0
23463031,1
23384660,1
23583012,0
23320082,0
22893141,0
22598689,1
22416517,1
22740134,1
22549468,1
23398420,1
23432748,0
22615194,1
22471322,0
22892069,1
23395528,1
23147212,0
23599438,0
22991640,0
22514898,1
22406323,1
23033386,0
22995612,1
23541799,1
22926854,1
23503486,0
23561629,1
23269865,1
22741783,1
22890234,0
22489142,0
22533824,0
22438226,0
22426987,1
23251396,1
23697750,0
23761540,0
22689053,0
22797771,0
22863637,0
22845881,1
23404891,1
22617039,1
22592295,0
22367124,0
22791998,1
23503446,1
22956831,0
23231402,0
22487740,0
22475918,1
22616512,0
23301762,1
23246805,1
22854596,0
22375187,1
22824289,0
23646245,0
23510929,0
23139389,1
22616514,1
22558854,1
22346714,1
23104415,1
23060527,1
22366116,1
22521310,0
23289127,1
23471986,0
22575828,1
22546937,1
23338048,1
22557008,1
22526525,1
23682040,0
23737209,0
23293666,0
22923672,1
23735264,0
23084667,1
23352486,1
22845302,1
23272706,1
23156694,1
23724436,0
22359212,0
22993168,1
23319926,1
22648390,1
23191554,0
23252591,0
22745476,0
23583855,1
22485000,1
22744929,1
22639927,1
23649849,0
23227189,0
22927652,0
22328433,1
22547124,0
23117801,0
23043703,0
22557279,1
22971663,1
22570116,0
22788184,0
22864933,1
23210098,0
23405274,0
22450016,1
22454590,1
23398734,1
22391378,1
23569962,0
22350271,1
22609618,1
22520289,0
23210531,0
23076182,1
22538775,1
22966694,0
22333275,0
23141730,1
23443995,0
23359228,1
23183004,1
22562628,0
22669665,0
23403820,1
23694285,1
22516205,1
22981804,1
23353080,1
22909606,0
23023114,0
22423570,0
23420482,1
22851639,1
23158305,0
22661548,1
22426537,0
22602050,0
23279800,0
23755549,0
23046516,1
22747889,1
22822152,1
22600343,1
22371224,0
22930207,1
22656120,0
22648607,1
22427201,1
23570501,0
22632708,0
23261213,1
22534980,1
22865720,0
23274220,1
22349893,1
22821561,1
23554648,0
23077082,0
23514552,0
22811631,1
22969378,1
22628171,0
23090903,1
22836181,1
23353489,1
22727291,0
23228600,1
23463108,0
23142152,1
22875916,0
22896546,1
23032512,1
22722352,0
23147922,0
23472866,0
22346543,0
22412744,1
23541914,1
22970397,1
22654429,0
22857837,0
23165059,1
22334773,1
22560245,1
22486825,1
22745931,0
23210777,1
23667482,0
23398133,1
23084582,0
23472896,1
23070816,0
23177172,1
22952496,0
22412044,1
23114012,1
23390270,1
23328796,1
22615842,1
23599170,0
22373836,1
22417022,0
23072097,0
23124699,1
22514033,1
22614295,1
23538583,1
22546480,0
23060247,1
23418929,1
23359726,0
23064172,1
23539497,1
23733289,1
23477052,0
22993197,1
23516930,0
22340149,0
23578951,1
22407731,0
23134354,0
22777567,1
22559137,1
22692031,0
23269637,1
23760330,0
22381293,0
22782168,1
22359029,0
23603544,0
23065658,0
22898132,1
22373767,1
23616534,1
23373462,1
22470571,1
23601517,1
23736232,0
23573383,0
23135449,1
22566503,1
23344398,1
22459361,0
23221364,1
22694058,1
22570034,1
22777569,1
23244145,1
22670450,1
23037486,0
22659538,1
23515121,1
23159305,1
22628921,1
23531270,0
22667046,1
23230995,0
22379059,0
22633005,0
22367199,1
23485132,1
22866133,0
22739573,0
23317519,0
22552051,1
23688139,0
22724532,1
22959128,0
23055957,1
23351552,0
22507345,1
22582872,1
22981854,1
22937040,1
23252568,1
22440678,0
23434576,1
23362699,1
23756050,1
23540433,1
22796297,0
22664986,1
23682477,1
23696379,1
23325089,0
23143367,1
23321749,0
22668582,1
22452934,1
23661665,0
23051705,1
23490080,0
22921704,0
23241238,0
23634131,0
22661617,0
23098737,0
23307970,0
23027418,0
23302599,0
22613042,1
23026040,1
23251455,1
23174897,1
23420810,1
22612611,1
23503348,0
22628796,1
22709083,1
23670318,1
23279788,0
23377295,1
22338088,0
23206396,0
22450224,1
22406472,0
22878556,1
22378352,0
22979050,1
23465978,1
22987201,1
22380867,0
22859569,0
23678531,1
23253185,1
23603284,0
23479397,0
22513221,1
22339997,0
23496205,1
23446777,1
23250001,1
23149885,1
22665456,1
22329789,1
23440716,0
22620931,1
23314447,1
22503052,1
22798286,1
23522792,1
22689652,1
22528288,0
22864005,1
23371163,1
22645163,0
22456717,0
22668244,1
22770630,1
23759594,1
23468382,0
22676193,1
22938668,1
23064765,0
23054615,1
23457631,1
22905211,1
23308151,1
22586837,1
22940891,0
22417084,1
23202477,1
22417765,1
23644597,0
22340553,1
22535586,0
22850294,1
23596615,0
22611326,1
22838624,1
22466106,0
23597302,1
23024543,0
22991449,0
23550534,1
22788757,1
23142509,0
22915230,1
23209830,1
22879931,1
22443995,1
23711988,1
23211007,0
23170374,1
22437396,1
23725285,1
22532668,1
22670202,0
22962046,0
22375891,0
22512694,1
22765553,0
22463061,1
22881190,1
23576978,0
22531073,0
22800748,1
23736737,1
22500298,1
23594022,0
22565991,1
22909814,0
22719478,0
23439372,1
23268935,1
23225252,1
22628554,0
23318981,0
22986210,0
23648740,0
22397555,0
23624286,0
22472776,0
23432482,1
23503448,1
23732608,1
23403249,0
23466386,1
22486483,1
23580117,1
22541904,1
22815650,1
22842999,1
22754039,1
22732551,1
23364402,1
23181723,1
23030186,1
23242569,1
22614992,0
22637188,0
23445821,1
22350147,0
23103360,1
22708505,1
23495305,1
23734301,1
22634594,1
23408563,1
23671942,0
23337287,0
23375618,1
23212351,0
23758101,1
22342809,1
22556927,1
23725070,1
23436999,1
23131763,1
22413830,0
23519366,1
22814031,1
22685055,1
23179136,1
23520258,1
23711554,1
23647449,0
22660068,1
22436915,1
23017859,0
22903033,1
22917367,0
23585726,0
23113002,1
22340647,0
23024080,1
22817687,1
22613293,0
23497826,0
22738501,1
22951721,1
23721800,1
22443244,0
22998205,0
23456227,0
23032551,0
23622447,0
22666299,0
22970584,1
22543592,0
23679483,1
23196198,1
23068866,1
23199575,0
23673033,1
23408920,1
22682922,1
22856779,1
22578657,1
22359154,0
22588703,1
23349073,1
22978728,1
23214182,0
22801077,0
23622120,0
22755450,1
23561461,1
23595823,1
22547282,1
22821112,1
22838772,0
22882517,0
22855413,0
23612404,0
22730171,1
22431842,0
23065437,0
22967569,1
23698722,1
22480369,1
22987867,1
23052187,1
22587712,1
22778295,0
22722251,1
22647835,1
23270985,1
23401957,1
23600886,0
23383028,1
22788011,0
23493049,1
23138238,1
23638271,1
22394513,1
23573458,0
23293523,1
23637407,1
22833032,1
23417118,0
23711399,0
23234315,1
22562667,1
22668420,0
23606494,0
23016741,1
22899166,0
22587032,1
23155001,1
22927110,1
23544884,1
23678540,0
23660997,1
22561391,0
22692411,1
23754251,1
22865689,1
22695224,1
23284440,1
22683184,0
23671808,0
23364902,1
23621925,1
23727383,1
23615410,1
22666171,1
23296548,1
22918032,0
23159010,1
22804820,0
22831336,0
23395633,1
23465885,0
22738717,1
23661383,0
23622091,1
23536247,1
22683713,1
22597154,0
22406603,0
22888986,0
23686376,1
23568654,1
22603662,0
22384270,1
22598911,0
22762721,1
22947254,1
22680412,1
22522221,1
22499669,0
23122554,0
22915178,1
22604303,0
23181031,0
23494669,0
23112499,1
22514705,0
22705626,1
23124490,0
23206729,1
22889370,0
22341844,1
23133057,0
22763609,0
22999256,0
22777432,1
23116049,1
22437523,1
22740469,0
23427588,0
22516398,1
22561872,0
23743481,1
23650590,1
23366270,1
23722924,0
23669277,0
22769047,1
22928637,0
22954379,0
23614697,0
22674761,1
22566376,1
23358330,0
22446729,1
22476490,1
22589491,0
23700037,1
22350818,0
23085920,1
22918918,1
23510099,1
23711824,1
23415329,1
22473682,0
23482884,0
23307741,1
23369215,1
23696172,0
23740146,0
22424370,1
23174162,0
23415018,1
23292802,0
23171292,1
23211163,1
23639386,1
22566671,1
23131722,1
22429105,0
22661692,1
22356749,0
22571237,1
22802100,1
23476577,0
22622488,1
22873483,1
23213455,1
23208982,1
23688248,0
23140614,1
23135955,0
23295202,0
23437327,0
23012386,1
22831804,0
23129741,1
22881563,0
23171712,1
22835664,0
23397218,1
22369778,1
23058080,0
23378612,0
22502808,1
23648846,0
22918650,0
23403318,1
22896843,0
22550356,0
22332408,1
22903101,0
23472740,0
22481598,1
22501433,0
23097945,1
22754344,0
23004423,0
22611620,0
23081249,0
23652250,1
23733336,1
23220721,1
23300866,1
22985202,0
22835787,0
23227238,0
23143348,0
23589593,0
22578805,0
23069784,1
23377104,1
23560317,1
22461074,0
22429331,0
22839297,1
23701013,0
22345030,0
23458986,0
23314179,0
22601823,1
23736202,0
22735502,0
23265714,1
22362461,0
22743874,0
22327269,0
23438210,1
23346218,0
22652884,1
22533211,1
23042299,1
23693934,1
23095204,1
23127007,0
22658161,1
22456379,1
22354404,1
23624092,0
22930905,0
23334702,1
22614865,0
23580876,0
22361880,1
23422950,0
22401612,1
23123743,0
23038596,0
22426640,1
22391309,0
23464062,1
22512422,1
22332099,1
23589935,0
23588288,1
22550289,1
23175430,0
23476363,1
22391261,0
22659834,1
23109300,0
22946768,1
23419746,1
23671875,0
22963798,1
22459600,0
22823130,1
23369973,1
22354372,1
23580042,1
22438561,0
22581308,1
23305542,1
23734446,0
23138625,1
22700334,1
22916428,1
23372835,1
22509849,1
22469647,0
22335658,1
23605957,0
22419946,1
23756255,0
22470553,0
23545034,1
22953968,0
22982017,1
22529845,1
23482565,1
23278733,0
22845234,1
22748257,1
23718482,0
23668048,0
23717167,1
23408598,0
23211492,1
23176929,0
22751603,0
22358283,0
22931839,1
23518791,0
22954173,1
22989549,1
23648835,1
22789432,1
22802471,1
23451831,1
23462049,0
22547438,0
23078814,0
22654853,1
22903381,1
23147293,1
23595291,0
23121603,0
23499528,1
23462624,0
22339729,1
22920427,0
22748167,0
22845111,1
22817535,1
23061149,1
22860040,0
23163901,0
22693308,0
23325508,0
23161759,0
22435585,0
22804209,1
23348059,0
23269462,1
23114342,1
22441171,1
22698960,0
23099688,0
22425928,1
23607292,0
23579245,1
22519886,0
23042015,0
22693141,1
22756153,1
22920777,0
22578020,1
22451801,1
22922206,1
22747115,1
23161363,0
22539385,1
22561251,1
22704822,1
22573782,0
23367469,1
22386591,1
22572680,1
22527882,1
23287892,1
22990509,0
22335848,0
22393430,1
23299719,1
23007908,1
23281131,1
23699793,1
22707261,0
23182428,1
23376278,0
22850800,1
23162950,1
23458131,1
23249566,1
23193778,1
23735022,1
23089134,0
23732633,1
22570541,1
23690292,0
23427039,0
23042014,0
23347206,1
22604480,0
23388800,0
22618652,1
22964060,0
22671343,0
22948431,1
22651488,1
22871262,0
22751557,1
23429100,1
23333182,1
23640820,0
23278374,1
22460192,0
22436705,1
23486655,0
23401925,1
22364137,1
22684582,1
23249543,1
22590000,1
23235501,1
23333669,1
23149293,0
23344922,1
22530240,1
22819270,1
22837728,1
23450107,0
23464091,1
23708559,1
23057642,0
22459638,1
22435740,0
22831981,1
23295466,1
23443309,0
22970656,1
22439167,1
23639949,0
22435401,0
23741790,1
22563040,0
22571440,0
23160304,1
23432213,1
22521051,1
23152320,0
22822362,1
22398849,1
22357070,1
22443885,1
22859871,0
23199694,0
22891329,0
22684528,1
23730832,0
22910016,0
22796337,1
23558696,1
23001589,0
23420231,0
22452268,1
22363878,0
23671138,1
22904055,0
23728172,0
22745044,1
23081717,1
22852293,1
23511708,0
23533437,1
22413807,0
22594421,1
23652190,0
23419791,1
23615751,0
22500989,0
23711236,0
23446728,1
22902898,1
22863121,0
23757267,1
23292803,0
22334127,0
23417918,1
22954406,1
22714183,1
23134409,1
23402828,1
22463596,1
23546535,1
23733409,0
23347252,1
23482862,1
23074701,0
23125583,0
23043357,0
23726947,0
23160151,0
23559070,1
22869855,0
23515164,0
23028758,0
22892192,0
23008133,0
22780044,0
22741190,1
22606033,0
22343081,0
22596587,1
23542584,1
23093483,0
23511557,1
22741886,1
23611833,0
22842419,1
22422901,0
23367300,1
23557185,0
22730699,1
23627638,1
23701275,0
22987701,1
22466481,0
23471875,0
23434207,1
22514507,0
23200021,0
22370605,1
22358513,1
22603962,1
22546101,1
23123068,1
23114893,0
22344857,1
23147081,1
22899093,1
22403631,1
23650317,1
22751871,1
23487630,1
22894268,0
23331748,0
23209301,0
22425637,0
23427101,1
23220259,1
22565723,0
22499326,0
22888697,1
22582197,0
23624567,0
23258890,1
22531717,1
23180466,0
23202402,1
23014113,1
22711168,1
22400826,0
22841095,0
23502482,0
22383583,1
22750543,1
23380112,1
22781172,1
22649767,1
23376468,1
22424880,1
23287596,1
23535154,1
23510789,0
23238159,1
22730011,1
22371358,0
23222799,1
22527517,1
23062019,1
23181376,1
23623792,1
23125991,1
22675576,0
23146331,1
23336247,1
23360513,0
22669101,1
23521385,1
23014567,1
22556441,1
23499388,1
22886730,1
22478367,1
23159874,1
22330761,1
22386593,0
23381393,1
23217949,0
23326117,0
23167284,1
22805562,0
23731611,0
22878669,1
22707036,1
22925714,1
23025397,1
22555946,0
22726732,1
23508082,1
23377220,0
22501014,1
23514530,1
23700957,1
23557066,0
23507565,0
22330192,1
23003370,0
22594508,1
23697935,0
22550464,1
22597879,1
23468145,1
22341021,1
23734079,0
22942810,1
23535008,1
23516061,0
22887755,1
22553355,1
23749621,1
22887864,1
23276338,1
22838445,1
23003892,1
22897431,1
23567955,1
22750768,1
22884383,0
23624138,0
23732878,0
22860427,1
23378049,0
23644653,0
22955238,0
23279856,1
23603929,1
22593926,1
22879756,1
22336905,1
23462157,1
22425560,1
23281101,0
22926855,0
22538085,1
23755412,0
23679778,1
23661624,1
22736324,0
23496722,1
22695391,1
23583553,1
23532045,1
23177265,1
22848919,0
23614530,0
23295884,0
22828962,1
23431483,1
23348777,0
22762162,0
23136978,1
22514207,0
22410999,1
23691524,1
23159868,1
23170092,1
22354623,0
23212830,1
22607988,1
23564941,0
23321067,1
22990812,0
23441406,1
23229813,1
23690355,0
23187260,1
22853989,0
23602661,1
22876983,1
22986336,1
22442381,1
23301433,1
23463093,0
23511490,0
23128912,0
22574982,1
23344768,1
23434070,0
22457827,1
22791947,1
23226688,1
22642177,1
22575937,0
23295231,1
23353714,1
22770269,1
23586003,0
22336301,0
22620683,0
22948247,1
22956661,0
23634097,1
23552382,1
23063513,1
23749170,1
23603845,1
23726523,0
23504663,1
22610488,1
23176866,1
23683633,0
23354606,1
22424530,0
22813959,1
22956745,1
23201033,1
23521246,0
22509763,1
22715837,1
22735698,1
23685434,1
23670777,1
22630074,1
23043073,0
23178142,1
22710210,1
23742144,0
22660183,1
22913670,1
23166571,1
22684496,1
23147508,1
23472830,0
23193487,1
23277245,1
23604182,1
23296314,1
22759483,0
22567449,1
22468718,0
23459823,0
23665820,0
23380430,0
23432958,1
23241064,1
23618675,1
22764575,1
23146589,1
22895964,1
23284534,0
23515672,1
22503455,1
23665464,1
23488165,0
22572501,0
23681739,0
22710600,1
22327690,1
23689439,1
23240697,0
22351148,0
22371814,1
23622298,0
22701120,0
23113477,1
23347669,1
23153825,0
22652615,1
22342608,0
23734111,1
23393798,0
23044998,1
22683209,1
23610542,1
22413709,1
23313516,0
23003840,0
22617196,1
23044906,1
23597277,0
23499773,1
22575799,1
23606899,1
23490826,0
22433621,1
23441919,0
22661620,0
22721497,1
22607760,0
22675078,1
23760547,0
22396051,0
23022922,0
22964169,0
23343072,1
23303933,1
22854583,1
22567902,1
22463162,1
22592506,0
23645426,1
23307924,0
22658344,1
23676862,0
22822413,1
22984722,1
23683809,0
23498214,0
23502284,0
22914459,1
23538480,1
23118978,1
23459882,0
23289897,0
23118892,1
22742028,0
22432276,1
22637465,1
23268244,1
23754964,1
22763255,0
22616747,1
23551078,1
23257458,0
22684086,0
22404612,1
23725021,0
23397131,1
23075074,1
23616246,0
23654221,0
22869749,0
22503683,1
23698803,1
22723357,1
23012918,1
22966657,0
22756609,1
23479267,0
23302322,0
22343893,0
22923832,0
23372396,1
22910260,1
22418477,1
22946762,0
23423904,0
22853471,1
22971526,1
23264980,0
22633764,0
23392213,0
22871046,0
23281552,1
23069267,1
23665077,0
22898010,1
22463233,0
22595593,1
23367251,1
23465465,0
22654387,0
23434605,1
22550910,1
22890849,0
23044838,1
23428502,1
22577795,1
22882272,1
23722072,1
22596966,1
22680437,1
22711130,1
23148504,0
23202230,1
23402631,1
23552761,0
22685519,0
22598834,0
23698461,0
23403002,0
22945345,0
23331648,0
22506326,1
22483899,1
23332478,0
22700831,0
22468717,1
23597657,0
22938731,1
22885371,0
22857599,1
22796940,1
23291284,1
22915312,1
22656466,1
23270348,0
22501883,1
22560544,1
22484458,1
23743785,1
23739643,0
23402453,1
23624145,1
22447508,0
23453876,0
23312280,1
22553665,0
23326791,1
22613198,1
22574620,1
23087323,1
23757628,0
23391848,1
22785492,1
23434739,1
23136528,0
22528035,1
23498304,0
23010563,0
23181015,1
22327817,0
23478193,0
22423563,0
23660347,0
23737164,1
23760724,0
23584990,1
22778890,1
23636541,1
23276659,1
22711656,1
22770644,0
23054002,0
23473821,1
23504404,0
22375667,1
22558196,1
22823059,0
23731055,1
23380945,0
22598378,1
23233615,1
23195502,1
22376944,0
22811692,1
23038364,0
23565024,0
22870765,0
22812703,1
23657882,0
23180280,1
23713757,1
23703995,1
22665576,1
22910961,1
23621174,1
22411225,0
23130103,0
23668424,1
23431313,1
23643107,1
22892246,0
22596269,0
22632144,0
23292481,0
22866332,0
23136752,1
22640608,1
23293254,0
23574298,1
23193173,0
22564530,1
23391731,1
23500107,1
23746401,1
23177777,1
22666205,1
22470970,0
23242609,0
23294895,1
23571008,0
23170951,1
22861834,1
22486340,0
23016183,1
22946968,0
22889376,0
22647542,1
23684920,0
22402217,0
23502095,1
22432960,0
22393766,1
22471879,0
23708061,1
23058982,1
22850499,0
22828475,1
22365198,0
23165773,0
23060071,0
23197720,1
22571835,1
22904332,1
23695515,1
22815200,1
22394453,1
23237982,1
22938192,1
23325986,0
22898097,0
23363475,0
22535667,1
23619485,0
23098925,1
23671926,1
23715977,0
22972596,1
23055499,1
22507093,0
23684324,0
22588390,1
22731082,0
23388066,1
23606464,1
23257073,1
23686302,1
23572824,1
22628246,1
22660661,1
22386748,1
22351167,1
23496199,1
23759200,1
22353702,0
23068937,0
22593894,0
22518655,1
22648119,0
22481831,0
23486428,0
23529734,0
23023522,1
22674766,1
22758247,1
22574718,1
23448241,1
22896899,0
22808849,1
23203640,1
22885394,1
23207545,1
23134491,1
22993535,1
23040278,1
22371856,1
22826500,0
23057457,1
23302789,0
22775140,0
23013640,1
22478967,1
22589581,0
23645165,1
23095130,1
22653413,1
22721301,0
23688111,0
23079814,0
23748939,1
23097681,1
22937455,1
23736034,0
23303399,0
23231039,0
22880462,0
22954201,1
23062513,1
22845021,0
23102336,1
22694240,1
23415041,0
22712822,1
23669315,1
22819392,1
23345815,1
22394616,1
22680997,1
23620985,0
23254905,0
22474438,0
22990146,1
22611445,0
22331258,0
22393576,0
22678172,1
23536594,0
22889765,0
22514748,1
22375168,0
23066308,0
22494350,0
23231561,1
23067639,1
23210771,1
22355299,1
22530193,1
22710166,1
23696910,1
23437773,0
23430308,0
22952353,0
23378675,0
23498560,1
22453722,1
23611345,0
23058562,1
23502750,0
22901585,1
22565324,1
22803127,1
22988997,0
22967486,1
22735842,1
22829609,0
23381182,1
23065399,1
22950846,0
23344129,1
23692243,1
23100648,0
22464582,0
23468168,1
23257346,0
22892787,0
23336530,0
22447211,1
23092837,0
22667830,0
22562525,0
23233064,1
22934384,0
22803826,0
22946499,1
23589998,1
22963349,0
22357041,1
22354135,1
23438343,1
23380404,1
23348213,0
23088299,0
23666434,1
23414213,0
22507776,0
22808448,1
22453925,1
22459811,1
23386618,1
23593786,1
22951816,1
23223430,1
23432871,0
22759989,0
23700451,1
23193967,1
23310614,1
22479808,1
22545947,1
23749809,0
23146376,0
22971397,1
23441593,1
23740342,1
23040014,1
23421999,1
23635026,1
23023020,0
23151992,1
22439512,1
22711546,1
23168394,1
23087147,1
22774701,0
23321144,0
22422408,1
22658829,1
22525246,0
23588513,0
23620468,0
23191999,1
22951336,1
23233268,0
23164044,1
23449661,1
23607508,0
22405258,0
22946659,0
22847117,0
22592139,1
22582720,1
23232975,1
23673790,1
23043989,0
23727140,1
22344029,0
23651501,1
22377161,0
23748887,1
23059888,1
22374416,1
22793165,1
23236597,1
23167233,1
23283346,1
23096787,0
23200019,1
23662116,0
23306719,1
23453250,1
22505882,0
22964499,1
23703274,1
22759035,1
23107700,1
23468339,0
23730855,1
22792979,1
22433214,0
22906703,1
22970356,1
22806437,1
23525753,0
22908333,0
23067139,0
22563730,1
22337613,0
22644194,1
22656063,0
23553366,0
23494280,0
23449306,1
22501228,0
23393959,0
23663115,1
23385900,1
23226646,1
23288091,0
23665630,0
23759777,1
23152335,1
23150050,1
22470960,1
23722351,1
23441886,1
23580939,1
23441595,0
23182274,0
22841724,0
23669981,1
23695422,0
23668394,1
23210224,1
23314373,0
22700316,0
23092988,0
22879560,0
22382182,0
22960182,0
23637903,0
23649425,1
23547882,1
23115064,0
23567293,0
23138318,1
22583755,1
22628908,1
23397809,1
23343437,1
23374928,0
23728704,1
23176591,0
22505003,0
22786564,1
23555540,0
23357389,1
23282135,0
22895949,1
22932208,1
23168513,0
23142094,0
22889616,1
23225100,0
22845504,1
22789805,1
23210503,0
23289537,1
23234325,0
23755223,0
22389624,0
22622145,0
23266288,0
23175315,1
22738616,1
22657216,1
23366390,0
22605418,1
22967477,0
23493860,1
23514362,1
23490887,1
22529617,0
22905142,0
22357807,1
22769476,0
23427056,1
22993255,0
23308531,1
22351137,0
23317601,1
22574431,1
22963786,1
22775271,1
23488761,1
23381917,1
23567655,0
23635622,1
23707439,1
23721033,0
23641210,0
22990248,0
23629861,0
22653534,0
23695311,1
22527252,1
22744461,1
23271390,1
23134228,1
22393887,1
22836351,0
22682839,1
23230671,0
23412223,1
22796744,0
23266843,1
23649839,1
23599817,0
23306249,1
22996137,0
22714926,0
23240872,0
22807032,0
22363254,0
22694189,0
22885246,0
22987735,1
22616502,1
23127940,0
23664581,1
22855525,1
23273451,1
23247212,0
22726004,1
23517945,1
22709758,1
22619449,0
23660802,0
23710597,0
23574401,0
23532861,0
23238237,0
22868317,1
22621727,1
23121629,1
22469456,0
23005167,0
23642793,1
22790657,1
22666686,0
23479379,1
23335003,1
22861251,1
23347609,0
22623127,1
23480436,1
22664446,1
23070449,1
23334522,1
22671827,1
23550639,1
23695646,0
23677435,1
22343495,1
23441331,0
22339558,1
22828633,0
22539023,1
23368073,0
22905411,1
22756872,1
23127832,1
22698493,1
23129684,1
23467064,1
22585211,1
23567906,1
22973869,1
23066402,1
22919422,0
23377524,1
22704761,1
22412758,1
23554263,1
23661055,1
22593027,1
23554676,1
22865618,1
22876029,1
23081404,1
22425730,1
23379293,1
23330352,1
22968098,1
22406582,1
23385741,1
22930856,0
23095624,1
23344261,1
22674191,0
23490745,0
23049991,0
22861139,1
22403197,1
23574826,1
23553357,1
22549330,1
23107041,1
23453888,1
22982864,1
22735506,1
23379769,0
22555218,1
22617455,1
23625887,1
22464138,1
23503682,0
22677135,1
23732482,0
22380004,1
23460554,1
22591335,1
23623807,1
22395249,0
22858083,0
23227198,0
23382740,1
23275792,1
23525754,0
22666885,0
22867608,0
23610855,1
22802399,0
22375905,1
22628576,0
22738053,1
23348092,1
23758750,1
23751205,0
22351710,1
22513067,0
22853551,1
23431166,0
23666654,0
22585258,0
23095685,1
23629162,1
23367273,0
22471059,0
23611403,0
23461183,1
23080078,1
23520129,0
23659113,0
22661811,0
22835721,1
23336215,1
23745929,0
22544499,1
22661076,0
22794884,1
22402733,1
23330711,1
23070218,1
23435751,1
23115723,0
23076352,1
23434461,0
22471669,1
23035840,1
23192665,1
23554126,1
23088667,1
22794756,1
23415131,1
22422620,0
22473421,0
22544552,1
23691453,0
23315906,1
23547650,0
23715717,1
22811391,0
22718937,1
22698711,0
22914811,1
22875299,1
22599532,1
22901350,0
23503015,1
23067404,0
23527278,0
22734408,0
22675939,1
22732254,0
22834733,1
22619571,1
23545322,0
22468498,0
22640079,0
23182772,1
23003191,1
23201412,1
22737813,1
22805186,0
23117152,0
23316072,1
22891909,1
23208720,1
22407654,1
22338215,0
23534002,0
22377851,1
23032290,1
23698470,0
23603132,1
22346384,1
23719931,0
22851940,1
22417768,1
22778533,0
23652422,0
22331266,1
22699931,1
23319049,0
23288804,1
23200616,0
22729061,1
22677528,1
22622137,1
23618959,1
22583812,1
23228815,1
22384956,1
22501078,1
22469503,1
22832225,0
22604046,1
22514635,1
23623666,1
23480558,1
23308933,1
23034000,1
22961883,1
22898998,0
22656774,0
22759577,1
22813879,1
23628093,0
22787141,0
22604231,0
23442059,1
22515161,0
23224346,0
23390577,1
23495821,0
23557357,1
23060416,1
22338220,1
22815078,1
22650182,1
23412436,1
23620420,0
23606651,1
23000959,1
23542099,1
23518956,1
23422187,1
23004994,0
23390596,1
22560529,1
22644925,0
23693540,0
23081971,0
22750868,0
22894513,0
23123567,0
23704186,1
22733710,1
22529121,1
23396153,1
22877725,0
22775790,1
22381403,0
23533059,1
23630115,1
22640223,0
22921120,1
23150664,1
23706929,1
22519912,1
22719660,1
22346478,0
22423117,1
23227458,1
23244029,1
23594082,0
22804559,1
22377506,0
23705587,1
23049676,1
23723664,1
22950164,0
22726604,0
23541920,0
23267944,0
22959183,1
22570453,1
22778179,0
22903564,1
23210118,1
22624937,1
22710191,1
23750026,1
22707638,1
23081036,1
23221330,0
22980717,1
22462942,0
23648809,1
23214025,0
22491121,1
22700973,1
22384997,1
22793152,0
23629198,1
22655647,1
22405187,0
23582957,1
23760111,1
22478054,1
22709155,1
23609337,1
22598527,0
22890910,1
22731458,1
22904609,0
23413478,1
23242748,0
23073268,0
23134363,1
22357653,0
23292963,1
22836699,1
23658196,1
22890501,1
23641120,0
22453685,1
23672138,1
23627936,1
23404045,1
22696350,1
22855422,1
23122885,0
23284631,1
23189772,0
23025722,0
22785405,1
22433696,1
22975211,1
22671889,1
22413971,1
22483923,1
23371524,1
22743827,1
22477035,0
22721384,0
22677644,1
22863797,0
23358996,1
23381482,0
22350373,0
22984905,1
23347034,1
23025427,0
23428584,1
22936415,1
23075285,1
23594750,0
23206365,1
22558467,0
23449902,0
22465052,0
22942564,0
23117733,0
23323763,0
22586644,0
22988706,0
23415260,0
23112803,1
22526926,0
22774821,1
22341162,0
22505312,1
23238105,1
23473795,0
22448026,0
22501005,1
22348673,0
23657072,1
23099250,1
23394691,1
22661042,0
23474075,1
23321387,0
22810969,1
22471618,0
23306226,1
23668786,1
23621399,1
23500759,0
22331947,0
23582575,0
23108310,1
23424437,0
22980320,1
22794197,1
22672174,0
23130541,1
23251097,0
23258086,0
23750247,1
22469811,1
23079881,1
23519886,0
23131697,1
22333018,1
23103944,0
23530676,0
23327163,1
23727540,1
22618903,0
23449952,0
22378772,1
22391046,1
23060510,0
22852190,1
23236080,0
22618382,1
22914390,0
23666539,0
23077239,1
22819538,1
22993191,1
22683391,1
22815438,0
22928374,1
22620174,0
23441213,1
22734518,0
23071348,1
23748172,0
23395278,1
23581079,1
22835630,1
23628522,1
23521864,1
22847466,1
22538722,1
23122920,1
22669292,1
22606162,1
23088571,0
23746732,1
23071966,1
23625931,0
22826563,1
23192171,0
23547128,1
23057208,1
23099023,1
23694852,1
23062811,0
23290776,1
23240364,1
22811793,0
22367604,1
23741168,1
22815889,1
23231989,1
22517421,0
23242561,0
22374750,1
22980256,1
22643821,1
23401952,1
23069604,0
22499842,1
22563385,1
23217262,0
22444133,1
23550578,1
22504225,1
23342939,1
23225103,0
22567411,1
23671844,0
22484032,1
23150213,1
23616910,0
22560604,1
22676381,0
22562282,1
22483572,1
23447106,0
22811098,1
23494583,1
23500928,0
22906487,0
23082405,1
22393508,0
23357005,0
22692388,1
22487654,1
23578752,1
22556716,1
22372997,1
22840118,0
22824713,0
22418706,0
23193066,0
22883855,1
23166574,0
22422373,1
23280367,1
23220481,1
22716291,1
23517453,1
22556507,1
23564672,1
23092986,1
23323346,1
22949491,0
22784876,0
23470910,0
23654680,0
23080899,0
23468854,1
22619622,0
23171399,1
23105175,0
23372942,0
22944568,1
23747686,1
23508618,1
23398839,1
23486780,0
22646436,1
23734851,1
23723423,1
22434088,0
23644248,1
23437507,0
22601635,0
22751367,0
22936993,1
23445264,1
23600293,0
23460839,1
23304471,1
22616610,0
22869568,1
23551258,1
22681183,0
22925292,1
22695498,0
22851761,0
23454690,0
23221382,0
23664156,0
23446137,0
22659286,0
22466277,1
22813424,1
23591605,1
22392514,1
22787048,0
23076674,1
22618385,1
22611972,1
23629098,1
22979607,1
23313354,1
23288784,1
23104497,0
23466132,0
23707611,0
23115686,1
22713808,1
22897704,0
22855878,1
23161090,1
23105163,0
23298878,1
23060544,0
23201887,0
23326031,1
22816485,0
23044128,1
22445734,1
23298244,1
23276150,0
22652350,1
22556153,0
23653025,0
23264277,1
23028202,0
22654713,1
22390611,1
23099029,0
22430629,1
22446045,1
23417363,1
22587759,1
23651884,0
23383047,1
23703499,1
22728651,1
23520441,1
22997053,0
23438427,1
22845758,1
22613216,1
22929255,0
23208297,0
22823661,1
23677671,0
23460729,0
23587352,0
22411664,1
23219928,1
22856872,0
23383193,0
23183227,0
22632895,1
23380094,1
23063402,0
22616529,1
22692956,1
22796215,1
22872186,1
23487303,0
22473199,1
22765796,0
23033459,1
22508462,1
23308595,0
23564034,1
23143827,0
23197246,1
23154798,1
22878368,0
23100784,1
23048127,1
22867473,1
22514969,1
23356900,0
22995578,1
23241426,0
23484107,0
23527976,0
23611882,1
23027160,0
23761089,0
23492215,0
23660196,1
23340759,0
22633445,1
23646994,0
23451443,0
22757315,1
22595789,0
22903793,0
23703220,1
22800916,0
23208861,1
23217139,1
23571696,0
23445046,0
23353503,0
22404419,0
23394142,1
23570977,1
23717224,1
23016594,1
22773275,0
23737428,0
23549427,1
23599670,1
23318186,1
23237271,1
23287033,0
22375507,1
23008459,1
23550324,0
22910805,1
23512585,0
22410249,1
23715615,0
23210966,1
23718160,1
22637680,0
22514543,0
22558652,1
22392419,0
23178120,1
22910028,1
23642641,0
23451479,1
22474083,1
23178971,1
22524953,1
22486879,1
22582598,0
22394487,1
23407613,0
23390787,0
22934954,0
22448327,1
22484130,1
23037026,0
22350833,1
23077486,1
23384593,1
22921220,1
22426855,1
23005683,1
22985463,1
22507703,1
22419412,1
23080366,0
22976785,1
22945642,1
22953826,1
22665867,1
22788457,1
23297294,1
22327755,1
23178053,1
22797000,1
22821586,0
23507170,1
22961558,1
22526497,0
23694915,0
22594662,1
23349431,1
22805181,1
22597529,0
22993405,1
22732953,0
23055649,1
22916680,0
22992022,0
23584919,1
22813438,1
23577751,1
23596506,1
22487847,0
22994304,0
22815713,0
22640679,1
22624547,0
23117236,1
22613274,1
22448987,1
23391012,0
22750437,0
22595444,0
23502441,1
23482082,1
22776050,1
22367589,1
23392170,0
22362376,0
22580045,1
22508178,1
23497686,1
23453871,1
22916060,0
22330160,1
23530244,1
23327064,0
22613894,0
22541327,1
23199535,1
22599379,1
22714995,0
22958394,1
22960511,0
23181919,0
22847153,1
23654593,1
22811855,1
23418061,1
22828758,1
23340645,0
23064064,0
23464075,1
22940198,0
22395689,0
23642239,1
23393781,1
23352019,1
23190402,1
22532353,1
22978495,1
23729738,1
22517013,1
23310688,0
22732583,1
23016838,1
23746073,1
23068654,1
22891363,1
22475978,1
23401088,1
22997848,1
23696017,0
23313145,0
22553829,1
23632963,1
22440019,1
22652380,0
23243014,1
22354893,0
22720439,0
22433330,1
22735571,1
23528126,0
23039944,0
22680202,1
22353438,1
22504996,1
23416403,1
23659355,1
22931210,0
23340020,1
22725870,1
23319006,0
23042839,0
23418055,1
22889772,1
22656495,0
23383077,0
22508407,1
22550442,1
22398542,1
23584765,0
23217396,1
23686802,1
23527079,1
22425561,1
23261539,1
23641117,1
22674656,0
22898672,1
22473114,1
22933927,1
23373927,1
23648349,1
23193077,1
22919074,1
23678611,0
23452957,1
22383131,0
22460033,1
23698506,1
22871472,1
22846163,1
22569807,1
22515844,1
22607940,1
23705815,0
23439300,0
22812749,1
22452679,0
23223557,0
23277381,1
22380940,1
23628873,0
23688025,1
23663040,0
23166211,1
22368182,0
22557840,1
22578223,1
22948876,1
23343588,1
23351263,1
22731686,1
22863874,0
22683511,1
22687214,1
22444720,0
22804248,1
22953412,0
22358126,1
22461381,1
23570024,0
22685589,0
23178064,1
23662762,1
23060603,1
23434091,0
23517235,0
22905080,1
22662786,1
22874704,1
23355998,1
23725424,1
22566912,1
22466444,1
23704347,0
23301139,1
22744029,1
23649570,1
23143064,0
23061549,1
23298378,1
22700987,1
23643459,0
22418111,1
22706503,1
22556136,0
23155063,1
23191540,0
23603089,0
22901641,1
22944455,1
23175835,1
22969836,1
23354292,1
23531291,1
23154514,0
23634885,1
23503428,0
23322005,1
22943467,1
23441612,1
22572886,0
22375299,1
22686931,0
23639764,1
23022233,1
23710255,1
22575818,1
22541308,0
22677516,1
23101934,1
23020086,1
22790417,0
23352044,1
23434101,1
22888275,1
23023287,1
22519658,1
22432780,0
22815649,1
23037869,1
22727468,0
22942150,1
22474174,1
23102385,1
23025054,1
23000737,1
23480737,0
23479939,0
23468066,0
22672968,1
23011499,0
22764401,0
23372611,1
22574219,0
23144396,1
23346156,0
22757545,1
23093215,0
23530455,1
22469185,1
22941932,1
23574738,1
22952974,1
23391073,0
23623126,1
22924920,1
22938474,1
22498417,1
23729971,1
22972027,0
23650322,1
23357573,1
23441544,0
22742084,1
23201814,0
23402374,1
23232397,0
23566352,1
23482161,1
23559525,1
23218540,1
22797977,0
22648690,1
23172352,0
23525615,0
22771356,0
22973676,0
23659428,0
23479549,1
23691464,0
23492956,0
23442851,0
22339656,1
23108425,0
22636915,1
22402540,1
22381231,0
22975259,1
23256848,1
23463960,0
23557610,1
23251272,0
23038888,1
23711249,1
23283779,1
22452455,1
22385145,0
22655680,0
23239352,1
23556070,1
22652576,1
22969450,0
23651498,1
23755959,1
22519298,1
22410988,1
22377079,1
23439367,0
22981191,1
23115591,1
23519316,0
23135301,1
22898390,1
22493895,0
23436273,1
22472461,1
23480526,1
23125691,0
22642591,1
23600225,0
23194554,1
23188282,1
23504182,1
23271563,0
22719872,0
22835360,1
23384563,1
23447499,0
22748798,1
22773555,0
23204475,0
23263098,1
22801735,1
23666269,1
23440607,1
23371177,0
22433240,0
22949031,0
23230460,1
23242835,1
23676169,0
22326844,1
22609583,0
23382625,0
23664809,1
22660019,1
23654106,0
22629124,1
23381358,1
22464368,1
23488128,0
22783975,1
23238794,1
23563832,1
23160129,1
23573571,0
22927853,1
22712788,0
22339391,0
23510735,1
23481392,1
22590411,0
22466194,1
22517116,0
23224533,1
22527168,0
23755423,1
23184499,1
22523095,1
23006186,0
23706791,0
23230302,1
23626393,1
23357167,1
23465114,1
23140562,1
22616904,0
23093646,0
22999537,0
22851965,1
22371238,0
22976353,0
23701644,1
22379695,1
23478737,1
23192767,1
22696155,0
23660344,1
22505285,1
22483583,0
23125307,0
22766346,0
23748073,0
22842969,1
22917663,1
22563625,0
22379713,1
22959691,0
23717177,0
22499183,1
23042782,0
22868361,0
22728457,0
23203018,1
22895802,1
22461213,1
22444159,1
22771877,0
23669171,0
23077426,0
23277987,1
23017087,1
23717784,1
22378623,1
23331762,0
22438078,1
22556198,0
22355227,0
22647149,1
23188390,1
23755851,0
23731994,0
23453312,1
23303824,1
23166009,0
23067314,1
22446778,0
23014856,1
22680950,1
22698316,0
23328798,0
22983462,1
23568366,1
22854961,1
22487004,0
22546510,1
23231532,0
23537162,1
23368610,1
22891427,1
22628137,0
22469926,0
23477157,0
22694027,1
22933688,1
23506952,0
23646277,1
23528960,1
22418481,1
23557441,1
22360966,1
22940623,1
23509226,1
23153256,1
22586743,1
23209201,1
22671254,1
22656072,1
22433805,0
22342034,0
22485963,1
22728251,0
23752303,1
23572030,1
22823720,1
23019513,1
22770251,1
22972667,1
23026117,0
22497064,1
22614464,0
22848384,1
23237273,0
22669642,1
23742823,0
22817626,0
23478057,1
22738553,1
22554439,1
23630208,0
22915592,0
22381622,1
22857865,1
23097994,1
23191082,0
23606730,0
22753176,1
22671513,0
22879673,1
22581660,1
23145979,1
23315342,0
22547625,1
23053140,1
22913285,0
23615319,1
22423942,1
22377967,1
22432804,0
22553782,1
23333373,1
22651954,1
23257407,1
23647830,0
22838566,0
22822403,1
23292282,0
22722386,1
23260915,1
22864434,0
22830214,0
22943721,0
23355913,0
23444732,0
23700509,1
22531854,0
23759448,0
22552809,1
22983351,0
23513228,1
22405330,0
23461263,1
22827623,1
23516691,1
22350971,0
22638207,1
23127634,1
23325797,0
22774405,1
23669905,1
22566525,0
22888332,0
22807303,1
22999281,1
22505247,0
23407340,0
22639091,1
22802752,1
22486141,1
22559127,1
23319361,0
23401650,1
22788747,0
22453037,1
23528651,0
23175545,1
23677291,1
23328272,1
22802206,1
23427164,1
22943328,1
23316490,1
23748444,1
23378442,1
23356409,0
23283198,1
23427832,1
23588005,1
23586113,0
23680171,1
23627848,1
23738959,1
23050318,0
22987140,1
22705883,0
23339923,0
23615238,0
23390143,1
22395122,1
23528214,1
23064102,1
22507336,1
23027170,1
23580396,1
22373512,0
22622772,0
23235511,0
23119728,0
22718387,0
23044918,1
23335961,1
23665786,1
23074942,0
23156011,0
23266917,1
22975128,0
22757177,1
23502510,1
22583931,0
23215209,1
22594657,1
23149642,0
23654637,0
23737195,1
23636311,0
23511010,1
23175312,1
23734346,1
23158440,0
22760366,0
22842066,1
22948013,1
23594756,1
23075421,0
23504779,0
23569476,1
22799187,1
22635199,0
23264100,1
23065088,0
23395455,0
23484115,0
22648561,1
23062107,1
23328707,1
23721815,0
23710316,0
22593528,0
23095401,0
23750475,0
23703730,1
22548530,1
23568770,0
22379332,1
22687403,1
23485976,1
22355225,1
22522099,1
22864150,0
23322519,1
22647991,1
23029204,0
22351228,0
23244833,1
23647097,0
22347777,0
23002632,1
22593142,0
23114131,0
23396861,0
23179729,1
22677332,0
22815502,1
23092936,1
22797754,1
22401613,1
22452123,1
23432779,1
22393320,1
23116030,0
22685858,0
23153425,1
23337278,1
23085610,1
23697392,0
22342761,1
22534295,1
23556496,1
22695934,1
22424651,1
22812809,1
22864899,0
23316108,0
23735832,1
23693018,0
22869761,0
22702640,0
23154969,0
22797854,1
22435142,0
23750625,1
22496939,0
23021571,0
23754172,0
23384044,0
23122182,1
23710530,1
22849678,1
22573634,1
22684029,1
22642532,1
23087756,1
22548445,0
22856532,1
22817335,1
23470588,1
23323882,1
22780873,0
23455114,1
23512000,1
22431980,1
22772587,1
23751766,1
22629285,0
23570010,0
22954008,1
23570101,1
22721213,0
23303300,0
23439603,0
22722339,0
23032194,1
23685257,1
22912357,1
23270066,1
22434817,1
23274808,1
22852176,0
22567478,1
22802697,1
23681803,1
22873557,1
22710470,1
22859002,1
22982270,0
23271357,0
23036851,1
23384079,1
23563142,0
23460165,1
23523500,1
23153662,1
22520052,0
23337822,0
23282319,1
22515681,0
23362284,1
22544386,0
23251433,0
23104002,0
22806149,1
23584536,0
22994176,1
22877385,1
23729854,1
23693300,1
22869820,1
22912910,1
22749529,1
22810061,1
23183595,1
23124883,0
23498665,0
22435007,0
23585700,0
22565822,1
22864551,0
22772211,1
23359689,0
22511094,0
22794168,1
22992878,1
23369013,1
23102894,1
23064900,1
23670240,1
23449396,0
23002126,1
22733512,1
22578470,0
23037529,1
23680061,1
22839980,0
22768730,1
22469928,1
22341284,0
22774099,1
22858548,0
23191973,1
23391745,1
23332836,1
22351911,1
23473539,1
22854267,1
22475694,1
23590616,1
22620182,1
23658850,0
23252798,0
22861028,0
23632290,1
23013830,1
23240058,1
23733101,0
23539300,0
23001507,0
22469896,0
23642432,1
22815371,1
23628501,0
23382315,0
23595939,1
22945325,1
22797805,1
23247054,1
23327264,0
23399826,0
22422108,0
23154850,1
22414238,1
23546119,0
23714163,1
23031703,1
22407493,1
22429260,1
22893976,1
22373424,1
23305548,1
22741987,1
23757073,1
23341499,1
23508859,0
23077822,1
22500048,0
22864675,0
22755322,1
23633180,0
22964108,1
22388798,0
22410149,0
22634988,1
23247498,1
22339194,1
22584183,1
23639690,0
23206835,1
22953229,0
23083706,0
23228051,0
23054998,0
22686367,0
23033415,0
22558441,0
23235938,1
22814048,0
23728739,1
23017478,0
22805119,1
22970111,1
23067628,1
23336704,1
23254780,1
22656337,1
23265283,0
22861404,1
23760965,0
22737355,1
23667900,1
23118155,1
22455011,0
22886543,1
22882865,1
23039397,1
22556527,1
22468365,1
22885658,1
23593604,0
23245565,1
23740715,0
23250640,1
23079258,1
23289853,0
22422631,1
23628474,0
23584348,0
22417262,1
23742929,1
22910969,0
23409261,1
22624218,1
22926152,0
23194391,0
23229369,1
22502400,1
23100110,1
22800912,1
22895748,0
22834942,1
23291987,1
23272833,1
22802679,1
23363951,1
23225073,1
23070558,0
23004844,1
23403821,0
22613937,0
23455057,0
23254837,1
23365003,1
23254465,1
23085646,1
23299892,0
23485680,1
22467037,1
22953885,0
22698597,1
23235715,0
22403540,1
22601112,1
22431726,1
23185018,0
22390418,1
22633424,0
23311782,1
22774662,0
23598152,1
23300537,0
23688474,0
22926051,1
22571550,0
23713789,0
22330815,1
23273045,0
22710267,1
23035912,1
22488979,1
23565095,1
23367199,1
23345871,1
23759418,0
22354051,1
22995243,0
23211615,0
22334300,1
22562225,0
23412410,1
23034809,1
22952898,1
22517636,0
22546494,1
22374484,1
23395966,1
22766202,1
23674975,1
22755044,0
23339270,0
23446233,0
23051286,1
23498094,0
22447174,0
23086601,1
23395768,0
23064943,1
22411707,0
22714095,1
22359260,1
23591771,1
22847312,1
23543344,0
23620615,0
23368003,1
22767325,0
22489089,1
23354946,0
23048794,1
23167096,0
22527387,1
23660388,1
22554791,1
23485520,1
23019172,0
22458248,0
22706350,1
22727694,1
22618361,1
23269000,1
22414544,1
22632464,0
22456858,1
23717238,0
22413448,0
23729885,0
22414773,0
23395802,1
23009156,1
22541378,1
22420451,1
23694353,1
23354094,1
22649319,1
22379882,1
23618088,1
23480172,0
22598813,1
23494620,0
23147522,0
22718951,0
22633723,0
22484985,1
23619593,0
23708694,1
23353157,1
23171108,1
22895926,1
23415510,1
23014342,1
22554082,1
22877232,1
23202952,1
22456812,1
22538527,0
22757898,1
22557511,1
23612544,0
22723463,1
23443098,1
23103846,1
23683115,0
23111809,1
23291166,0
23545096,1
22808574,1
22327959,0
23145601,1
22857972,1
22671181,0
22963115,1
22979554,0
23253625,0
22867403,1
23424793,1
22630417,1
22646483,0
23032849,1
23731096,1
23361983,0
23535505,1
22946395,1
23067191,1
23145699,0
22580345,0
23050060,1
22727555,1
23494761,0
23469465,0
22891713,0
22813050,1
23014073,0
23600279,1
22492594,0
22870431,1
22979682,0
22338095,0
22542436,1
22568901,1
23061122,1
22734646,1
22468787,0
23734337,1
23060240,1
22890038,1
22717967,1
22698939,1
23096403,1
22748916,1
22872514,0
22355014,1
22662988,0
23459148,0
22836161,1
23458117,0
22525633,1
22812592,1
22995945,0
23033562,1
22330403,1
23328156,0
22951275,0
23708187,1
23131413,0
23365929,0
23008057,1
23719929,1
22941308,0
22923710,0
22918305,0
23199065,1
23207507,1
22916979,0
22407766,1
22703111,0
22920446,0
23314486,0
22338917,0
22386758,1
22353213,1
23180066,0
22888034,1
23530080,1
22846408,0
23483125,0
23429132,0
23621126,0
22946919,1
22984434,1
23693687,1
22926065,0
22682504,0
23095339,0
22729684,1
22674019,1
23486399,0
23661899,1
23372183,1
22624488,1
22671326,1
23695709,1
23217227,0
23000546,1
22943262,0
22561575,1
23226431,0
23394382,0
23626753,1
23069907,0
23685787,1
22894298,1
22346701,1
22349570,1
23424455,1
23247239,0
23446837,0
22773235,1
22888656,1
22475982,1
23096525,0
23359384,0
23507686,1
23340583,1
23544539,1
22383093,1
23743131,0
23758678,0
23321452,0
23253408,1
22693990,1
22351887,1
22464478,1
23253071,0
22981312,1
23417051,0
22469502,1
22473977,0
22416304,0
23601942,0
22822852,0
23627493,0
23221397,1
22675303,1
23585275,1
22670064,1
22544108,1
23740125,0
22409398,1
23307705,1
22340828,0
22391243,1
22743692,1
22830710,1
22984964,1
22518348,1
22340823,1
23704815,1
23285574,1
22712608,1
22343853,0
23214976,1
22700189,0
22550251,1
22544274,1
23560655,1
22678931,0
22396062,0
22343780,0
22829455,1
23627916,1
23212432,1
23230544,1
23146594,1
22872102,1
23737839,1
22537368,0
23564486,1
23428717,1
23323166,1
23148432,1
22918173,1
23560477,1
22421232,0
23570653,0
22906937,1
23453406,1
23680592,0
22343891,1
23750683,1
22730301,1
22558884,0
22397424,0
22823515,1
23219161,1
23583144,1
23104838,1
22334738,0
22541741,1
23480615,0
23078596,1
23237764,0
23184734,1
22578794,1
22727770,0
23710739,1
23209324,1
23442130,0
22387671,0
22893757,1
22499274,0
23004457,1
22720204,0
23362375,1
23641028,1
23473877,0
23081039,1
22907425,0
23080561,0
22349717,0
22367313,0
23731338,0
23417054,1
23373898,1
23412487,0
23414217,0
22530263,0
23700667,1
23678049,1
22714806,1
22535457,0
22834605,1
22732365,1
22419709,1
22652385,1
22736648,1
23709894,0
22981158,0
23125809,1
22700393,1
23723981,0
23338413,1
23387121,1
23162690,1
23528714,1
23510542,1
22916147,1
23051373,1
22905728,0
23671248,0
23301175,0
22332041,1
22479787,0
23674870,0
22573673,1
23664352,1
23481012,0
23261026,0
23344006,0
23465358,1
22615101,1
23672451,1
23150123,0
22544231,0
22392765,1
23677534,0
22470103,0
22919806,0
23724300,1
23589773,0
23660003,1
22355818,1
23193768,0
22420837,1
22665126,1
23318200,1
22661797,1
23369641,1
22993365,0
23496464,1
22613654,1
23497437,1
23508718,1
23722732,1
23584027,0
22630595,1
22468242,1
23336694,1
23205011,0
23580491,1
23441160,1
22925344,0
23436700,1
22705877,0
22940940,0
22802203,0
23545723,0
22797824,1
22475864,1
22830882,0
22738536,1
22359948,1
23522572,0
23142374,1
23168800,1
22795703,1
22679894,1
23642113,1
22925282,1
23119212,1
22765087,1
23210871,0
22441765,1
23475500,0
22524371,1
22669507,0
23545172,0
23416898,0
22506406,0
23695054,1
23601243,1
23452666,0
22967981,0
23586863,0
23644342,1
23235170,0
22368879,1
23572949,0
23408905,0
22456349,1
22836958,1
23185210,0
22636141,0
23264549,1
22344748,1
22675491,1
22510025,1
22916155,0
22349819,1
22487834,1
23544755,0
22487319,0
23713003,1
23311996,1
22359156,0
22461693,0
23352018,1
23163504,1
23247294,1
23100781,1
22534208,1
23686880,0
23337403,1
23326673,0
22825366,1
23118346,0
23506261,0
22787045,1
22882046,1
22371355,1
22949225,1
23466913,0
22655718,0
22480517,1
23620168,1
23025612,0
23587394,1
23428675,0
22402401,1
23473550,1
22601901,1
23228392,0
23516890,0
23128819,1
22526331,1
22814215,1
22970779,1
23041796,0
22666787,1
23369794,0
22699922,1
23415683,1
22478793,0
23247676,0
23158383,1
22588636,1
22495243,0
23150944,0
23375275,0
22803594,0
22406984,1
22632753,0
23008576,0
23152242,1
22663631,0
23203096,1
23510186,0
23249264,0
23712760,0
22854802,1
22659903,0
23417926,0
23046525,0
22790803,1
23226340,1
22724059,1
22342112,1
22936038,0
23571707,0
22429890,1
23173953,1
23519388,1
23694838,0
22788150,0
22796417,0
23399996,1
23389676,1
22428237,0
23577532,1
22742925,1
22918698,1
22343587,0
22510593,0
22408694,0
23480454,1
23617420,1
23552384,1
22398563,1
23673270,0
23319782,0
22679290,0
22946629,0
23634405,1
23325430,1
23368794,0
22911969,1
22802123,0
22357233,0
22571244,1
23699478,1
22560471,1
22826159,1
23038801,0
22685841,0
23402436,1
22619425,0
23033195,1
23008228,1
22795810,1
22452329,0
22506909,0
22741605,1
22580627,0
22841569,1
22920603,0
23207945,1
23020679,1
22791804,1
22751064,0
23338390,1
23542308,0
22794213,1
22331033,0
23034325,1
23024783,0
23358562,0
23705775,0
22542144,0
22552110,1
23643346,0
22879452,1
23374505,1
22836801,0
22403003,1
23074460,1
23558094,1
22728774,0
23096079,1
23218599,1
23673576,1
23158087,0
22434013,1
22801837,1
22408568,0
23108957,1
23289555,1
23215723,1
23135021,1
23121200,1
23009013,1
22385706,1
23068770,0
23137721,0
23739350,1
23187963,0
23493062,1
22335539,1
23381481,0
22988319,0
22532902,0
22911136,1
23039071,1
22765861,1
22659279,1
23053075,1
22495245,1
22393717,0
23239629,0
22794109,1
22371245,0
23630640,1
23541514,0
22430044,0
23671128,1
22913091,1
22701255,1
22706628,1
22392694,0
23030167,1
22780174,1
22419355,1
23493847,1
23138847,1
23631102,1
22348100,1
22387694,0
23295912,1
23655835,0
22530313,1
23425931,1
22903870,0
22864629,1
22453190,1
23550108,1
23010803,0
23593376,0
23111168,1
23548453,1
23502144,0
23694182,1
23629884,1
22708659,1
22453518,1
23668276,1
22802795,1
22751266,0
22353453,1
22845739,0
23492248,0
23139622,0
22863904,0
23393630,0
22388115,1
23650742,0
23579962,1
22683192,1
22376800,1
23149927,1
23156437,1
23451376,1
23661257,1
22612239,1
23010393,0
23391734,0
22795485,0
22948627,1
22610494,1
23755565,0
22879788,1
22483071,1
22665934,1
22431569,1
23064830,1
22736207,0
23427787,0
23088470,0
23657270,0
23456002,1
22896969,0
22641469,1
22739341,0
23296505,1
23754644,1
22943750,1
23696691,1
23454057,1
22865201,1
23019256,1
22787976,1
22809971,1
22637003,0
23310345,1
22494442,0
22508259,1
23310831,0
23022458,1
23638593,1
23658369,0
23315899,1
23035409,0
23204239,1
23555778,1
23409876,1
22813814,1
23089174,1
23591153,0
23067828,0
23271380,1
22481181,1
23046945,0
22636092,1
23164278,0
23555687,0
23738564,1
23450025,1
23591347,1
22502127,1
22904441,0
22984614,0
23371981,1
22408543,1
23173177,0
22732377,0
23283168,0
23117533,0
23464187,1
22616736,0
23443786,1
22536287,1
22426419,1
23317127,1
23319464,0
23077292,0
23742782,0
23746480,1
22990918,0
22881380,1
23632133,0
22554265,1
22848451,1
23364732,1
22368828,0
22697160,1
23507824,0
22891726,1
22988144,0
23011239,1
22439853,0
23171319,1
23526390,1
23139231,0
22853110,0
23513845,0
22371348,1
23465023,1
22878998,1
22776352,0
23280913,0
22365804,0
22999513,0
23049213,1
22807214,1
23529342,0
23103839,1
23596622,0
22943258,1
23443928,1
23699968,0
22902887,1
23449864,0
23376246,1
22856497,1
22754663,1
23288723,1
23008329,1
22440965,1
23705540,0
22359112,1
23730897,0
23019899,1
23201672,0
23505606,1
22548963,1
23206692,1
22894430,0
22686082,1
23141451,1
23691603,0
23701185,1
23658341,0
22601720,1
23370063,1
22911525,0
23045656,1
23125470,0
22972209,0
22489619,1
22626235,1
23535897,0
22872282,1
22877685,1
23182200,0
23227804,0
22790145,0
22721558,0
23310903,1
23276024,0
23590812,0
22422136,1
22683084,1
23561389,0
23739627,0
22625953,1
23114260,1
22712863,1
22428984,1
23331195,0
22936118,1
22932405,0
22769277,0
22903327,0
22581025,1
22788838,1
23707064,1
22888403,1
22771155,1
23001526,1
22965764,1
23327785,1
22721645,1
22839874,1
22547453,0
23298590,1
22967805,0
22913429,0
22681670,1
22546550,1
23511607,1
22561077,1
22472841,0
23245917,0
23327752,1
23484332,1
23296300,1
23325553,1
22627211,1
22919308,0
23101153,1
22406929,0
23604513,0
22501296,0
22562986,1
22464728,1
23315445,1
22363669,1
23307175,1
22585541,1
22390380,1
23452090,0
23248342,0
22569953,1
22378270,0
23587247,1
22490513,0
23155582,1
23059189,0
22996937,0
23325447,1
23500261,0
23748959,1
22969887,0
22437753,0
23044747,0
23759997,1
23728847,1
23658104,1
23335487,0
22692295,0
22700155,0
23692397,0
23480393,0
23143625,1
22412088,0
22434223,1
22685857,0
22607388,0
23405109,0
22450149,1
22768700,0
22877865,0
22479666,1
23290321,0
22964830,1
22413607,0
23640539,1
22730886,1
22655881,1
23140284,1
22561971,1
22959248,1
22767916,1
23542931,0
22452519,1
22777470,0
23044326,0
23181695,1
23341220,0
22933939,1
22540468,1
22558092,1
23643864,1
23235586,0
23529874,0
23054798,1
22550302,1
23164033,1
23331036,1
22527766,1
23246224,1
23068239,1
22669939,0
23704608,1
23728844,1
23133210,1
23102410,0
22993386,1
23687338,1
23303081,0
23369576,0
23079037,1
23392536,0
23052607,0
22845852,1
22974845,0
22580079,1
23431118,1
23106060,0
23567726,1
23124917,0
23113133,1
23591355,0
23003154,1
22789830,1
23591966,0
23151612,0
22963080,0
22412132,0
23050649,1
22565732,0
22691598,0
22603057,1
23164644,1
23360098,1
22624147,0
23612004,1
22600262,1
23498034,0
22909633,0
23392408,1
22414579,1
22646934,1
22447799,1
23366645,0
23415913,0
23450117,1
23271657,0
22882417,1
22704146,0
22600055,0
23254298,0
23624242,0
22670567,0
22965952,1
22642805,1
23730474,0
23724405,1
22669521,1
23557822,0
22602210,1
22833333,0
23502957,1
23298144,0
23447903,1
22327510,1
22521772,1
22603223,1
22945772,1
22917076,1
23600053,1
22474719,0
22903774,1
23220520,1
23127303,1
23186781,1
23548115,1
22531320,1
23664201,1
22747554,0
22698873,1
23072428,1
23146420,0
22869502,1
23543950,1
22631244,1
23697518,1
23083254,1
22619777,0
23043160,1
23187161,1
23722369,0
23195923,1
23562491,0
22799628,1
23436427,1
22575154,1
23525263,0
22944616,1
23677494,0
23578332,0
23561803,0
23673987,1
23649202,0
23568787,1
23204966,1
22847087,1
22995332,0
22651986,1
22868116,1
22472047,1
22984446,1
23095243,1
22338985,0
23089831,1
23167468,0
22723400,1
23366564,1
23020613,0
23504066,0
22860676,1
23022846,0
23535359,0
22718897,1
22703267,0
23498378,0
22523914,0
23355089,1
22544329,1
23698552,0
23279683,1
22408249,0
22455282,0
22678891,0
23467219,1
23237380,0
22579889,1
23076125,1
22751905,1
22909992,1
22443521,1
23284441,0
22891891,1
23169901,0
22653081,1
23133202,0
23727869,1
22380804,0
22793666,0
22707107,1
22641147,1
23726613,1
22784217,1
23706021,0
23583086,0
23387348,1
23321154,1
22580796,0
22591475,1
23121794,1
22600968,1
23066450,0
22653890,1
22808395,1
23223786,1
22697499,1
23465639,1
23278304,1
23086898,1
22439189,1
22596282,1
22501593,1
23759313,1
23560869,1
22355578,1
22616192,1
22468713,1
22544816,1
23605531,1
22439341,1
23147469,0
22534420,0
23583356,1
23522088,1
23474299,0
23004855,1
22363471,0
23171123,1
22851813,1
23030977,1
22949554,0
23099715,1
23515174,1
22816999,1
22569781,1
23531046,1
23692220,1
23383066,0
23663815,1
23185535,1
22598650,1
22841071,1
23058906,1
22644548,1
22429913,1
23141236,1
22366217,1
23049322,1
23340640,1
23321377,1
22754322,0
23415376,1
23541426,1
22692966,0
22402592,1
23530081,1
22449861,0
23141125,0
23128648,1
22567839,1
22472036,1
22675147,1
22479324,0
23148173,1
23658160,1
23562697,0
22969517,1
23217872,1
22884403,0
23011668,1
23711949,0
23162548,0
22962507,0
23613976,1
23456338,0
23365382,1
22393639,1
23401575,1
22787351,1
22985529,0
23114346,1
22647303,0
23282020,0
23397662,1
22435423,0
22798056,1
22339206,1
22399578,0
22646390,0
22336015,1
23163065,0
23498706,0
23754907,0
23353163,0
22565272,1
23678106,1
23236869,1
23712533,0
22349003,0
22785569,1
23210748,0
22386127,0
22543102,1
23508904,0
23086652,1
22993396,0
22775236,1
22632373,0
23162898,1
23601878,1
23010593,1
22713013,0
23188473,0
22872228,1
22524004,1
22927577,0
22750450,1
23544569,0
22421290,0
23743589,1
23481693,1
23478592,0
22410517,1
22935247,1
22980534,0
22614401,1
23022113,0
22459929,0
22442926,1
23211495,1
23137529,1
22961172,0
23691145,0
22457359,0
22740017,0
22593082,0
23605041,1
23483526,1
22956874,1
22561450,0
22355394,0
23179306,0
22836299,1
23421575,1
22961967,1
22558718,0
22438881,1
22472260,0
22547523,1
23116493,0
22566493,0
22918005,0
23753332,1
23251131,1
22726214,0
23438291,1
23634451,0
23679559,0
23678633,1
22341518,0
23570353,1
22945796,1
22848194,1
23221273,0
22892065,0
23491344,1
22977901,1
22479237,1
22623848,1
22587423,1
23047867,1
22445825,0
22824032,1
23724277,0
23115634,0
22445718,1
22892732,1
22650519,1
23189093,0
23527062,1
23352071,1
23019741,1
23753634,0
23508029,0
22332958,1
23606098,1
23524337,0
23582586,1
22556610,1
22753278,1
23688239,0
22460517,1
23184474,1
22875760,0
22903202,1
23473538,1
22332011,0
23122142,1
23083902,1
22802898,0
23527406,1
23341120,1
22866589,0
22707641,0
22526264,0
23136352,1
23322613,1
23261719,1
23428668,1
23098344,0
22584992,0
23120359,0
22364899,1
22601903,1
23616889,0
23044877,1
23251819,0
23471368,1
22437990,1
23431903,1
23271965,0
22845556,1
23545163,1
23450429,0
23502897,1
22939767,1
23461288,1
22963629,0
23319240,0
22726739,1
22697021,0
23723772,1
22632441,0
23686245,1
22934088,1
22379319,1
23025953,0
22359485,1
23111703,1
23511816,1
22419762,1
22511552,1
23392546,1
22464710,0
23711017,0
23232451,0
22802444,0
22858928,1
22420513,1
22989858,0
22660008,1
23284149,0
23230712,0
22404823,1
23498328,0
23234821,1
22823116,1
22525712,1
22341246,1
22363243,0
23098773,1
22412983,1
22458632,0
22838055,1
22581114,1
23636356,1
22753049,1
23202214,0
23736191,1
23340490,0
22612105,1
22719586,1
22934733,0
23399014,0
23370370,0
23024511,1
22663107,1
22489597,0
23232735,0
23561089,0
22556971,1
23476743,1
23326773,0
23751362,0
22922509,1
23011374,1
22366588,0
22994529,0
22409479,0
22871003,1
22677264,0
23572351,1
22731492,1
23187669,1
23635645,1
22785385,1
22699861,1
23007530,1
22650382,1
23702055,1
22718333,1
22545484,0
23122411,1
23058380,0
22371284,1
22495512,0
22838609,1
23257007,0
23201985,1
23386639,0
23000108,1
23490757,1
23336069,1
23664986,1
23427434,1
22748844,1
23742713,0
23175709,0
23079315,0
22606993,1
23048965,1
22966783,0
23669237,1
22499307,1
23204482,0
22452991,1
23146058,1
22861912,0
22830312,0
22462438,0
22595461,0
22872293,0
23267468,1
22502073,0
22858817,1
22507460,0
22902787,1
22903749,1
23519235,1
23264367,0
23526673,0
22766362,1
22836701,1
22726309,0
22422853,1
23746256,1
22915767,1
23437451,0
23389938,1
23457385,1
23288599,1
23370940,0
23678134,0
22655502,1
23332717,0
23208756,0
23027351,1
23670934,0
22486008,0
22619240,0
23162976,0
22857738,1
23597632,0
23161969,0
23137194,0
22664087,0
22682833,1
23731642,1
23242375,1
23124536,1
23396851,0
23281003,0
23354010,0
22447807,0
22853448,0
22413248,1
23647540,0
23114550,1
22992041,0
22352910,1
22626529,1
23000794,0
22997805,1
22629400,0
22534509,1
23449651,1
23081067,1
22733293,0
22489943,1
23261345,0
22727115,0
22557311,1
23470971,1
23027818,0
22372173,1
23686830,1
23287662,1
22409682,1
23147665,1
22664332,1
23499422,1
22745145,0
23375193,1
22585101,1
22405874,0
23381860,1
23649487,0
22596396,0
23181714,1
22900333,1
22825928,0
23614925,1
23735536,0
23553897,0
22799411,1
22461566,1
22398879,1
23489282,1
23325518,0
22444082,0
23502862,0
23527352,1
22608789,1
22570354,1
23639030,0
22698811,0
23423887,1
22338261,1
23121494,1
23705523,0
22499140,0
23296217,1
22513245,0
23616355,1
23268083,1
22637855,1
22677560,1
22824954,1
22809078,1
23113336,1
22668025,0
22476126,0
23430630,1
22592684,0
22825357,1
22963962,1
23491651,0
22514071,0
23643558,1
22470434,0
23075126,0
23653401,1
23363794,1
23146014,1
23227051,0
23417831,1
23308385,0
22763601,0
23188569,0
23474015,1
22906301,1
23036551,1
23044634,0
22377166,0
22909874,0
23091038,0
23428234,1
22562723,1
22927499,1
22333917,1
22848759,1
22607531,1
22987697,1
22727722,1
23190533,0
22989228,1
23555282,0
22895890,0
23171267,1
23432774,0
22351288,1
22685736,0
23308690,0
23156532,1
23185444,0
23133678,0
23411892,0
23659375,1
23541049,0
22862326,1
22735795,1
23753790,0
22686686,0
22416478,1
23241024,0
22446788,1
23066900,0
23175403,1
23613867,0
23446029,1
23084986,0
23449725,1
22750131,1
23282749,1
23360988,0
22718355,1
23102278,1
23533015,1
23480597,0
22844276,0
23498837,0
23110480,0
23574901,1
22474031,1
22743812,1
22400608,0
22327805,1
22512597,0
22985536,0
23725306,0
22830675,0
23319998,1
22804971,0
22824922,0
22737226,1
23534228,0
22483212,1
23195384,1
23490443,0
23496310,0
22495700,1
23085048,1
22424228,0
23542066,1
23382119,1
23293594,0
23540176,0
22764164,1
23193759,0
23070868,1
23030185,1
23675301,1
23693623,0
23667091,1
22361783,0
23497743,0
22776214,1
23733320,1
23521717,0
23209328,1
23673592,0
22842563,1
23668444,1
23505713,0
23232695,1
23368224,0
22398685,1
23467755,1
22344379,1
22835422,0
22764092,1
22646090,1
23525590,1
22791567,0
22899854,0
22681072,0
23237315,0
22731715,0
23746526,1
23401560,0
22714492,0
23554988,0
22804870,1
23565013,1
22681810,1
22361777,0
23231772,0
23185052,1
22328664,1
22857086,1
22725060,1
22444861,0
23136229,1
23136531,0
23067657,1
23667405,1
22710490,0
23698796,1
23284932,1
22988170,1
23344625,0
22879488,0
22967144,0
23266017,1
23606791,1
23731969,1
22411467,1
23247885,1
23130610,0
22332376,1
23491375,1
23737166,1
22925781,0
22797901,1
22638245,1
23426598,1
22583753,1
23289852,1
23667034,0
23586829,0
22573540,0
22333718,0
23600154,0
23026557,1
23197892,0
22630919,0
23659750,1
23751049,1
23175177,1
22534830,1
22790124,0
22561673,1
22652893,1
22431000,1
22490328,1
22811704,0
22991953,0
22868795,0
23491078,1
23638120,0
22848073,1
22398227,0
22438034,0
22914164,1
23375215,1
22551255,0
23754689,0
23488154,0
23458684,1
22435887,1
23327466,0
22931391,1
23577375,0
23497723,1
22618005,0
22893628,1
22886410,1
23478631,1
22560819,0
22840739,1
22608833,1
23442569,1
22832985,1
23655285,0
23110711,1
23151084,0
23124168,1
23009080,0
23264634,1
23539369,1
22502776,0
22338558,0
23225613,0
23418936,1
23666347,1
23653997,0
23672469,0
22864347,0
23405667,1
23411944,1
23100818,1
22672812,1
23616066,1
23322692,1
23554349,1
22681772,1
22762588,0
23624044,1
22727844,1
22873451,1
22521081,1
22993413,0
23498127,1
22894381,1
23360263,1
22723834,1
22950300,1
22991775,1
23721201,1
23727461,0
22335040,1
22990502,1
23256309,0
22714607,0
23434297,0
23272647,1
23742706,0
23585774,1
22345961,1
22671455,1
23682466,0
23560428,1
22500335,0
23386174,1
23640918,1
22351260,1
22348021,1
23004299,1
23562356,0
22496150,0
22526701,0
22529252,0
22461855,1
22746137,1
23670374,1
23117392,1
23158098,0
22920011,1
23193168,1
23082715,1
22997557,1
23204276,0
22400168,1
23295548,1
22683749,0
23107299,1
22351322,1
22563334,1
23628239,1
22559820,0
22739103,1
22831779,1
23038526,1
23168001,1
22976531,1
23277889,0
22932506,1
22364508,1
23242821,1
23235014,0
23319447,1
22608793,0
23526973,0
23271641,1
23268458,1
23521566,1
22864448,1
22868595,1
23422869,0
23267172,1
22489097,1
22430949,1
22805999,1
23148479,0
23331317,1
23306565,0
22544184,1
23369217,0
22688512,1
23135818,0
22514743,1
23357606,1
22908271,1
23251725,1
23380936,1
23028656,1
22407685,1
22639968,0
22701154,1
22557452,1
23075231,0
22841900,1
22441972,1
22751577,1
22933684,0
23302516,0
22928050,0
23076029,0
23205752,1
22339752,1
22816637,1
22500349,1
23418073,1
22519670,1
22425691,0
23318672,1
22401749,1
22923685,1
22655694,1
22418878,1
22899006,0
23625411,0
23314814,1
23561087,0
23697452,1
23361970,0
22339961,0
22517494,1
23306928,1
22895829,0
23119849,0
23153802,0
23000997,0
22474548,0
22983195,1
22871172,1
22957451,1
22818211,1
23496896,1
23174826,1
22971665,1
22500617,0
22696748,0
23526650,0
22858187,0
23095651,1
23704886,1
23607802,0
23498497,1
23289763,0
22427684,1
22648299,1
22780649,0
23003458,0
22730389,1
23617577,1
23416688,0
23117846,1
22387439,1
23049225,0
22438540,1
23664231,0
23364578,1
23170246,1
23587962,1
23170939,1
22972301,1
22442124,1
22894083,0
23260467,1
23055601,1
23278136,1
22838312,1
22460436,0
22714451,0
22993725,1
22863585,0
22706117,0
23326100,1
23610412,1
23608984,1
22451727,1
22795504,1
23604153,1
22495330,1
23147903,1
22640299,1
22764558,1
22402831,1
23311243,1
22895952,0
22894502,0
23640394,1
22850557,1
23464441,0
22973383,1
22344348,1
22656600,0
23621542,0
22727889,0
23566455,1
23590931,0
23547815,1
22485167,1
23571718,0
23200084,1
23630473,1
22679311,0
23416489,0
22929623,1
23725444,0
23710328,0
23523823,1
23736209,1
22855130,0
23682340,0
22904972,1
23590543,0
23605319,1
23383562,1
22693004,1
23288434,0
23053405,1
23401945,1
22969317,1
23537454,0
23091632,1
23459339,1
23508723,1
23547591,1
22365886,0
22889361,1
22868417,1
23707012,1
23522255,0
23370426,1
23141984,1
22965075,1
23500640,0
23616475,1
22990939,0
22328531,1
23436487,1
22658129,1
23519880,0
23685715,0
23528583,0
23312953,0
22465505,1
22344405,0
22982302,0
23657810,0
22850493,1
22619101,0
22868171,1
22409852,1
22911059,1
22869745,1
23576077,0
23341355,1
23064737,1
23142947,1
22493908,0
23326954,1
23366791,0
22513951,1
23736119,1
22814731,0
23583425,1
22465987,1
22789035,1
22668248,1
23673427,1
22947459,1
22351621,1
23719676,0
23422325,1
23522188,1
23427793,1
22984094,1
22472265,0
23415464,1
23460555,1
23357125,1
22335678,0
23087514,1
23464536,1
23709123,0
22327935,0
23676980,0
23437182,1
22876949,1
22769802,0
23173263,1
22793979,1
23200057,0
23173691,1
22753036,1
22724190,1
22884142,0
22820527,0
22644288,0
23581424,0
22547966,1
22592133,1
23533129,0
23073646,0
22633653,1
23362420,1
23031668,1
22493032,1
22532472,0
22579383,1
22658039,1
22968052,1
22441203,1
22835428,1
22909790,1
22615789,0
23550232,1
22708065,0
23253666,0
22528491,1
23275426,1
23655669,0
23639567,1
22683283,1
23571362,1
22664388,1
22343247,1
22454078,1
23016198,0
23572147,1
22794539,0
22942331,1
22617779,1
22376691,1
22681520,0
22375711,1
22467493,0
22703057,1
22811234,0
22795157,1
22746420,1
22651293,0
22463905,0
22429095,1
23419009,0
22466017,1
22688757,1
22808611,1
23503454,1
22807713,1
23036241,0
22650828,1
23652319,1
23647598,1
23600298,0
22766538,0
22438189,1
22590424,0
22954230,1
23251159,0
23080842,0
23010538,0
22866850,1
22965759,0
23047910,1
22858360,1
22962709,0
23385578,1
22789408,1
23347082,0
23465216,0
22638658,1
23013278,1
23028796,1
22761128,0
23477703,0
22695413,1
22689962,1
22414399,0
22392007,1
22565184,0
23572546,1
22686891,0
23141333,0
22537489,1
23067663,1
23309444,0
23443703,1
23174875,0
22834666,0
23367523,1
22908171,1
23151998,0
22491523,1
23615487,1
23019977,1
23533801,1
23037450,0
23388355,1
22995600,0
23272107,1
22524097,0
22379182,1
22656570,1
23290613,1
22836333,1
23283650,0
22803561,0
22524667,1
23296132,0
22438274,0
23167019,1
23143237,0
23274382,1
22575123,0
23746196,0
22433428,0
23097338,0
22339041,1
23662583,0
23552655,0
23247311,0
22679243,1
22856811,1
23108087,1
23178348,0
23289109,0
23380082,0
23098234,0
23165368,1
23214706,0
22681744,0
23028398,0
22707922,1
23512960,0
23528566,0
22413483,1
23486176,0
22516797,1
23145602,1
23725820,0
23105596,0
22685775,1
23224754,0
22560081,0
23393082,0
22441428,1
23373029,1
22667154,1
23731678,0
23599200,1
22617657,1
23430629,0
22761326,1
22478514,1
23584890,1
22607194,1
23477561,0
23181927,1
22370434,1
23574673,0
23454412,0
23345150,0
23286927,0
22921539,0
23443500,0
23632362,0
23758199,1
22775318,1
22891406,1
22896231,0
22564093,0
22663629,0
23308622,1
23056610,1
23061904,1
23175349,1
22850869,1
23289737,1
22613789,0
22797567,1
23433296,0
22833240,1
23083151,1
22632126,0
22920517,1
22573425,1
23329853,0
23678168,0
22390729,0
23092332,0
23416784,0
23133714,0
22813807,1
23184440,0
22741612,1
23244840,0
23343280,0
23482659,0
22784442,0
22470633,1
22773937,1
23410974,0
22845032,1
22536080,1
22618212,0
23569985,0
22979036,0
23667933,1
23653190,1
22509628,1
23072195,0
23212908,1
22837460,1
23663629,1
23342997,1
22419126,0
23444195,0
23332300,1
23498879,1
23270565,0
22526434,1
22391386,1
22467974,0
23205044,0
22392716,0
23045991,1
22341180,1
23177614,1
23283704,0
22506953,1
22768128,0
22812885,0
23759356,1
22455982,1
22680530,1
22658643,1
23265649,0
23649374,0
23659955,0
23559831,1
23561788,0
22675282,1
23423543,0
23658810,0
22932109,1
23136272,1
22703236,1
23084401,0
23724619,1
23664811,0
22944250,0
22537039,0
22521110,1
23590927,1
22475497,1
22708421,1
22536193,0
22884841,0
23115679,1
22498567,1
22511833,0
22672797,0
22398638,0
23175938,1
22979863,1
23458119,0
23166324,0
22628605,1
22709048,0
23118641,1
23374878,1
22415651,0
23550804,1
23200850,1
22640659,1
23121146,1
22631290,1
22546231,0
22608076,1
23547015,1
22673770,0
22524722,1
22493630,1
23243642,1
23357415,1
22600009,0
23652195,1
22439931,1
22467907,0
22811908,1
22701534,1
22717128,1
23578662,0
23382926,1
23284855,0
22363075,1
23640517,1
22949733,0
22750949,1
22545439,1
23588854,0
23670994,0
23060893,1
22524936,0
23387606,1
22441798,0
22974830,1
22902327,0
22738904,1
22633240,1
22992062,0
23183399,0
22576299,0
23448278,1
22938116,1
23134091,0
22840942,0
22576710,0
22883258,1
23169312,1
22437354,0
22441842,0
22737511,1
23365653,1
22721387,1
23322442,1
22666461,0
23358256,1
22701675,1
23071946,0
23302029,1
22634460,1
23383666,1
23046461,1
22539244,0
22870081,1
22649069,1
22896744,1
23398605,1
23487430,1
23342166,0
23589173,0
23287273,0
22586640,0
23023520,0
22634781,1
22977719,1
23445120,1
23094711,0
23363337,0
23752154,1
22603013,1
22875418,1
23288982,1
22642157,0
23673979,0
22849001,1
22912374,0
23690448,0
22443933,1
22520006,0
22338562,1
23022312,1
23737351,1
23576644,1
22490623,0
22330705,0
22888264,1
23490082,0
23602541,0
23297634,1
22496856,1
22911617,0
23508570,0
23245252,1
22481827,1
22638299,1
23262085,0
23453708,0
22869507,1
22570588,1
22516538,0
22892960,1
23555418,0
22649747,1
22491914,0
23236886,1
23380366,0
22559583,1
23252139,1
23710216,1
22927047,0
22537027,0
23728058,1
23295109,1
22530898,0
22345208,1
23134711,1
23649519,0
23535124,1
23049921,1
23705793,0
22806659,1
22432243,0
23715589,0
23616024,1
22702319,0
22506870,0
23433165,1
23163532,0
23464645,0
23189503,1
22696527,1
23060474,1
23052343,0
22859807,1
23673432,1
22839815,0
23344764,1
23624528,1
22692360,1
22944434,1
23002931,1
23087365,0
22520842,1
22512382,0
23340885,1
23208256,1
23722784,1
23239224,1
22950650,1
23640566,1
23569982,1
23725372,0
22805054,1
22547146,1
23082211,1
22701541,1
22486811,1
22413138,0
22621458,0
23749326,1
22709260,1
22632027,1
23687020,0
22631344,0
22453364,1
23199292,1
23124016,1
22976164,0
22371213,0
22771463,1
22448726,0
23567532,0
23301841,1
23614664,0
23624837,1
23105192,1
22516131,1
23475308,0
23192166,0
22769978,0
23401065,1
23709010,0
22483593,1
23321912,1
23694332,0
23589852,1
23264085,1
22707658,1
23040122,1
23267812,0
22397811,0
22784733,0
23433565,1
22476310,1
23151842,1
23291204,1
23060770,1
22443901,0
23274952,1
23101411,1
23134309,1
23489810,1
22767814,1
22934646,0
22803584,1
23722049,0
23509870,0
23279428,1
23620296,0
22933989,1
23134288,1
22460537,0
23260079,1
23058459,1
22490708,1
22953746,0
23494428,1
23497340,0
23156278,0
22406214,1
23470563,1
23734595,1
22589200,0
22893931,1
22765759,1
23223521,0
23721820,1
22848635,1
23699724,0
23411617,1
22468356,1
22656885,1
22553537,0
22500118,0
23309947,1
22363549,1
22826938,0
23625187,0
23451064,0
22768876,1
23501796,0
23153115,1
22967012,0
22436757,1
22815991,1
22423082,1
22655343,1
23070337,1
23237535,0
22837337,1
23006754,1
23181098,1
22996342,1
23734404,0
23265411,1
22536927,1
22967701,0
23531711,1
23571097,0
23177454,1
23453868,0
23348969,0
23736599,1
22352536,1
23148433,0
23032552,1
22716725,1
22362908,0
23589496,1
23109448,1
23377076,0
23001139,1
23490100,1
23007285,1
22633007,0
23731957,1
23588340,1
22691772,1
22801357,0
23133914,1
23510322,1
23509442,1
22544594,1
23070745,1
22589512,1
22735862,0
22912497,1
22801259,0
23638527,1
23535305,1
23191507,0
23100208,1
22735218,0
23018630,1
22871771,1
22901055,1
22739759,1
22770596,1
23726209,1
22425761,1
23647583,1
22939077,0
22918792,1
22399723,1
22648275,1
22410811,0
22774258,1
23709229,1
23675362,0
22666896,1
23391963,1
23071179,1
23628891,0
22594299,1
23419987,1
23206245,1
22671676,1
22423443,0
23483863,0
22594922,1
22877323,0
22553161,0
23569887,0
22662450,1
23292128,0
22433936,0
23525267,0
23432041,1
23047267,0
23511033,1
22668411,0
23125174,1
23365061,0
22399788,0
23535694,1
23729402,0
22781399,0
22429035,0
22583909,1
23506769,1
23269085,0
23164493,1
22598687,1
23116426,1
22828670,0
22705436,1
22620945,0
23581487,0
23137155,1
22962356,0
22946964,0
23401551,1
22721089,1
22804043,1
23725346,1
23731926,1
22862154,1
23694667,0
22615385,1
22409796,1
22847323,1
22826510,0
23076997,1
23393675,0
23226168,0
23112451,0
23599331,1
22908945,1
23496150,1
22411233,1
22967875,1
23359620,1
23571506,1
23655074,0
23080501,0
23687499,0
23742855,0
23213284,1
23389331,1
23448940,1
22619119,1
23243049,1
22580957,0
22973953,0
23438838,1
23574800,1
22899381,1
23574388,0
23586242,1
23046922,1
22363860,0
23479065,0
22548629,1
22626266,1
22696023,1
23704167,1
23558894,0
22587284,0
22475347,1
22940137,1
23419546,0
23438009,1
22929559,1
22799717,1
23010133,0
22924329,1
23488015,0
23181350,0
23305725,1
23627972,0
22414771,1
23495081,1
22975650,1
22906242,1
23056627,0
23139659,0
23506298,0
22916776,1
22599676,0
23501995,1
23756836,0
23643268,0
22788270,0
23096923,1
22365853,1
23262091,1
22715392,0
23146828,1
22373674,1
22413543,1
23095553,1
23412686,1
23723860,0
23497097,1
22840677,1
23263752,1
22602309,1
22651231,0
23109657,1
22744733,0
23361609,1
22934595,0
23586330,1
22577626,1
22994580,0
22986737,0
22694510,0
23390895,1
23589249,0
23227753,1
23246152,1
22897219,0
22895319,0
23149724,1
23473824,1
22765661,0
22783014,1
22397518,1
23324460,0
23078503,1
23178341,1
23236001,1
23340197,1
23707785,1
22864670,1
23625454,0
22867220,0
23037807,1
23496301,1
23121275,0
23555389,0
22540074,1
22412506,1
22724016,0
22962456,0
22370424,1
23237852,0
22659221,1
22812538,1
22968829,0
23628503,1
23638980,1
22384804,1
22601222,1
22621469,1
22645627,1
22597462,0
23119298,1
22440421,1
22759943,0
23222836,1
23038625,0
23135188,1
22342075,0
23538881,1
23211365,1
22716579,1
23105777,0
22842706,1
22347169,1
22656459,1
22753545,1
23587974,1
22475115,1
22673054,1
22388776,1
23711962,0
23122177,0
22549603,0
23639127,1
23509021,1
22824080,1
23079124,1
23570487,0
22630162,1
22786355,0
22881504,1
22659987,1
23538893,1
23594779,0
23389722,0
22842183,1
22473209,1
22685522,1
23409625,1
23373751,1
23002586,1
22963053,1
23569665,1
23610326,1
22381598,1
23370501,1
23414920,0
22624797,1
23577087,1
23540192,0
22980856,1
22798141,1
23382039,1
23508737,0
23277384,1
23335937,0
23450507,0
22492940,1
22916925,0
23692917,1
23505836,1
23613418,1
23010389,1
23360911,1
22952798,0
23005717,1
23194967,1
23420521,1
23078772,1
22801533,1
22806449,1
22842104,1
23710937,1
23080559,1
23088336,1
23703110,1
23467041,0
23015532,1
22491683,0
22510381,0
23663762,1
22923210,0
23578947,0
23032201,1
23509388,0
22989085,1
22394813,1
22740339,1
22541862,1
23435718,0
22757003,1
22865798,1
23665637,0
23473020,0
22504208,1
23503054,0
22977448,1
23455853,1
23484944,1
22863772,1
23711159,1
23375055,0
22718198,1
22465855,1
22481550,1
22804655,1
23034564,1
23468321,1
23055715,1
23563640,1
22775104,1
23607373,1
23299286,0
22956803,1
23711844,1
23420916,1
23104207,1
22896622,0
22659831,1
22800195,1
22355689,1
23581515,1
22449661,1
22700360,1
23255997,0
22740783,1
22362481,1
23259699,1
23499788,0
23074339,1
22642934,1
23122178,0
22430058,1
23051015,1
23742885,0
23472545,1
23413948,1
23636961,1
23208212,0
23271148,1
22703813,1
22532747,0
23640101,0
22912097,1
23075729,1
22993871,1
23367336,1
22379538,1
22823304,1
23647031,0
23034350,1
23650300,0
23185271,1
22480856,1
23616882,1
23113351,0
23488181,1
22769686,1
22401611,0
22800481,1
23287636,1
22457600,1
23050341,1
23058913,0
23184719,1
22892723,1
23157430,0
22929659,0
23355875,1
23488160,1
23433906,1
23221102,1
22732666,1
23756558,1
23460590,1
22579505,1
22639057,1
23368173,0
23648895,0
22424284,1
22373822,0
23596336,0
22872706,0
22752636,1
23215294,0
23721384,0
22525533,1
23732836,0
23612553,1
23443239,1
22339029,0
23221967,1
23227205,0
23411761,0
22363406,1
22534409,1
22830857,1
23760193,0
23649561,0
22919344,0
22388050,1
22997291,0
23531484,0
23513571,1
22513042,1
22460779,0
22337820,1
22372404,1
22999226,1
22824121,1
22637042,1
22549493,1
22395667,1
22942863,1
23488542,0
23065591,0
22574584,1
23260765,0
22341253,1
22770014,1
22883023,0
23400811,0
23200258,1
22582714,1
23044414,0
23433395,1
23110086,1
22772972,0
22737333,1
23325820,0
22715540,1
23193059,0
23483837,1
22445186,1
23635060,0
22353936,0
23494443,1
23040528,1
23373511,1
23394671,1
22477955,0
23492902,0
22818344,1
22805881,1
22837302,1
23058421,0
23644518,1
22881132,1
22651284,1
22493791,0
22359802,1
23154149,1
22830612,0
23433387,1
23142235,0
22669216,1
23581276,1
23755428,1
22466789,1
23299200,0
22523028,1
22719060,1
23300585,1
22930283,1
23263396,1
22360653,1
23042360,0
22453752,1
22952342,0
23066009,0
22454960,1
22720419,1
23400898,1
22425009,1
22470364,1
23044799,1
23361089,1
23122605,1
23635245,1
23597105,0
23750747,1
23076729,0
23522545,0
23151019,0
23529865,0
23580199,1
23725960,1
23248656,0
22750900,1
23080455,1
23076294,1
23565695,1
23216712,0
23375760,1
23386159,1
22442295,1
23595490,0
22329027,1
22901928,0
22609929,1
22985406,1
22458114,0
22341328,1
23541798,0
22731046,0
23477013,1
23057823,0
23649191,0
22372162,1
22560258,0
23083119,1
23667449,0
23686443,1
23524114,1
22656311,0
22365473,1
22972602,1
23588509,0
23227383,0
22930726,0
22738570,1
23159970,1
23685220,1
23422442,0
23095152,1
23622283,1
22734933,1
23549299,0
23190460,1
22839733,1
22933287,1
23481941,1
23131881,1
22428087,1
22843510,0
23553477,0
22462017,1
22994987,0
22759338,1
22933282,0
23723726,1
23610301,1
22327616,0
23250843,1
22808325,1
22442157,1
23385927,0
22888561,1
23680454,0
23305817,0
22930143,1
22588523,0
23460370,1
22603097,1
23039770,0
23628421,0
23631147,0
23547801,0
23598350,1
23451699,1
23513097,1
22661351,0
23745273,1
23009520,1
23121730,1
23458168,1
22783267,1
23752724,0
22761927,1
23575599,1
23493259,0
22450719,0
22411747,1
23653030,1
23436587,1
23589493,1
23443936,1
23267136,1
22754263,1
23667439,0
23486789,0
22354030,1
23205756,1
22547663,1
22805297,0
23292815,1
23246141,1
23518861,1
23567597,1
23069169,1
23468010,1
22943218,1
22852944,0
22721312,0
22887240,1
22330745,1
23165296,1
22700380,1
22840939,0
23329857,1
22531654,1
23639822,0
22590134,1
23705299,0
23493530,1
22514816,1
23375184,1
23408461,1
22693292,0
22347029,1
22545482,1
23027676,0
23264605,1
22773591,1
23084702,1
23634698,1
22410049,1
23351397,1
22957561,0
23621519,0
22460270,1
22460838,1
23269935,1
23641898,1
23639072,1
22347298,1
22787613,0
22701189,0
23477666,0
23338595,1
23073064,1
22874191,1
23458019,0
23099885,1
23634328,0
23271364,0
23331068,1
22455501,0
23493722,1
23311023,0
22636926,1
23455351,1
23230538,0
22846358,1
23206040,1
22611697,1
22430129,0
23069856,0
23126833,1
22480909,0
23059440,1
22593339,0
22602905,1
22497421,0
22557157,1
22966804,0
23153621,0
22924410,1
23405001,1
22550486,0
22848003,1
22698460,1
22716344,0
23403108,1
22697284,0
23561312,0
22756879,0
22404975,0
22353875,0
22454442,1
22638127,1
23030149,1
23583887,0
23398089,1
23072252,0
22968803,1
23612752,1
22337504,1
23344622,1
23579792,0
23256030,0
23271048,1
23315196,1
23502486,0
23370110,1
23752070,1
22868262,1
23556325,1
23693293,0
23266784,1
23638961,1
22672921,1
22891150,0
23487757,1
22454641,1
23252300,0
23370601,0
23627967,0
23596941,1
23474192,0
22676156,1
23286848,1
23274438,0
22471171,1
23013568,1
23104477,0
22925252,1
23236018,1
23687554,0
22966877,0
22551265,1
22367433,1
23162509,1
23284392,0
23274387,1
22605644,1
23655536,0
23415075,1
22974184,1
22799283,1
23200370,1
22607298,0
22827165,1
22415672,1
22782268,1
22607706,1
23303123,0
23050143,0
22606497,1
22633570,0
23483314,1
22996381,1
23423763,1
22374808,1
22698331,1
22602095,1
22373091,1
23708974,1
23739739,1
23621364,0
23674081,0
23117703,1
23419300,1
22813290,1
22939262,0
22849385,1
23323641,1
22661448,1
23238138,1
23398721,1
22984755,0
22887788,0
22473119,1
23425776,0
22898692,1
22573290,0
22499481,1
23198479,0
23481604,1
23590504,0
22719393,1
23721481,0
23386114,0
23094844,0
22734496,1
23442661,1
23292505,0
23424388,1
22901327,0
22468366,1
23675474,1
23519709,1
23543803,1
23682026,1
22854040,0
23741402,1
22989353,0
23630821,1
22465075,1
22360990,1
23686832,0
23657162,0
23691232,0
23398410,1
23173201,0
23359520,0
22711794,1
22897157,0
23243653,0
23503876,1
23613101,0
23478368,1
23514656,1
23754502,1
23413571,0
22882691,1
23353910,1
23475848,1
23433555,1
23212693,1
22896280,0
22933126,0
23503109,0
22927814,1
23246733,1
22508603,1
22979876,1
22898989,0
23195838,1
23750362,1
22452421,1
23621371,1
22758646,0
23140402,0
23480380,0
23059393,0
22442460,1
23112804,1
23660158,0
22695820,0
22473037,0
22537910,0
22787715,1
23619736,0
22443604,0
23079534,0
23719075,1
23152452,1
23373223,1
22853365,0
23264086,1
22837693,1
22402357,1
23024558,0
22363442,0
23418961,0
23747733,1
22861879,1
22391960,0
23744712,0
22956983,0
23035319,0
23454028,1
22860088,0
23252052,1
23358958,0
23447145,1
23305228,1
23602421,0
22521664,1
23164476,1
23234230,1
22761404,1
23493030,1
22890996,1
22592411,0
22735776,0
22446306,1
22682611,1
23486797,0
23587718,1
22756650,0
22331170,0
23302984,1
23740118,0
22820958,1
23071055,0
23437924,1
23529131,0
22811204,0
23420097,1
22895586,1
23670563,0
22962007,0
22824218,1
22768076,0
23596636,1
22616580,0
23552801,1
22644209,0
23260841,0
23407948,0
23097990,1
22336200,1
23707602,0
23400650,1
22456426,1
22615287,1
22713504,0
23406629,0
23382028,1
22808456,1
22875963,0
22417225,1
23165813,1
23526741,0
22944546,1
23708582,1
22736370,1
22682953,1
22864404,0
23251381,1
22485418,1
22888235,0
22399398,1
23128266,0
22507511,1
23221763,1
22750688,0
23569016,1
22491925,1
23535308,0
23315254,0
22454105,1
22359210,0
23585310,1
23691909,0
23667272,1
23703304,1
22602261,1
23163841,0
22674447,1
22887354,0
22535215,0
22782498,1
23332974,1
22597481,1
23016421,1
22349619,1
23301716,1
23499586,0
22482254,1
23361601,1
22839569,0
22946619,1
22724236,1
23164552,1
22521583,1
23584927,0
23632293,1
22418923,1
23335542,0
22359102,0
22888575,1
22540688,1
22994444,0
22497707,1
22589296,0
22890249,1
23290470,0
23492122,1
23463038,0
23096817,1
23681487,0
22410906,0
23088877,0
22367518,1
22887777,1
22543134,0
23501265,0
22951036,1
22491042,1
23198680,1
23611217,1
23106481,1
22952613,1
22849771,0
23013976,1
22967743,0
23433031,0
23124241,0
23472485,1
23588727,1
22426196,0
22337056,1
22553989,1
22835003,1
22598176,0
22539230,1
23012739,0
22344816,0
22747477,0
22999684,1
23611965,0
23508477,0
23496347,1
23237195,1
23350841,1
23637768,0
23560690,1
23519215,1
22371590,1
23141501,0
23666410,0
22587296,1
23481125,0
22988624,1
23065125,0
22488290,1
23745175,1
23621248,0
23025708,1
22408696,0
22632480,0
22721831,1
22418390,1
23568050,0
22861532,0
23194408,0
22560703,0
22690954,0
23183192,1
23583261,0
22533568,1
23162608,1
22486235,1
23684186,1
23376263,1
23137345,0
23523820,1
23756644,1
22828725,1
23712572,1
22782786,0
22853281,0
22598624,0
23567653,1
23086277,0
22791560,0
23164309,0
22455264,1
23173845,1
23546046,1
23425133,1
22992472,0
23041892,0
23139168,1
23607154,0
23331249,1
22505729,1
22736691,1
23087534,1
23558787,1
23538490,0
23238029,1
22796688,1
23038751,1
22547127,0
23520797,0
22481150,1
23524699,0
23688503,1
23599037,0
23461429,1
22669139,1
23247951,0
23504825,1
23599005,1
23164575,0
22698273,1
23569337,1
23276216,1
22971354,0
23093982,0
23358969,0
22760651,1
23173737,1
23556102,1
23536640,0
22328997,1
23460561,1
22380545,1
22704423,1
23034725,0
23636791,1
23715153,1
22796573,1
22463767,0
23406884,1
22449036,1
23538744,1
22898109,0
22802228,1
22940184,0
23123639,1
22462785,1
22532487,1
23114110,0
22724298,0
23317256,1
22347102,1
23210963,0
23587243,1
22652197,1
22599780,0
23057343,0
23388457,1
22818637,0
23510149,0
23048413,1
22719055,1
23071519,1
22546270,0
22607671,0
23272788,1
22567589,1
23369656,1
22407137,1
23388426,1
22853609,1
22949295,0
22855621,0
23577560,0
23466456,1
23411254,0
22770727,1
23441167,0
22905782,1
22682843,1
23016219,1
22604582,1
22978595,1
23512980,0
22891972,1
23449259,0
22668462,1
22799954,1
22693219,1
23155889,1
22533501,0
23258815,0
22492674,0
23761041,0
22861293,1
23042692,0
22856009,1
23673738,0
23352255,0
22990462,1
23653679,0
22809866,1
22656387,1
22350986,1
22862944,1
23726695,1
22794195,1
23509906,1
23689094,1
23184109,1
23088996,0
23575518,1
23227327,0
23736206,1
22866547,1
22816997,1
22928921,0
23060278,0
23083538,1
22603572,1
23325241,0
23290827,0
22581305,0
22826046,1
22678311,1
23231493,1
22406968,1
23045010,0
23351977,0
23730024,0
23276392,0
22345593,1
23351426,1
23467729,1
22916229,1
23160949,0
23172605,0
22973116,0
22493223,1
22688828,1
22857276,1
22891314,1
23467163,1
23035179,0
23061298,1
23586059,0
23737956,0
23418032,1
22774489,0
22798393,1
22530091,0
23181858,1
23082990,1
22826815,0
22935476,1
22921126,1
22914781,0
22635864,1
23314060,1
23751098,1
22720032,1
22374035,1
23053158,0
23148736,0
23129122,1
23679495,1
23347492,0
23496780,1
23729202,0
22484807,1
23491417,0
23075835,1
23012164,0
23504059,0
22757473,1
22990868,1
23534120,1
23578131,1
22445250,1
23264742,0
23130218,1
23558088,1
23425603,1
23724407,0
22935539,0
23348361,0
23656992,1
23434945,0
23722874,1
23430706,1
23311704,1
22649756,1
23522741,1
22769628,1
22912763,0
23421742,1
22539923,1
23446209,0
22535001,1
23494992,1
22918670,1
23626629,1
22419645,0
23383853,1
22385350,1
22665024,1
23146219,1
23266173,1
22996960,0
22328274,1
22367738,1
23148615,0
23117117,1
22810840,1
22722835,0
23455790,1
23234254,0
22636041,1
22458766,0
23596443,0
23110169,1
23295177,0
23652654,1
22813761,1
22360880,0
22995407,1
22703172,0
23610820,1
23214379,0
22945988,1
23548953,0
22833952,0
23511249,0
22837567,0
23140472,1
22677279,1
23102520,1
23171315,1
23598265,0
23413732,1
22358815,1
23720134,1
22831270,1
23237784,1
23023475,1
22414793,0
22580213,0
22682750,1
23634017,0
23424281,0
22380330,0
23325283,0
23625422,0
22431415,0
22910923,1
23624771,1
22462782,0
23743782,1
22987919,1
22954022,0
23472344,1
22401772,0
22978785,1
23353952,1
23105155,1
22943729,1
23374299,1
23149487,1
23689989,1
23753700,0
23271636,0
22860115,1
22839015,1
22881528,1
22789529,0
22730021,0
23673202,0
22732811,0
23706752,1
22937432,1
23450611,0
23065876,1
22482600,0
22804471,1
23380110,1
23383563,0
23515485,1
22418354,1
23197591,1
22634744,1
23308665,0
23265809,1
22489147,1
23273524,1
22491088,1
23141567,1
23512866,0
23487650,1
23553397,1
22979704,1
23272874,1
22679795,0
22365570,1
22961040,0
23177658,0
23684548,1
22950709,1
23382660,1
22769547,1
22759443,1
23632425,0
23626949,0
23149153,0
23146872,1
23712384,1
22462195,1
23469808,1
22555161,1
22784945,0
23165752,0
23001352,1
23106723,0
22868074,1
22345640,0
23286702,0
22382544,0
22414174,0
22821065,1
23567189,1
23402803,0
23354556,1
23184241,0
23648042,0
22966528,0
23515442,0
23401310,1
23705131,1
22598729,1
23240951,1
23014280,1
22538756,0
22778407,0
22403998,0
23142697,1
22328420,1
22666338,1
23422774,0
22482859,1
23644245,1
22934355,1
22758947,1
22398648,0
23266655,0
22764889,0
22640411,0
23382222,1
23552318,1
22904535,1
22912359,0
22934892,1
23582261,1
22681384,1
23233649,0
23566326,0
23029366,1
23150020,0
22987712,1
23439391,0
23736075,0
22873294,1
23644021,0
23679277,0
22407930,0
23734290,1
23296571,1
22789807,1
23187132,1
23421001,0
22763293,1
22998160,1
23465107,0
23495166,0
23742884,1
22822393,1
23094754,1
22378225,1
23753529,0
22705621,1
22354993,1
23274955,1
23682836,0
22362086,1
22486698,1
23255754,1
23526405,1
23407878,0
22650255,1
22417683,1
22884143,0
22977563,1
23658659,0
22829462,0
22447360,1
22828843,1
23291848,1
23066799,1
23107901,1
22590701,1
23545343,0
22400396,1
22663833,1
23575116,0
23184472,1
22393918,1
23246238,1
23140138,1
23220133,0
22801951,1
22727037,0
23046541,1
22942249,1
23129986,0
22451354,1
23062870,0
23515268,0
22402496,1
22747789,1
23508991,1
22951752,1
22776306,1
23215245,0
23008950,0
22674193,1
22424921,1
22602636,0
23327919,1
23305442,1
22432822,1
23016865,0
23076617,0
23625622,0
23523875,1
23297280,1
23381422,1
23205474,1
23551513,1
22391553,1
22472022,0
23328899,1
22528870,1
22461403,1
23755679,0
23303405,1
23418410,0
23434678,1
22413253,1
23448415,1
23361932,1
22747827,1
23591214,0
23284709,1
23696808,0
22987497,0
23560085,1
23754740,0
22455121,0
23072476,0
22532940,0
22867634,1
23449271,1
23498177,1
22959436,1
22392388,0
23270323,1
23640936,0
23550374,0
23184017,0
22539591,1
22447711,1
23104566,1
23450466,0
23715686,1
22513172,1
23547580,0
23541409,0
23641925,1
22848215,0
23126849,1
22526518,1
22366185,0
22913903,1
23222962,0
23707275,1
22679428,0
22645862,1
23081487,1
23209016,1
22455129,1
22951493,1
23265489,0
23190410,0
23450043,1
23115700,1
22408929,1
23405230,1
22905643,1
23571210,0
23618148,0
22842179,1
23016282,0
22838559,1
22479585,1
22490183,1
23134676,0
23105804,1
23250025,0
22613855,0
23311861,1
23449166,1
23056600,1
23737921,1
22714710,1
22584592,1
22804374,1
22344231,1
23098512,1
22518393,1
22897629,0
22862129,0
22529061,1
22506033,0
22751509,1
23049120,0
23186612,1
23332267,1
22663953,0
22650597,1
23710481,1
23163052,1
23481706,1
23266422,0
22928508,0
23074106,1
23221863,0
22793487,1
23255091,1
23403664,1
22890643,1
23547261,1
22563388,0
22377783,1
22540423,1
22514538,0
22792726,1
23231153,0
23431126,0
22665046,1
23044546,1
22472186,1
22417646,1
23056983,1
22961849,1
23591960,1
22747021,1
22374466,1
22762425,1
23539903,1
23242035,1
23670103,1
22539732,1
22958276,0
22679476,1
22390662,1
22328266,1
22399141,1
22883238,1
23529526,1
22782501,1
23294697,0
23217287,1
23333856,1
23492600,0
23383758,1
22924227,0
23269041,0
22832836,1
23653472,0
22758211,1
23309660,0
23592014,0
22749891,1
22503838,1
22647194,1
23630460,0
23172395,1
23315332,1
23644376,1
23596272,0
23322573,0
22448895,1
23059653,1
23602057,0
22796785,1
23482608,0
23633299,0
22841366,0
23240250,1
22343057,0
22634753,1
22355390,0
22569197,1
23243144,1
23627189,0
23691460,0
22420919,0
22836957,1
22987401,1
22755601,1
23497377,1
23109814,0
23267222,1
23041675,1
23361389,1
23715923,1
23308301,0
22811565,0
23566103,1
22402883,0
22842725,1
22796110,1
23627155,1
23752163,1
23134792,1
22847340,0
23101866,0
23087965,1
22977130,1
22914942,1
23276749,1
22677754,1
22585653,0
23652586,1
23709661,1
22876713,0
22922967,1
22580036,1
23454642,1
22495349,1
23466159,1
23656687,0
23411317,1
23751963,1
22567253,1
23572216,1
22408075,0
22671205,1
22374762,1
23687372,0
22578837,0
22632999,0
23221978,1
23476753,1
23503466,0
22418941,1
23431135,0
23011375,1
23103409,1
22610015,1
22419970,1
22444209,0
22563302,0
22934643,0
22885193,1
22694064,1
23454350,1
22970963,1
22372902,0
23299825,1
23171952,1
22962331,0
23617514,0
23208954,0
22346627,1
22613564,1
23655902,1
22439243,0
22974728,0
22350566,1
23478657,1
23411388,1
23314288,0
22380529,1
23422039,0
22993914,1
22940021,0
22839918,1
22559070,0
22399671,0
22382624,1
23749257,0
22692487,0
23519828,0
23295672,1
23525150,1
23446541,1
23020431,1
23730233,0
22915090,1
23351848,1
23580957,0
22834048,1
23265500,0
23552416,0
23550476,1
23537707,1
23168663,1
23444488,0
22629141,1
22745796,1
23527024,0
22684330,0
23510066,0
23660563,1
23114226,1
22941303,1
23448507,0
22624353,1
23100572,1
22715712,1
23681394,1
23554268,0
22711096,0
22687713,0
22617391,1
23439266,1
22808243,0
23552795,0
23409893,1
22420676,0
22645053,0
23624464,0
22934043,0
22711148,1
22572792,1
22553787,1
23515585,1
23205126,1
22865931,1
22410986,0
23397258,0
23255702,0
23354386,0
23476180,1
22346397,1
23720113,1
23452286,0
22949013,1
23385579,1
22462864,1
22890889,1
23548958,0
23037426,1
22717101,1
22988984,0
22467923,0
22378966,1
22885265,0
23666134,1
22332759,0
22724663,1
23738609,0
23644901,0
22981767,1
22940539,0
22777477,1
23320323,1
22581477,1
23667135,1
23433905,0
23451561,0
22439366,0
22591982,1
22941224,0
22907191,1
22486552,0
22927598,1
23179216,0
22902925,0
23291638,1
22571489,1
22944530,0
22557503,1
23045751,1
22332268,1
22718159,1
22893185,0
22505875,1
23465663,1
23186004,1
23194848,0
23705604,0
22676933,0
22884080,1
22504506,1
23367192,1
22798769,1
22714900,0
23037828,1
23605940,1
23203876,1
23457000,1
23092043,0
22542388,1
23543914,1
23521128,1
23422872,0
22694884,1
22469950,0
22956078,1
22382909,1
23209080,0
23267271,1
23025189,0
22517967,0
22781010,1
23304131,1
23303049,1
22669588,1
23265441,0
22588299,1
23109523,0
23177455,0
23570245,1
22791180,0
22589901,1
23607984,1
22986793,1
22774247,1
22366737,1
23111845,1
22788166,0
23151709,1
22835870,1
22694363,1
23435649,1
23284776,1
22614007,1
23448666,1
22877525,1
23404077,0
22813142,1
23448675,1
23095882,1
22336395,1
22532641,1
22753695,0
23573410,1
22635619,0
23179364,0
22368042,0
23431257,1
23098215,1
22551840,1
22661395,0
23642786,0
23130402,0
23672517,1
23488748,1
22536379,0
23721193,0
23574662,0
23232662,1
23644363,0
23682506,1
22887533,0
23632717,0
22483499,1
23322871,1
22909645,0
22741018,0
22434335,1
22555947,1
22526865,1
22831252,1
23554861,1
23483454,0
23060755,0
23361417,0
23328614,0
23463860,0
23069049,1
23273264,1
23258655,1
23134548,0
22592217,1
23753673,1
23172767,1
22460950,1
22445077,1
22701422,1
22507866,1
22661447,1
23380978,1
22364681,1
22857889,0
22396470,1
23561073,0
23189157,0
22761232,1
22659521,1
22327531,1
22481242,0
23152998,0
23111071,1
22887130,0
23101253,0
23447446,0
22599449,0
22534004,1
23226454,0
22409361,1
22353952,1
22407487,0
23523726,1
22692929,0
23609405,1
23083632,0
23621919,0
22812926,1
23138447,1
22435262,1
23562351,0
23691691,1
23019738,1
23055113,1
23728861,1
22804211,1
23038846,1
23434318,1
22524672,1
23204464,1
23035283,1
23606372,0
23372264,0
22486579,1
23254825,1
23089709,0
23092516,0
23133270,1
23224967,1
23248728,1
23331298,1
23065001,1
22683804,1
22608867,0
23120852,0
23393370,1
22410255,0
22821281,0
22778087,1
22575249,0
23201081,0
23745022,0
23092889,1
23363841,1
22837363,1
23634202,1
22668966,0
23110510,0
23254191,0
22641976,0
22926078,1
22776589,0
23642328,0
22928914,1
23661926,1
23456053,1
23462281,0
23110618,1
22783098,0
22959479,1
23670032,1
23458903,0
22987196,0
22718690,1
23751551,0
22377587,1
23572200,0
22615054,1
22682756,0
22557729,1
22731557,1
23412854,1
22456496,1
23016885,0
23458275,1
23740153,1
23218888,0
22893578,1
22991631,1
22421353,0
23630978,1
22454576,1
22496497,1
22632516,1
22413783,0
22768413,1
22657883,1
23002761,1
22701546,0
23152787,1
22781468,0
23602966,1
23524409,0
23224465,0
22441378,0
23204754,1
23643769,1
23547586,1
23664770,0
23422006,1
22855367,1
22678160,0
23082063,0
23510450,0
23637168,0
22381630,1
23620630,1
23051880,0
23400772,1
23527889,1
23510459,0
23574694,0
22623448,1
22842046,1
23433234,0
23538410,0
23443394,0
23710377,0
23565529,1
23512087,1
23192363,0
22603160,0
23199606,0
23382464,1
23489855,1
23028980,1
22429263,0
22390593,1
22524449,1
23582866,1
23595474,1
22745912,1
23290956,1
22395935,0
23654686,0
23355297,1
22646446,1
23521985,1
23379899,1
23247510,1
23592362,1
23653513,0
23279628,1
23012762,0
23553131,1
23341273,0
23405260,0
23550364,0
23101986,1
23035186,0
22683327,1
22516642,1
23409340,1
22515849,1
23585296,1
22372146,0
23381326,0
23561450,1
23533901,1
22864615,1
22749782,1
23746324,0
23098470,1
23269942,1
22757045,1
23553310,1
22465856,0
22392923,1
23194849,1
23729298,1
23520262,0
22775294,0
23617347,0
23035304,1
22871411,0
22520995,1
22611794,1
22802706,1
23022481,0
23674360,0
23361924,1
23129130,1
23211547,1
22931949,0
23449184,0
22918282,0
23229983,0
22555569,0
22456430,1
22666511,0
22595450,1
22485974,1
22428839,1
23470355,1
23026022,1
23044280,0
23584119,0
23346768,1
22449597,1
23001279,1
23199216,1
23564339,0
23524024,0
23712632,1
23118706,1
22518886,1
23356279,1
23333114,1
22734554,0
23566924,0
23459086,0
22848057,1
23714315,1
22554490,1
22368643,1
22658180,1
23041165,1
22389867,1
22617109,0
23204908,1
22447075,1
23760117,1
23491422,0
22469385,0
23159171,1
22567446,1
23282649,0
22874464,1
22835656,1
23414035,1
23463441,1
23282999,0
22745462,0
23582664,0
23685609,0
23731934,1
22914789,1
23247969,1
22854622,0
22889978,1
23259278,1
22608718,1
22748347,1
23746088,0
23093595,0
23730090,0
22757483,0
23263998,0
23529017,0
22680004,1
23320746,1
22465868,1
22857134,1
23690691,1
23356295,1
23410084,0
22778569,0
23069299,1
23508628,1
23436292,0
23706061,1
23246819,1
23474062,1
23017678,1
23451514,0
22868357,1
23725943,0
22565087,0
23644530,0
23601462,1
23683749,0
22478695,1
22796345,0
22479831,0
22684307,1
23140110,1
22682784,1
23180771,1
23043993,0
23108590,0
22348050,1
23116349,1
23367173,1
23294571,1
23510780,1
22492019,1
22687628,1
22849451,1
23147901,1
22791229,1
23578853,0
22518572,1
23197192,0
23060763,1
22845653,1
23320111,1
22728574,1
23030302,1
23511260,0
23246578,0
23654005,1
22784690,0
22556320,0
22556323,0
22692677,1
22578883,1
22742249,0
22572655,1
23173530,1
23084628,1
23587776,1
23504658,1
22897101,0
23452729,1
22453283,0
23625691,0
23048272,1
22382667,1
22766992,1
23011080,0
23486301,1
22400582,0
23180940,1
23446365,1
23561445,0
23425375,0
23052746,1
23644392,0
22981866,0
22636811,1
22509610,1
22943013,1
22716425,1
23661344,1
23738581,1
23010295,0
23010052,1
22739778,0
22866415,1
23468824,1
22952773,1
23471242,1
22568599,1
23106188,1
23266016,0
23320010,1
22966387,1
22632381,0
23120767,0
23530092,1
22966611,1
22368148,0
23251862,1
22491657,1
22778206,1
23543211,0
23553656,0
22536540,1
22333695,1
22925951,1
22740894,1
23037188,1
23347553,1
23202395,1
23663245,0
22782969,1
23406365,1
22539215,0
23120238,1
23424722,1
23523024,1
22744680,0
22515283,0
23065373,1
23684594,1
22637262,1
22411041,0
23616635,0
23098966,1
23339949,1
23702074,1
22400248,0
22732676,1
22386813,1
23096858,1
23091061,1
23463988,0
23177238,1
22436765,1
23327723,1
22945367,1
23285868,1
22495929,0
23440401,0
22504362,1
23028252,0
22384256,0
22609981,0
22349489,0
22593498,0
23077576,0
22363900,0
22740722,1
22429896,0
22770807,1
23452115,1
22731890,1
22553910,0
22917059,1
23590529,0
23458496,0
22754427,1
22581507,0
23074369,0
22985028,0
22415237,1
22712727,1
23251004,1
22789756,1
23630152,1
23237713,0
23590167,1
22500157,0
23025341,1
22371237,1
22626350,0
23297819,1
23500245,1
22448591,0
22953895,1
22475159,0
22644525,0
23699024,0
22562696,1
22952163,0
22619407,1
22873127,1
23288236,1
23525709,1
22720278,1
22602613,1
23513832,0
23540776,0
22370972,1
23516306,1
23504911,1
23111298,1
23618254,0
23482517,0
22911230,0
23590509,0
22560451,1
22569961,1
22678734,0
23666015,0
22886900,1
23147466,0
23070873,0
23597604,1
23052582,0
23659465,1
22602336,1
23514895,1
23464548,1
22675440,1
23674746,1
22989819,1
23451144,1
23680351,0
23404050,0
22998167,1
22853893,1
23730533,0
23192454,1
22454265,1
23562183,1
23170328,1
23248450,0
22785850,1
23544880,0
22744169,1
23092614,1
23230312,1
22480288,1
23676125,1
23608258,0
23135203,1
23188359,0
23556659,1
23228301,1
22426739,1
23149478,0
23517410,1
23443597,1
23235716,1
23147759,1
23134257,1
22379365,1
22657081,0
23267330,1
22572972,1
23669431,1
23052562,0
23056327,0
22727499,1
23582763,0
22661286,1
22584520,1
22534224,1
23665271,1
22432065,1
22562918,1
22816536,1
22967066,0
23675864,0
22973066,0
22972300,1
22714972,0
23650475,1
23127828,0
23298057,1
23692414,1
23512809,1
23416830,0
23366262,0
22808024,1
22788599,1
23246492,1
23420815,1
22915315,1
23026676,0
22426774,0
23076201,1
23338832,1
22607709,1
22890506,1
23532730,0
23132563,1
22966583,1
22687007,1
23594422,1
23256825,1
23747020,0
23700488,1
23139246,1
23382973,0
23348394,1
23248119,1
22605612,1
23115128,1
22819464,1
22779525,1
22883316,1
23255947,0
23420610,1
23034740,1
22444239,0
23179040,1
23380554,1
22906066,0
22621276,1
23729397,1
22965786,1
22520470,1
22703915,1
23305805,0
23213068,0
22434601,0
22783456,1
23247122,1
23082508,0
22926391,1
22443167,1
23591734,0
23279644,1
22416316,0
22673174,1
23090479,1
22512811,1
22669513,0
22824224,1
23369561,0
22861980,0
22912370,0
22698411,1
22678350,1
23275688,1
23095983,1
23629871,0
23471226,1
23298580,1
23588273,1
22855197,0
22585290,1
22740794,1
22552978,1
23156035,1
23138674,1
23397805,0
23199307,1
23120162,1
23043948,0
23553522,0
23329027,0
23134313,1
23716189,0
22373616,1
22669709,1
22903661,1
22385645,1
22963802,1
23379819,0
22984465,0
22833125,1
22736867,1
22558593,0
22882885,0
22997825,1
22972400,1
23653746,1
22618554,1
23271454,0
22602298,0
22862597,1
23389829,1
23526426,1
22693188,0
22910549,0
23718474,0
22878025,0
22470131,0
22581163,1
23055850,0
23427656,1
22495667,0
23057640,0
23235034,1
23005240,1
23623883,1
23306434,0
23081090,0
23582419,0
22417479,0
23709474,1
23401316,0
23472557,0
22860460,0
23490039,0
23555469,0
22848151,1
23375446,0
22852239,1
23308541,1
23237206,0
22674218,0
23182468,0
22995513,1
22957855,1
22837993,1
22765450,1
23338226,1
23226561,0
22522570,1
23466008,1
22619394,0
22511988,1
22735527,0
23679210,1
22790724,1
22911035,1
23374353,1
23734522,0
23620352,1
23670419,0
23644569,1
22723411,0
23107515,0
22593586,0
23253069,0
22656223,0
23345908,0
22874511,0
23060049,0
22567157,1
23470385,1
22456275,1
22799658,0
23357695,0
23498008,0
23700703,1
23474425,1
22713886,1
22366791,1
23466471,1
23464902,0
23708191,1
22915626,1
23384244,0
22781267,0
22646113,0
23739998,1
22395206,1
23263980,0
23667275,1
22659046,1
23459217,1
22919572,1
23496197,1
22823934,0
22814398,0
22498530,1
23155532,1
22948307,0
23352116,0
22705520,1
23631113,1
22681543,1
23609499,1
22624043,1
23307778,0
22928423,1
22942627,0
22588928,1
23645774,0
22800223,1
22338936,1
23650352,1
22771296,0
22559655,0
23127861,0
23666832,1
23708426,1
23313142,1
22852735,0
22857305,1
23518856,0
23297717,0
23294639,1
22699238,1
22589018,0
22813976,1
23283033,0
22647525,1
23491463,0
22674148,1
22768072,0
22554347,0
23612315,0
22583617,0
22920831,0
23298750,1
22703948,1
22793120,1
23710256,1
23460619,0
23293809,0
23188203,1
23382290,1
23229098,1
23657654,0
22525926,1
22986374,1
22627522,0
23744615,1
23496374,0
23287729,1
23300236,1
23670780,0
22586323,0
22618103,1
23201025,1
23076962,0
22555061,0
23265233,0
23687378,0
22760684,1
23006376,0
23517213,0
23171159,1
23353358,1
22703404,1
22346884,1
23099564,0
22684869,0
23537441,1
22408828,0
22358113,0
22540372,0
23542076,1
22846858,1
22449560,0
23342933,0
23245261,1
23402028,0
23574620,1
22602654,1
22483859,0
22625253,1
23250437,1
23138613,0
23413996,1
23018513,1
22702897,1
23002055,1
22955894,1
23258408,0
22975674,1
22882446,1
22538160,0
23733928,0
22856329,1
23479870,1
23690966,1
22659957,0
22973082,0
22580185,0
22762595,0
23183082,1
22747169,0
22790230,0
23642445,1
23648582,1
23269674,1
22550176,1
23735637,0
22849654,0
23510682,0
22920486,0
22930002,1
23699806,1
23085891,1
22838158,1
23597488,1
22387999,0
22927839,1
22389118,1
23042293,0
23743660,0
23206734,1
22859314,0
22637851,1
23244635,0
22731193,0
22473667,0
23316356,1
22704374,0
22948810,1
22773767,1
23404723,1
22598600,1
22472730,1
22764835,1
22689472,0
22460390,1
22889983,1
22713914,1
23666854,1
22371167,0
22347940,1
22637061,0
23311025,1
23675326,0
22970304,0
23009386,1
23749009,0
22584907,1
23072978,1
23361206,1
23640678,0
23460483,1
22860860,0
22815565,1
23531103,1
22913168,1
23033455,0
23281053,0
23142851,0
22942336,1
22458055,1
23561053,1
23108559,1
23610687,1
22508653,1
22734775,1
22786054,0
22356938,1
23402470,1
23057311,0
22944223,1
22852085,1
22376873,0
23478229,1
23611389,1
23170227,1
22406376,0
23412647,0
23658186,0
23225540,1
23263209,1
22369388,1
23677098,0
23338209,0
23146811,1
22445121,1
23224138,1
22527482,0
23393638,1
22918902,0
22572451,1
23666933,0
23234334,1
22696631,1
23122479,0
22736264,1
22501900,1
23298649,1
22959314,0
22373061,1
22403859,1
23516767,0
23440187,0
23388737,0
22708886,1
22513497,0
22935137,0
23618190,0
22446201,1
23292788,1
22987070,1
23366198,1
23714764,1
22593309,1
22444643,0
23617994,1
22861060,1
22524110,1
23094938,0
22340348,1
23537309,0
22451147,1
22766216,1
22359403,1
22472791,1
23586714,1
22752190,1
22359356,1
22368122,1
23422657,1
22638053,0
23049104,0
23746924,1
22570745,1
23309151,1
23622486,1
22986674,1
23475135,0
23542295,0
23026076,0
23691046,1
23016315,1
23211767,1
23623503,0
22567219,1
22613608,1
22466595,0
22954667,0
23478023,1
22888417,1
22556560,0
22792177,0
23734497,0
23324421,0
23496978,1
22747661,1
23380822,0
22427827,1
22544517,1
22450538,1
22741785,0
23694797,1
22878823,0
22866166,1
23380179,1
23562945,1
22465628,1
22452171,1
22552625,1
23540773,1
22956480,0
22528322,1
23463629,0
23313341,1
22954261,1
23350713,1
23209057,1
22371688,1
23591463,1
23747240,1
22990601,1
22332441,1
23513224,1
23711488,1
23540869,0
22795580,0
22775733,1
23284611,0
23360910,0
23619468,0
23395668,1
22873571,1
22557243,1
22811774,1
22422357,1
23407732,0
22615208,1
23755769,1
23503724,1
23221838,0
23112791,1
22705103,1
22696632,1
22913322,0
22355953,0
23385165,1
23717582,1
22447238,1
22532307,1
23759948,0
23215421,1
23400035,0
22748069,1
23761678,0
23574408,0
23323586,0
23079193,1
22828890,0
23262429,1
22666106,1
23098866,1
22722915,1
22978344,1
23652005,1
23409382,1
22939383,0
23034797,1
23038306,1
23641106,1
22478217,0
23366520,0
22635889,0
23026312,0
22485850,1
23446094,0
22905845,1
23093826,1
22840272,1
23430597,1
23465404,0
23428722,0
22667215,1
23236891,0
23518380,1
22461159,0
23198632,0
23617091,1
22660138,1
22948745,1
23048054,1
23055321,1
22527984,1
22876804,0
23235782,1
23580670,0
23292817,0
23108370,1
22853770,1
22742833,1
23339400,1
22463513,1
22560868,0
23412549,1
23639425,1
23044497,1
22925929,0
23180791,0
23048645,1
23477747,1
22364640,0
23631007,0
22751057,0
22691572,1
22777708,1
22891231,1
22809128,1
23321404,0
23526689,0
22682809,1
23463984,1
23351658,1
22932072,1
23517371,0
23198834,1
23093263,0
22707528,1
22393180,1
22334200,0
22895359,0
22950397,0
22595001,0
22534103,1
22481899,0
23454216,1
22782458,1
22998338,1
23333608,1
22859427,0
23564758,1
23592130,0
22340383,1
22821159,1
22898019,0
23279615,0
23490881,0
23144895,1
23100623,1
23376793,1
23463657,0
23413283,0
23279712,0
22396854,1
23552444,1
23210586,1
23433734,0
23172501,0
23380310,1
23072399,1
23536831,1
23653596,0
22542588,1
23459874,0
22948184,0
23071152,1
22840614,1
22658588,0
23125850,0
22457428,1
22566427,0
23683656,0
22688001,0
22673994,0
22545888,0
23194865,1
22435721,1
22484998,0
23183945,0
22518735,0
23536765,0
22343684,0
23112423,0
22607884,1
22802866,1
23258572,1
23401869,1
22363483,0
23010630,0
23488834,0
22567051,0
22841548,1
23310313,0
22477202,0
23566610,1
23421409,1
22406058,1
23437057,1
22937829,1
22452606,1
23505284,1
22382291,0
22565049,1
22672267,1
23683827,1
23074979,1
22682136,0
22611282,1
22738083,1
23050682,0
23512558,1
22650394,1
22784567,0
22503905,1
22975219,1
22919274,0
22976192,1
23506574,0
22778402,0
22732181,1
22966455,1
23539258,1
22351769,1
22493445,0
23030789,1
23546124,0
22917898,1
22563229,1
22428115,0
23503982,1
22345716,0
22996405,1
22803415,0
22515253,0
22468610,1
23675867,1
23263341,0
23500797,0
23525250,1
22702224,1
22416199,1
22586334,0
22708922,0
22713645,0
23483479,0
22521153,1
23064090,1
23326766,1
22504945,1
23402055,1
23751250,0
22350408,0
22539028,1
22969557,1
22560025,0
22563394,0
22793244,0
23572935,1
22773167,1
22389926,0
23441004,1
22467869,0
22483492,1
22848132,1
23305435,0
23033199,1
23456760,0
22896554,1
22735253,0
23072420,1
23241225,1
22520896,1
23276327,0
22510488,1
23673857,1
23445256,1
23185684,0
22800309,0
23103868,1
22490530,1
22732892,1
22690555,1
22807641,0
22696927,0
22938860,1
23470572,1
23530399,1
22384439,1
22393345,0
23574846,1
22348275,0
23582659,1
22491477,0
23605822,1
22490055,1
23544070,0
22838442,1
23505717,0
23589460,1
23373854,0
23196607,1
23333614,0
22977492,0
22798895,1
23184421,1
22578281,1
22761968,1
22812316,1
23684384,1
22785920,1
22331208,0
22820702,1
22369173,1
23148984,0
23322926,0
22724225,0
22587614,1
22946132,1
23439917,1
22580146,0
22821728,0
23222975,0
23331393,0
22875575,1
22840667,1
22942868,1
23526595,0
23494316,1
22687838,1
22778812,0
23461184,1
22731895,1
23072821,1
23302509,0
23195244,1
22345261,0
22398662,0
22741039,1
23654208,1
23544522,1
22571647,1
22821783,1
23584473,1
23173262,1
22729870,1
23442611,1
22694057,0
23023200,1
22874470,1
23426240,0
23581034,1
23739402,1
23441708,0
23664218,1
22792227,1
23709745,1
23200374,0
23725183,1
23383721,1
22488631,1
23246180,1
23191442,0
22362817,1
22832444,0
23595969,0
22773775,1
22659629,1
22641329,0
23042444,1
23323929,1
22349002,0
23285271,1
22998794,1
23149897,0
22524285,0
23142170,0
23503860,1
23319485,1
23683593,0
23442388,1
22523918,0
23697147,1
23614031,1
22993991,0
23153383,0
23294488,1
23661957,1
23617701,0
22951817,1
23219231,0
22565472,1
23648713,0
23661155,1
23557808,1
23558235,0
22737425,1
23700891,1
23683657,1
23705888,1
23244955,1
22930242,0
22361751,1
23325037,1
23462466,0
23266203,1
22590078,1
22422315,0
23724133,1
23580173,0
22754735,0
23027800,0
23737189,1
23551257,0
23372195,1
22572916,1
23192264,1
23129210,1
23314924,0
23330999,1
22858535,0
23506585,1
23159234,0
23250604,1
22417368,1
23699936,1
22642671,0
22343622,0
23281516,1
22353349,1
23734040,1
22682378,1
22800533,1
22949556,0
23408834,1
23519335,1
22770159,0
22484036,0
23703364,1
23459724,0
22570286,1
23267486,1
22423060,1
23008661,1
22994877,0
23309240,0
22928752,0
23189873,1
22660814,0
22789047,0
23583823,0
23349581,1
23289813,0
22486088,1
22651968,0
22660882,0
23314213,1
22353049,1
22716998,1
22529091,1
23476992,1
23082603,1
23725389,0
23044614,0
23023226,1
22970760,0
22537436,1
23516428,1
23395716,0
22573351,1
22949772,1
23119963,1
22647910,0
22532541,1
23154861,1
23052091,1
22441930,0
22928593,1
23634538,1
22708004,0
22550250,1
23092000,0
22676593,1
22389522,0
23741389,0
23340077,1
22570078,1
22980486,1
22611167,1
23053987,1
23454322,1
22891010,1
22881957,1
23388841,0
23326758,0
23525982,1
22332364,1
22337925,1
23287244,0
22375956,0
23410784,1
23621712,0
23639815,0
22508607,1
22359227,1
23085435,0
23072833,1
23524356,0
23743705,1
23203303,1
22595216,0
23249063,1
22945479,1
23353473,0
23709273,0
22441849,1
22403733,1
22845411,0
23164925,1
22603677,1
22876311,1
23199190,1
23207959,1
23060665,0
23751141,0
23129272,0
23590201,0
22877414,0
22707831,0
23004242,0
23125339,0
22774424,0
23756811,0
23453781,1
22527211,1
22389030,1
22543521,1
23216108,0
22683670,1
23217394,1
23668565,1
23471170,0
22865951,1
23709381,1
23163226,1
23739018,0
22340349,1
22721475,0
23491672,1
23242601,0
23259035,0
23610800,1
22425986,0
22421263,1
23502439,0
23467363,1
22855494,1
22498680,1
22511413,0
22605493,1
22638967,1
23222678,1
23076570,1
22955384,1
23231466,1
22498706,1
23729048,1
23532977,1
22946996,1
22780689,1
22748102,0
23687857,1
22453006,1
23265555,0
22987740,1
22745759,0
23170096,1
22966140,0
23659752,0
23180053,1
22872078,1
22574223,0
22360634,1
23060595,0
22469786,1
22713066,1
23643167,0
23130663,0
23526562,1
22504195,0
23562180,0
23720740,1
22719277,0
23249854,1
23663251,1
22649963,1
22369688,1
22398283,1
22429183,1
23169379,0
22846497,1
22431885,0
23123843,0
22757738,1
23517461,0
22954494,0
23385279,1
23461733,1
22382931,1
22871482,0
22651008,1
22575721,1
23743255,1
22728771,0
22918455,1
22875470,1
22747422,1
23128961,1
23669142,0
23200429,1
22965682,1
22768440,1
23148660,1
23547142,0
23283131,1
23535051,0
23154684,0
23746926,0
23277783,0
23079260,0
23262664,1
22487174,1
23747790,1
22794626,1
23319095,1
22604055,1
22586521,0
23162606,1
23587911,0
23613099,0
23514778,1
22545489,0
22935615,0
22515039,0
22385913,1
23210372,1
23455537,1
22503222,0
22830028,1
22721625,1
23599823,1
23282393,0
23110617,1
22882795,0
22377635,0
22398430,1
22956954,1
23309769,0
22944394,1
22534628,0
23663677,1
22346842,1
23260716,0
22651524,1
23238882,1
23180433,1
23594992,0
23327314,1
22513109,1
23014661,1
22474914,1
23356960,1
23527164,1
23585005,0
22426713,1
22595648,0
23671343,0
22992145,1
23202605,0
22788605,0
22641520,1
22980896,1
22561530,1
22842203,1
23471107,1
23449996,0
23744239,0
22754463,0
23276355,1
23446615,0
23314993,0
22962792,0
22684159,0
22371416,1
23359153,0
22398350,1
23403135,0
22722271,1
22354523,1
22836765,1
23423634,1
22813058,0
22563931,0
22715591,0
23000698,0
22479873,0
22823052,1
23472647,0
22947212,0
22742146,0
22498889,1
23727143,0
22865073,1
23427294,0
22528548,0
23102610,1
22744241,1
22584210,0
23143316,0
22552333,0
23036739,1
22491587,1
22423652,1
23292400,1
22421140,0
22909621,0
22950276,1
22671464,1
23718018,0
23501452,0
23437734,1
22786695,0
23581878,0
22833918,1
23068250,1
23236050,1
22405844,1
23003215,0
22789952,1
23030727,1
22471794,1
22834372,1
23362494,1
22491101,1
22338813,1
23603988,0
22352996,1
23212780,0
23299869,0
22375061,1
22751568,1
22997219,1
23312292,1
22407334,0
22924105,0
22349314,1
23701246,1
23348014,1
22444102,0
23522257,1
23176547,1
23030034,0
23538943,1
23640433,1
22700517,0
22706244,0
23025660,1
23563113,0
22837585,1
22450094,1
23674522,0
23299281,1
22664369,1
23379830,0
23166413,0
22982004,1
22753349,0
23330491,1
22597453,1
23556615,0
23216167,1
23714288,1
23565221,1
23564966,0
22660649,0
22370564,1
22897092,1
23243563,1
23116432,1
22873116,0
22370395,1
23042296,1
23615294,1
22643158,1
22537488,0
23452462,0
22346901,0
23303956,0
22330019,0
23653764,1
23114026,0
22812644,1
23177793,1
23124485,0
23755211,0
22739688,1
23573556,1
23459003,1
23496135,0
22442388,1
22692739,0
22879494,1
22950681,1
22494918,1
22649296,1
22461542,1
23673881,1
23241589,0
23319270,1
23019214,1
23074494,0
22415081,1
23036065,1
23167065,1
23725283,0
22576780,1
23346216,0
22895616,1
22497121,0
22755836,1
22347563,1
23299029,1
22604285,1
23633065,1
23547861,0
23654222,0
23333357,1
22548712,1
23455077,1
23095801,1
23201689,0
22707148,1
23634829,1
22852138,1
23262722,1
22336184,0
23761676,1
23634114,0
23453049,0
23613779,0
22483845,0
22735314,1
22786651,1
22330635,1
22792434,0
22625662,1
22351818,0
22402970,1
22752139,1
22916519,1
22655562,1
22607992,0
22701284,1
23559789,0
23283409,1
23557042,0
23078322,1
22465669,1
23359859,1
23402949,1
22935862,0
23038912,1
23000330,0
22905063,1
23217228,1
22441037,1
22901466,0
23312410,0
23085380,1
22752100,1
22808759,0
22533720,0
23394922,1
22900692,0
23622830,1
22411133,1
23659454,0
23504384,1
22973812,1
23041768,1
22754869,1
22439093,1
22610455,1
23743359,1
22470055,0
23715867,1
22468737,0
23262047,1
23540820,1
23461814,1
23263137,1
22619714,1
23359616,1
22420691,1
23633916,0
22588862,1
22622783,0
23502155,0
23187312,1
22677286,0
23503236,1
22392731,1
23409758,0
23124311,0
23420499,0
22465323,1
23296141,0
22912082,0
23545643,1
23268304,0
22809432,0
23107892,0
23635445,1
23359002,1
23525298,0
23556993,0
23742864,1
23561443,1
22788430,1
23419228,1
22478372,1
22988690,1
22877129,0
23521791,0
22350382,1
23183819,1
23097273,1
23224318,1
23337703,1
22549810,1
22931368,1
22591657,1
23065251,1
22675533,1
22679440,1
22860164,1
23536043,0
22923727,1
22347712,1
22808319,1
22475519,1
23066046,1
23684274,0
23742396,1
22805936,1
23491752,0
23021811,1
23218805,1
23087371,1
22443226,1
23284059,1
22686836,1
22417344,1
22815448,0
23363886,1
23696478,0
22774571,0
23581686,0
23728984,0
22623808,0
23088688,0
23409747,1
23736553,0
23140408,1
22347426,1
23548689,0
23441699,1
23236446,1
23304837,1
23701327,1
22470223,1
22594684,0
23116571,1
22738573,0
22793020,1
22913882,1
22331948,1
23165404,1
22742600,0
23342013,1
22388602,1
23476765,1
22520604,0
23020066,1
23563690,1
23031329,1
23310848,0
22573061,1
22591177,1
22631354,0
22832430,1
22413109,1
23181077,0
23279797,1
22656656,0
22719778,1
23072282,1
22913575,1
22691739,1
22764670,1
23420786,1
22967692,1
23041677,1
23751201,0
22416811,0
23197021,1
22983328,1
23541707,0
23685285,0
22442860,1
23284354,1
23204345,1
23440993,0
23272117,1
23542550,1
23656349,1
22564311,1
23030390,1
22619199,1
23736327,1
22944955,1
23468000,1
23702417,1
23141391,1
22855346,0
23579167,1
22848283,0
22789630,1
22811467,0
23316934,1
22978506,0
23441408,1
23613419,1
22949424,1
23689662,0
22351756,0
23358470,1
22402245,1
22498124,1
23754141,1
23276747,1
23727152,0
23723227,1
22790445,1
22613978,0
22548021,1
23363024,1
22428537,1
22613110,1
23000942,0
23421877,1
22683269,0
22561815,1
23662938,1
22821923,1
22566609,1
23447808,1
23661280,1
23409908,1
23716381,0
23542244,1
23213613,1
23101823,1
22742401,1
23339033,1
22352964,1
23519871,1
22532922,1
22860549,1
22531493,0
22662141,1
22939227,0
23180546,0
22463814,0
23587779,1
23227374,0
22841771,0
23429897,0
23734428,1
23620478,1
23179619,1
23086819,0
23029881,0
23273431,1
22665301,1
23641766,1
22621472,0
23116020,1
22782238,0
22959466,1
22507406,1
23160557,1
22384898,1
22910888,1
23311860,1
23291903,1
23039464,0
23369702,1
22891780,1
23458840,0
23206797,1
23582449,1
22329266,1
23054872,1
22698365,1
22829905,1
22347847,0
23380719,1
22454542,1
22579227,1
22835225,1
23591944,1
22645044,0
22811972,0
22399821,0
23689265,1
23028435,0
22834695,1
22547934,1
23160901,1
23120357,0
23186468,1
23753928,0
23707099,1
23321085,0
22900990,1
23210162,1
23028381,0
23405190,1
22883858,1
22620279,0
23538586,0
23263689,1
23331856,1
22742962,1
23741284,1
22607839,0
23500290,1
23359876,0
22630817,1
23516749,1
22459738,1
22511891,1
22969906,1
22522015,1
23530320,0
22473700,1
23227315,0
23473929,0
22879937,1
22906598,1
23653413,1
22704386,1
22507008,1
22971739,1
22965388,1
22607195,0
22554236,1
22826413,1
23053414,0
22357605,1
22961522,1
23029937,1
22387366,1
22559671,0
22639595,1
22501666,1
23523937,0
23459967,0
23355162,1
23327883,1
22538589,1
22573152,1
22457458,0
23117554,1
23113700,0
22337667,0
22511064,0
22359169,1
22571385,1
23000802,1
22334707,1
22934839,1
23050353,1
23478742,0
23249244,0
23023606,1
23436206,1
22907237,0
22423412,1
23713784,0
23344300,1
23259155,0
22330179,0
23693186,1
22847505,1
23568231,1
23637162,1
23111100,0
23750386,1
23560325,1
22873948,0
22468658,1
23740812,1
23679577,0
23294477,0
23511954,1
22366324,0
22657043,0
23387705,1
22450425,1
22769559,0
22757583,1
22546761,1
22746578,1
22358403,1
22995955,1
22695927,0
22562552,1
22779211,0
23585141,1
23517749,0
22826229,0
23225492,0
22639351,1
23679086,1
22353564,1
23755823,0
23071136,0
23690698,1
23694067,0
23678555,1
22376527,1
23106407,1
23387742,1
22850075,1
22445663,1
22636621,1
22703347,1
23470866,0
23142734,0
23124335,1
22432792,0
22683698,0
23340275,1
23465682,1
23335530,0
22695138,0
22644989,0
22586224,0
23657616,0
22679782,1
22737976,0
23523659,1
23137794,1
22453621,1
22925027,0
22827763,1
23360383,0
23118179,1
23556837,1
22887390,1
22854105,0
23265102,1
23361594,1
23278994,1
23148812,1
23407046,1
22734874,1
23701758,1
23399159,0
23127737,1
23261152,1
22921758,0
22911453,1
23078863,1
22494207,0
22824614,0
22365601,1
22556016,1
23227919,0
23761731,0
22727921,1
22858811,1
23482830,1
23495283,1
23696878,0
23435548,1
22897224,0
23131800,1
23148940,0
23183186,1
23267931,0
23116972,1
22827735,1
22433179,1
23432747,1
23246394,1
23235762,1
22329226,1
22872219,0
22796745,1
23330906,1
23187611,1
22620163,0
23018789,1
23168477,1
22369040,1
23550362,0
23445119,0
23059972,1
23412883,0
22513891,1
23402766,0
23184749,1
23000122,1
23118033,1
22418166,0
22720135,1
23452577,0
22912282,1
23380880,1
22387127,1
23542744,0
23319646,1
22386293,0
22945533,1
23406841,1
22890049,1
22679870,0
22410963,1
22947188,1
23032193,1
23410308,1
22392818,0
22859139,1
22882553,0
22859700,1
23540854,1
22449630,1
23125763,1
23594106,1
23455802,0
22625921,1
22798844,1
22755438,1
22390402,0
23524026,0
23459105,1
23385211,0
22916717,0
23531139,1
23224790,1
22986527,1
23361730,1
23661291,0
22938653,0
23204299,1
22817387,1
22669946,1
22416649,0
22618700,1
23660636,1
23241418,1
22925346,1
22569279,1
22830067,0
23671379,1
22575134,0
23010467,1
23283831,1
22884398,0
23221526,0
23737484,0
23567006,1
23052341,0
22970070,0
23682779,0
22349242,1
22525205,1
22781950,1
23231470,1
23232053,0
23250647,1
23759343,1
23614620,0
23368136,1
22840965,1
22648627,1
23391486,1
23708485,0
22664371,1
22582349,0
22817100,0
23430398,0
22772051,0
23453745,1
22903555,1
23182439,1
23510919,1
23542212,1
23637616,1
23062029,0
23591725,1
23185318,0
22327623,1
23392769,1
22992645,1
22882535,1
22955362,0
23726137,0
23040168,0
23490190,1
23749962,1
22362963,0
22869214,1
23622478,0
23535079,1
23513921,0
22708322,1
23001710,1
23703107,0
23188818,1
22946162,1
23416024,1
22446180,1
23703974,0
22769331,1
22898209,1
22409601,1
23609242,1
22902776,1
23093738,0
22455972,0
22965645,0
23130364,1
23209944,0
23278865,1
22568739,1
22610486,0
23437336,1
22870659,1
22939221,1
23201298,0
23360601,0
22720328,1
23047125,0
23597430,0
23417317,1
22790346,0
23475087,1
23384855,0
22709847,0
23749991,1
23577951,1
22444935,0
22540676,1
23615478,0
23051299,1
22705194,1
23317600,1
22895776,1
22505753,1
22805499,0
22350359,1
23662699,0
22632619,1
23141171,1
22341477,0
22718772,1
23619844,0
23015999,1
23517632,0
23083909,0
23539953,0
23418568,0
23673126,0
23595092,0
23736032,1
23165379,0
22541656,1
22942765,1
23005203,1
23688043,1
22335420,1
23238511,0
22891820,1
23085026,0
23619204,1
23075916,1
23128330,1
22494683,1
22462783,1
22857892,0
22864274,0
23520707,0
23628604,1
22451135,1
23527044,0
23639007,0
23220394,0
23748191,0
22633896,1
23305342,1
23610205,1
23715425,1
23324929,1
22915915,0
22791674,1
23326707,0
22959041,0
23148716,1
23292676,1
22672308,1
22795427,1
23421405,1
23569921,1
23268995,0
23576487,0
23368631,1
23745907,1
22426600,0
23652924,0
22480430,1
22829839,0
22576542,0
23179151,0
23098830,1
23463498,1
23735919,0
22804148,0
23755918,1
22613633,1
23582494,0
23499870,1
23692887,1
22475351,0
23535836,0
23248584,0
22631504,0
22476684,1
23445776,1
23496288,0
23340604,0
22963510,1
23079055,0
22433364,0
23444938,1
22456246,0
23338496,1
22903458,0
23453530,0
23082437,1
23556472,0
23649806,0
23029733,1
23757149,1
23066804,0
23555616,0
23193085,1
22664996,1
22979614,1
22974572,1
23623799,0
22749485,1
23659706,0
22964084,0
22368232,0
23483503,1
22410509,1
22390472,0
23272743,1
23461386,1
22483505,0
23067506,1
23135010,1
23464889,1
23514035,0
22708056,0
23273733,1
22493984,0
23750563,0
23746608,1
23026999,1
22455853,0
22864045,1
23259922,0
23424480,0
23424545,1
23146052,1
22857960,0
23089411,1
23163951,1
22683425,1
22334995,1
23451264,1
23462231,0
23570367,0
23084316,1
23100184,1
23730924,1
22858661,1
23535535,0
22833605,0
23042772,0
22505390,0
22822522,1
23335246,1
22412258,1
22483562,1
22608609,1
22569873,1
23617005,0
22976839,1
23105243,1
22643172,1
23477400,0
22937545,1
22777125,1
23398215,1
23650637,0
23411594,1
23212481,1
22869188,0
23234205,1
23149928,1
22407951,1
22969423,0
23198311,1
22375186,1
22544815,1
22468485,1
22433331,1
22773916,1
23257354,1
23466563,0
23045112,1
23455631,0
22558956,0
23123628,0
23315771,0
23605789,1
23141325,1
22438481,1
23527048,1
23112456,1
23127747,0
22632502,1
23456405,0
22808607,1
22506888,0
22910033,1
23087376,1
22537707,0
22710417,1
23605901,0
22805173,1
23386417,1
23723997,1
22365514,1
23368867,0
22750770,0
23536172,0
22584398,1
22837396,1
23748007,1
23587365,0
23259214,1
22503270,1
22571808,0
23270295,1
22485618,1
22620354,0
23042291,1
23008456,1
23292870,1
22860484,1
22465163,0
22347486,1
23247484,1
22738144,0
23216885,0
22551957,1
22542500,0
23109634,0
22847810,0
23760544,0
22330657,0
22610896,0
23331808,1
23399252,1
23352003,1
23588536,1
22726258,1
22769904,0
22341895,1
22482543,0
23529751,1
22988979,1
23119138,1
23108346,1
23215964,0
22587146,1
23208806,1
22458345,1
23056396,0
22720685,1
22503286,1
22718861,1
23453721,0
22396537,0
23207169,1
23162415,0
22615181,1
22639258,1
23252226,1
23599622,1
22869423,1
23344076,0
23668072,0
23392745,1
23631373,1
22361919,0
23417893,1
22802868,0
23475127,1
23749858,0
22937517,1
22721401,1
23079922,0
23067710,1
23589344,1
23368245,1
22385951,1
23492105,1
23445592,0
22859479,1
23073709,1
23486044,0
22831490,0
22792225,1
22941231,1
23284206,1
23417663,1
23029289,1
23004279,0
23749774,0
23091081,0
22756112,1
22398218,1
22644843,0
22424450,0
23490611,1
23417986,0
23089131,1
23497540,0
23163604,1
23528412,1
23373752,1
22589409,1
22913293,1
22566909,0
22964004,1
22892696,0
23549861,1
22918297,1
22921181,0
22517136,1
23336191,1
23297159,0
23176720,0
23248121,1
22680505,1
22918218,1
23497126,1
22951883,0
22625434,0
23368310,1
22860675,1
22935042,1
23283357,1
23095122,1
22569870,1
22372063,1
23502607,1
23121896,1
23477863,1
22853432,1
22956377,0
23671839,1
22797601,1
23291582,1
23359741,0
23200843,1
23368773,1
22979583,0
22832191,0
23694415,1
22775336,1
23324645,1
23043296,0
23710282,1
22373146,1
22834892,0
23632967,0
23755391,1
22705085,0
22854552,1
22674722,0
23313262,1
22496805,1
22468742,1
23061091,1
22359286,1
22385721,1
22924796,0
22342190,1
22820060,1
23553386,1
23385494,1
23114509,0
23054304,0
22832874,1
23156855,1
23578905,1
22415329,1
22350824,1
23670520,1
23644210,1
23212877,1
23280865,1
23707620,1
22630493,1
22885150,1
23591860,1
22760594,1
23702807,1
23394693,0
23532353,1
23300402,1
22675283,0
23066778,1
23598358,0
22561072,0
22791344,0
23026101,1
23144142,1
22688587,1
23506987,1
22654870,1
23639005,1
22370326,1
23629108,1
23053431,1
23142326,1
22939130,1
22496060,1
23446397,1
23373466,0
23463513,1
23612730,1
23746491,1
22522501,1
22817923,0
23195583,1
22548073,1
23512264,1
22672526,1
22662128,1
23091314,1
23452088,1
23562249,0
23447253,1
22939219,1
22948367,1
22616369,1
22609163,1
23238963,1
22703094,0
22515062,0
22994007,0
23508969,1
22503857,1
22815204,1
23196422,1
23070828,1
23403036,1
22687066,1
22540967,1
23711124,0
22749150,0
23604185,1
23152299,1
22745732,0
23442345,0
23719539,0
23451307,1
23190537,0
22708033,0
23406401,0
22830004,0
23386219,0
22521693,1
22928862,1
23018470,0
23633282,1
22465869,0
23491384,1
23407345,1
22661109,0
23031276,1
22545696,1
23127774,1
22947497,1
22782915,0
23294774,1
23422724,0
23485763,0
22688746,1
23220835,0
23469637,0
23307303,1
22359250,1
22783830,1
23574541,1
23512813,0
23261822,1
22445466,1
23028767,1
23753045,0
22768941,1
23397929,1
22887763,1
23658868,1
23335952,0
22945045,0
23309155,1
22638319,0
23757224,0
23724137,1
22516525,1
22924753,1
23284191,0
22664530,0
22594749,0
22528320,1
22594204,1
22864898,1
23209241,0
23160410,0
23059641,1
22485894,1
22983112,0
23747443,1
23466792,1
22976221,1
23397663,1
22549984,0
23602931,0
23466873,0
23123927,1
23253686,1
23056598,1
23262164,0
23550530,1
22819905,1
23038279,0
22952446,1
23385280,0
22652831,1
23743415,0
23369571,1
22809998,1
22547007,0
22444752,1
23492627,1
23500648,1
22620005,0
23605756,0
23688932,1
22576502,0
22633140,0
23353202,0
23074457,0
22666318,0
23342414,1
22693195,0
23488192,1
22938429,1
23752142,0
22851889,1
23274595,1
22586899,1
22909381,1
22510855,1
23099994,0
23637041,1
23435515,1
23413475,0
22561652,1
22606828,1
23755556,0
22621047,0
23001872,1
22703204,0
23304014,0
23615604,1
23169894,1
23019668,0
22355875,1
23391054,1
22881228,1
23415573,0
22548803,1
23506965,0
22473311,1
23128347,1
22789886,1
22711093,0
22401926,0
23054937,1
22923418,0
23615369,0
23712951,1
23280856,1
22600940,1
23013205,0
22368979,1
23755646,0
22339825,0
22834405,0
22398900,0
22612342,1
23475383,0
22908249,1
23068655,1
23266715,1
23360137,1
23677462,1
22636411,1
23131050,0
23380931,1
22628607,1
22923785,1
22675021,0
23289246,1
23270719,0
23438902,1
22917913,1
23110666,1
23076483,1
22708383,1
22950794,0
23673624,0
23045108,1
23538230,1
23401110,1
22932380,0
23010048,1
23084157,1
23687137,1
22406997,0
23573742,0
23472885,0
22697663,1
23524314,0
23024165,1
23070928,0
23542211,1
23171746,0
23564552,1
23283826,0
23231520,0
23268392,1
23068079,1
23066948,1
22638308,1
22657765,1
23620084,0
23414236,0
22609136,1
23203308,0
23503943,1
22433664,0
22919580,1
22431058,0
23023565,1
22469367,1
23575800,0
22354837,0
22384656,0
22509159,1
23372253,1
22576943,1
23311311,1
22685838,1
22649427,1
22549436,1
22511431,1
23238642,1
23485832,0
23301309,0
22469888,0
22577089,1
22630132,0
22390927,1
23349938,1
22643585,1
22688719,0
23161659,0
23019989,1
22642329,1
22746182,1
23526690,0
23511826,1
23512807,0
23220263,0
22740405,1
23265402,1
23264686,1
22910593,1
23126095,0
22807341,0
22895002,1
23702314,1
23074746,1
23062611,1
23357248,1
22796645,1
22617514,1
23649751,0
22938376,1
23084478,1
22428211,1
22614935,0
22691588,1
22548447,0
22377995,1
23733506,0
23074945,0
22825841,1
22488780,1
23240591,1
22680716,0
23329099,0
22690422,0
22633283,0
23397512,0
23539241,1
22961773,1
22335278,1
22671132,0
22532364,1
23400310,1
23083659,1
22359878,1
22915128,1
22586907,1
22964601,1
22525975,1
22330803,1
23120728,1
22907349,1
23053016,1
23366508,0
23526040,0
22857757,1
22509149,0
23514861,1
22533158,1
23080136,0
22994727,0
23606365,1
22791166,1
23559697,0
23360747,1
23386007,0
22331218,1
23425956,0
23403133,0
22392446,1
23182730,1
22702989,1
22414916,1
22429805,1
22725696,1
22518663,1
23095418,0
22753164,1
23521343,1
23457606,1
22811472,0
23023343,0
23014958,1
22453683,1
23536174,1
23073674,0
22820803,1
23263433,1
22861818,1
23349636,1
22914158,1
23267662,0
23488994,1
23450390,1
23341368,1
23199229,1
22692971,1
23034386,0
23460172,0
22887234,0
23370606,1
23556054,0
23004954,0
23588019,0
23587323,0
22782328,1
23072859,0
23409479,1
22746287,1
23554433,0
23323248,1
22344274,1
22985754,1
23587481,0
22696502,0
22773830,1
23741613,0
22438680,0
22992099,1
23734626,1
23470174,1
23463306,0
23351213,1
23052957,1
22360015,0
23335645,1
23182425,1
22954932,0
23604258,0
22760615,0
22947143,1
23068300,1
22467884,0
22999847,1
23357417,0
23574951,1
23611384,1
22965428,1
22645093,0
22747200,1
23362481,1
23077154,1
22429399,1
23512164,1
23303293,0
23692148,1
22946838,1
23024719,0
23715253,0
23358880,0
23747056,0
23111588,1
23647306,0
23142564,1
22535649,1
22568958,1
22584985,0
23239855,1
22433657,1
23166507,1
23515434,0
22699376,1
23033568,1
22683344,0
23156572,1
23624609,1
22508842,0
23674421,1
22332243,1
22942677,0
23668745,1
22763874,1
23208494,1
23590098,0
22578087,1
23251963,1
23144243,0
23713528,1
22987851,1
23133013,1
23691517,1
23113060,0
23490371,1
23120860,0
23661910,0
22670794,0
23069777,0
22818675,1
22941774,1
22485636,1
22532446,0
23433776,1
23252455,1
23670550,1
22721276,1
23233658,1
22611720,1
22941989,1
23187184,1
22492229,1
23075741,0
22343614,0
22642480,1
23423100,0
22915677,0
23716825,1
22825115,1
23072997,1
23070386,0
22944772,0
22552302,0
23396949,1
22644847,0
23406477,1
23318988,1
22923138,1
23435605,1
23004506,1
23356364,1
23615775,0
23515835,0
23021864,1
23172777,0
23724601,0
22419923,1
22339102,0
23020262,1
22884124,0
23454496,1
23118511,1
22477398,0
22604862,1
22873333,1
23303107,1
22639138,1
23554818,0
23683380,1
22924947,1
22447128,1
23482721,1
23031025,1
22998901,1
23034898,1
23103395,1
23070695,0
23100347,1
22387575,0
23259814,0
22511677,1
23058115,1
23564913,0
22711043,1
22395903,1
23334668,1
23475867,0
22587718,1
23126705,1
22409184,1
22953267,1
22723778,0
22390071,1
23521062,0
22467007,1
23539418,0
23056869,1
22962000,1
22941567,1
22486592,1
23274581,1
22745133,1
22946053,1
23242693,0
22909892,0
23207807,0
22340783,1
22710001,1
23006385,0
23697838,1
23231707,1
22987050,1
23080149,0
22841635,0
23367299,1
23335221,1
22597786,0
23051009,0
23199230,1
23562229,0
22440428,1
22472904,0
23112366,1
23084036,1
23428029,1
22494001,0
22756109,1
23255266,1
22859143,0
22393764,1
22597535,0
23371426,1
23755091,1
22607408,1
23754009,0
22477946,1
23280795,0
23299309,1
22789509,0
22556557,1
22556255,1
22656329,1
23719944,1
22990855,0
22594143,1
23404381,1
23722738,0
22410887,0
23233923,1
23051431,0
23142702,1
22384139,1
23519823,1
23567075,0
22632436,1
22834731,1
22743359,0
23447286,1
23649106,0
23303607,0
23694948,0
23045869,0
23752098,0
23716391,1
22669804,1
22924486,1
23647143,0
23239810,0
22984098,0
22500106,1
22707049,1
23052325,0
23655124,0
22482744,0
23636901,1
22643869,0
23370424,1
23495589,0
22364945,0
22851828,1
22806068,1
23293675,0
22638979,1
22945570,1
23610298,0
22614237,0
23203732,1
22486108,1
22683980,1
22956631,1
23360301,0
22878354,0
23465034,1
23384781,1
23098072,1
22898609,0
22439762,1
22504471,1
23709929,0
22504979,1
22721667,1
23632503,1
23591952,1
23724199,1
22585139,0
22976818,1
23318810,0
23236992,0
23666679,0
22338258,0
23694089,0
23000659,0
23292185,1
22833371,0
23655131,1
22765290,0
23573959,0
22829004,1
22451418,1
23052035,0
22582466,1
23422912,1
23267134,0
22759970,0
22467940,1
23180416,1
22734390,0
22942759,1
22431533,0
23552887,0
22410891,1
23384515,0
23489650,0
23263678,0
22769753,1
23301041,1
22363515,0
22937539,1
22823556,1
22467471,0
23383786,1
23146225,1
22352685,0
23424585,1
22560898,0
22392590,1
23516031,1
23422459,1
23241612,0
22874680,0
22638123,1
23750125,0
23603654,1
23449143,0
22577797,1
23323485,0
23451985,0
22685418,1
22399215,0
22898263,1
22452938,0
22919225,1
22892218,1
22796752,0
22665710,1
23696094,0
23416835,1
23755045,1
23512725,1
23369323,1
22498068,0
22360836,1
22440362,1
23571415,0
22575988,0
23417540,1
22441358,1
23056075,0
23176447,1
23531538,1
23400305,1
23264481,1
23153344,1
23126558,1
22732333,1
23276609,0
23106017,0
23672854,0
23625995,0
23542182,1
22513301,1
22759355,1
23047062,1
23225192,1
23558334,1
22979897,1
23495865,0
22748451,1
23629770,1
23687095,0
22931451,1
23100350,1
23099828,0
23029857,1
23349178,1
22640371,1
23740939,0
23395892,1
23441013,0
22713183,1
23002208,1
22481325,0
22416661,1
23316113,1
23547027,1
22863087,0
22527927,1
22389445,1
23137625,1
22741366,1
22654751,1
22382643,1
23582609,0
22978060,1
23423044,1
22799722,1
22718328,0
23389143,1
23199857,0
22691970,1
22463120,1
23312799,1
23524808,0
23509224,1
22567788,1
23449999,0
22692128,1
23022169,0
23382726,1
22366085,1
23562750,1
23218268,1
23272230,1
23347806,1
23485340,1
22566046,0
22565360,0
22646699,1
22760054,1
22451172,1
23287275,0
22999472,1
23442109,0
23285917,1
22473869,1
22564403,1
22572601,0
22518515,0
23276255,0
23585966,1
23032010,1
23135157,1
22798264,1
22921495,1
23709734,0
22898359,1
23717350,0
23760418,1
22357470,1
23492072,0
22525374,0
23446873,0
22685517,1
22405042,1
22961513,1
23565180,1
23236396,1
23120161,1
22905319,0
22643714,1
23426230,0
22447388,1
23524327,0
22862330,1
22623358,0
23360971,0
22925904,0
23104444,1
22915324,1
22991753,0
22617499,1
23153811,0
23114086,0
23587830,1
22759150,0
23119525,0
22874225,1
23224681,1
22787942,1
23110952,1
23442577,0
22531196,1
22618801,1
22791849,0
23501030,1
23685514,0
22540258,0
23046956,1
22588889,1
22484376,1
23330739,0
23120981,1
23417813,1
23263838,1
22399648,1
22827479,0
23597442,1
23210647,1
23583591,1
22963597,1
23214160,1
22748846,0
23316859,1
23197703,1
23561797,1
23208287,1
22525914,1
22480923,0
23587682,0
22476721,0
22730125,0
22604912,1
22345599,1
23118650,1
23139060,1
22474061,1
22598230,1
22922511,0
23329834,1
23003219,0
23024611,1
23166383,0
22546008,1
22993585,1
23241108,0
23750797,1
23459374,1
23479002,1
23305938,1
22988774,1
22419255,1
22758178,1
23002658,0
23415765,1
22348459,0
22372235,1
22999288,1
23091502,1
22720549,0
23146693,0
22357625,1
22472997,1
22947474,1
23388548,1
23084681,1
22456462,0
23636134,0
22781402,0
23203592,1
22426563,0
22451369,1
23609626,0
22627293,1
23032197,1
22959434,1
23537898,0
22335749,0
22893349,0
22489352,1
22964794,0
22375759,0
22729207,0
22836310,1
22618911,1
22871597,1
22657242,0
23089700,0
22994520,1
22855710,0
23157931,1
22693063,1
23216753,1
23423505,0
23712386,0
22649388,1
22729158,0
22350050,1
22888383,1
23459504,0
23082040,1
23069545,1
22448104,1
23150299,0
23643594,1
23678093,1
23059077,1
22987826,1
23391296,1
22908201,0
23255989,1
22969430,0
22865478,1
22553695,0
23397213,1
23479360,1
23368980,1
23495951,1
23173988,1
22829022,1
22958126,1
23080425,1
23032091,0
23558501,0
22768118,1
23134439,1
22982076,1
22472363,1
22451404,0
22927961,1
22579766,0
22805515,1
23462815,0
23448176,1
22831392,1
22858734,1
23517792,0
23393408,1
22998260,1
23248233,1
23383672,1
22947817,0
22593260,1
22447425,1
23093494,1
23365326,1
22455602,0
22731332,0
22328329,0
22586357,0
22924848,1
23016777,1
22369051,1
23268430,1
22699168,0
23490107,0
22598879,1
22992599,0
23205757,0
23147348,1
23149143,1
23445368,1
22407117,1
23454901,0
22836861,1
23562693,1
22956653,1
23020234,0
22817591,1
23050831,1
23333874,0
22610818,0
23192737,0
23658515,0
23143703,1
22982454,1
23042592,1
23429187,1
23147653,0
23031879,1
22610881,0
22930849,1
23320195,0
23733906,0
23478354,1
22821361,1
23176840,0
23173720,1
23265508,0
23206640,1
22993176,1
22461962,1
22854902,0
22810114,1
23060077,1
22915978,1
23380333,1
23652908,1
23137671,0
23104947,0
23737265,0
23045520,1
23698864,1
22759659,0
22478002,1
23340212,0
23090741,0
22546931,1
22453797,0
23462368,0
23480851,0
22841151,0
22349681,0
22701180,1
23435337,0
23384938,0
23132626,1
22939966,0
23602451,1
22593853,1
23187656,1
22572417,1
23178263,0
22468285,1
22511328,1
22882843,1
23749784,1
22347854,1
22717497,1
23340558,1
22766471,0
23699411,1
22851551,1
23293459,0
22556350,1
23380337,1
22772004,0
23756601,1
22788492,1
22897911,1
22802122,1
23538966,1
23155683,1
23583346,0
22496829,0
23584707,1
22360335,0
23020298,1
22837180,1
22467472,0
23445301,1
22757012,1
23092305,1
22772971,1
22929036,1
23724032,1
22347192,0
22945709,0
23341643,1
22705479,1
22592454,1
23318576,0
22650816,0
23723586,1
23093467,1
22511299,1
23347433,0
23228060,0
23652668,1
22850612,1
23340824,1
22694154,1
23072735,0
23084979,1
22924897,1
23171671,1
23719640,1
23470852,1
23161790,1
23603060,0
23284074,0
23144783,0
22906025,0
22408378,1
22497157,1
22718104,0
22829421,1
22916405,1
22476109,0
22625246,1
23461868,1
22622467,0
22730373,1
22937618,0
23049403,1
23514171,1
23190614,1
22995292,0
23326930,0
23724709,1
23502391,1
22836015,0
23742205,1
23726610,0
23570654,1
23728130,1
23735501,1
23535531,1
23648029,0
23714302,0
22394051,1
23087870,1
22582418,1
23761587,1
22676908,1
23162879,1
22458576,1
23032265,1
22820115,1
22900048,0
23499225,1
22385155,0
23745141,0
22469719,1
22756958,0
23323254,0
22386722,1
23730481,0
23633230,1
23577474,0
22680248,0
23195741,1
23328479,1
23562086,0
23499951,0
22407689,1
23188859,1
23656193,0
22583978,0
22357455,0
22501599,1
22750410,0
23151247,1
23404786,1
23137104,1
23404253,0
22556619,1
23278052,1
23407363,0
23705391,1
22410232,1
22628957,0
23134530,0
22643413,0
22339428,1
23245709,0
23067040,0
22654872,0
22765386,1
23006563,0
22951428,1
23393237,0
23029316,1
23200092,0
23197925,0
22917362,1
23605736,1
22506526,0
23613985,1
23189714,1
23218055,1
23465804,1
23208367,0
23326175,0
23478390,0
23740087,1
23593964,0
23671535,1
22793891,0
23454132,1
22402349,0
22565032,0
22414849,1
23315367,1
23243055,1
22697407,0
22996542,0
23225946,1
22842231,1
22603170,1
23714343,0
23642448,1
23658927,1
22450938,1
22952206,0
23515554,1
22660721,1
23017274,0
22343156,1
23179973,0
22602254,1
22967236,1
23409536,1
22434803,1
22825685,0
23234949,1
22640501,0
23379051,1
22812491,0
23373326,1
22888416,1
23181191,1
22956611,1
23023457,1
22816553,0
22877680,1
23422452,0
22763655,1
23063696,1
22925595,1
22625501,0
22972676,0
22678377,1
22769463,0
23382764,0
23482508,1
22953395,1
22921487,0
22588272,1
22492794,1
22486859,0
22772367,1
23661771,1
23673135,1
23714649,0
22378609,0
23432891,0
23460115,0
22694677,0
23253325,1
23585969,0
23318481,1
22500924,1
22797196,0
23534421,1
22586592,1
22414268,0
22659175,0
23216243,1
23709595,1
22884454,1
23372653,0
23357849,1
22505007,0
22474871,1
22555043,1
23413253,1
23233572,0
22484706,1
23383520,1
23050653,0
23604655,1
23657272,0
23333405,1
23009775,0
23544205,0
22865742,1
22925230,1
22459329,1
22572941,1
22815151,1
22873462,0
22434049,1
23072940,1
23149984,1
22467323,1
23346221,1
23710374,1
23056277,0
22530507,0
22420333,1
22505832,0
22581645,0
23402641,0
23054492,1
22406681,1
23112030,0
22640054,1
22777364,0
23514394,1
23537883,1
23146416,1
23488127,1
22710886,0
22643287,0
22343022,0
22993061,0
22838357,1
23259311,1
23515681,1
22629535,1
22446780,0
23250468,1
22396475,0
23180497,0
22776318,0
22380850,1
22973557,1
23568480,1
23546542,0
23434211,0
23633546,1
22795842,1
23399973,0
22356172,0
22538239,0
23045096,1
23103418,1
22586469,1
22491398,0
22856271,1
22878106,1
23699898,1
23179475,0
22542722,1
22363778,1
23547081,1
22700812,1
22349639,1
23510290,1
23661403,0
23643762,0
23154735,0
23334736,0
23669484,1
22563715,0
22609426,1
22523837,0
23634484,0
22682536,1
23020294,0
23439482,1
23037453,1
23408014,0
22584764,1
23665289,1
23447586,0
23526660,1
23083051,1
22710591,1
23483867,1
23324169,0
23677668,1
23076496,1
22951408,0
22774007,1
23262533,0
22785374,1
22446221,0
23005985,1
23463044,1
23729186,0
23524558,0
22337215,1
23380859,0
22528083,1
22935796,1
23283940,1
23160380,0
22727863,0
22547927,0
23657443,1
23140199,1
22365453,1
23609903,1
23431566,1
22949165,1
23314795,1
22853061,1
22883570,1
22669042,1
22523613,0
23494088,1
23559685,0
23484793,0
23467396,0
23078837,1
23025925,1
22925005,0
23027930,1
23633571,1
22942567,1
23182569,1
22639071,1
23751034,1
23301195,0
22559513,1
23247342,1
23501991,0
22628375,0
23079778,1
22526282,1
22531567,0
23344745,1
23670580,1
22614094,0
22421736,1
23037912,0
23745256,0
22949150,0
22891708,1
22722820,1
23745011,1
22656964,1
23145777,1
23625295,1
22958801,0
23057211,0
23062280,0
22405247,1
23360994,1
23569845,1
23317109,1
23725859,1
22461472,1
23254756,0
23348753,0
23135228,0
23702031,0
22617905,1
22680632,0
22434535,1
22658105,1
23623876,1
23151893,1
23114331,0
23045121,1
23140475,1
23352006,1
22988650,1
23050392,1
23099612,0
23359025,1
22458453,1
22370313,1
23282341,0
23116576,1
22530674,1
22533412,0
22864370,1
23190425,1
23083535,1
23643270,1
22950378,1
23333326,1
23675206,1
22857597,1
22623982,1
22980728,1
22527074,0
23272085,1
22897283,1
22972268,1
22550891,1
23268793,1
22492566,0
22850878,1
23422559,0
22450348,1
22329649,1
23295599,1
22686978,1
23492172,0
22924226,0
23514112,1
22385260,1
23405872,1
23540344,1
22803012,0
23496567,1
22833969,0
23356524,1
23128435,0
22786624,1
22994913,1
23474416,0
22593057,1
23095985,1
22855711,0
23321695,0
22600705,1
23563875,0
23586697,0
22514132,1
22634677,1
22665716,1
22759262,1
22795893,0
23028902,1
22691217,0
23675243,1
23465205,1
22405039,0
23398730,1
23277763,0
22931141,1
22616163,0
23617013,1
23167909,1
23360888,1
23216193,1
23436532,0
22495025,1
22373043,1
23036445,1
23592583,0
22818615,0
23477852,0
23021479,0
22342349,1
23693965,0
23541376,1
23482710,0
23284556,1
23458722,1
22397258,1
23530694,0
23401569,1
22642449,1
23025032,1
22794260,1
23458325,0
22349839,1
22506919,1
23090372,1
22703161,0
22806845,0
23306501,1
23100368,0
22560448,1
22636324,0
23083944,0
23224463,1
22734847,1
23428915,1
23683509,1
23494398,1
22920653,0
23429969,1
23259900,1
23748161,0
23229444,0
22891991,0
22892721,1
22492843,0
22652036,1
23041671,1
22744250,1
23568769,1
22604464,1
22948163,0
23002926,1
22396618,1
23334616,1
22971974,1
23361516,0
23368018,1
23029037,0
23183956,0
23299871,1
22963344,1
22463949,1
23628339,0
23669451,1
23569623,0
23015953,1
22605142,1
23747496,1
22777219,1
23754897,0
22559390,1
23701122,1
22755924,1
22346006,1
22563602,1
22440473,1
23215503,0
22682700,0
22829918,1
22471890,0
22622435,0
23397586,1
23367728,1
22868878,1
22333381,1
23758839,1
22577549,1
23480298,0
22921045,0
22671698,1
22494220,1
23532237,0
23088940,1
22379058,1
22457101,0
22940695,0
23708818,1
23698518,1
23080215,0
23335453,0
22343514,1
23709041,0
23185245,1
23645854,1
23408463,1
22464983,0
22952200,1
22934943,1
23045442,1
23647131,0
23075251,0
23650161,1
22456459,1
23636211,1
23700360,1
22347219,1
23189588,1
22523140,1
22880542,1
23531247,0
22884474,1
23190712,0
22828761,1
22389914,1
23730844,1
23640184,0
23089045,1
23626579,1
22686113,1
22535086,1
23194978,1
23469141,1
23554119,1
23471770,0
23670561,0
22933665,1
22559440,0
22713061,1
22566792,1
23384250,1
22707079,0
23328877,1
23125101,1
23122899,0
22978292,1
23501390,0
23132065,1
22548628,1
22641969,1
23666156,1
22872822,1
22667129,1
22458893,0
22854972,1
23498979,1
23690476,1
22998035,1
22818975,1
22451358,1
23391240,0
23739741,1
22473208,1
22408432,1
23124364,1
23111544,1
22860490,1
23621180,1
22387052,1
23673106,0
23329150,0
23425061,1
22864556,1
22925436,0
23644573,0
23282453,0
23514436,0
23353573,1
22717455,0
22749350,1
23161977,0
22994482,1
22815603,1
23388186,1
22746486,1
22653233,0
22742719,1
23486308,0
22787786,1
22823653,1
22797441,1
22387805,1
23440377,1
23318358,1
22998579,0
23331462,0
23478263,1
23260982,0
22753405,1
23562464,1
22330694,0
23206993,1
22621001,1
23615356,0
23568161,1
23683508,1
23748096,1
23255063,0
22799549,0
22344567,1
22658721,1
22786525,1
22700364,1
23658408,0
22983262,1
23638848,1
23052383,1
22789393,0
22830688,1
23170462,0
22603935,1
22764133,1
22544276,1
22689641,0
22366965,1
23422198,1
23282413,1
23493083,0
23255716,1
22971957,1
23336625,1
22806814,1
23067904,0
23737996,1
23522684,0
22447382,1
23599274,1
22908991,1
22886074,1
23554076,1
23439142,1
23408311,0
23431945,0
22672258,1
22973153,0
23070259,1
22603974,1
22656893,0
23345145,1
23474758,0
23625748,1
23298461,1
22418551,1
22937663,0
22679648,1
23468748,1
22847395,1
22474582,1
23066080,1
23115971,1
23080852,1
22601735,1
23521227,1
23167565,1
22743089,1
23739869,0
23597739,1
22450865,1
23744307,1
22829525,1
23046673,1
22791533,0
22352452,1
23734491,1
22627079,0
22560257,1
23104380,1
22927903,0
22612946,0
22557070,0
23326905,1
23155251,1
22502064,0
23639403,0
22375795,0
22780117,1
22705448,1
22815148,0
22426734,0
22557185,0
22819796,1
22919827,1
22471542,0
23024747,0
23718704,0
23396250,1
22608436,1
22633125,0
22863325,0
22533203,1
23353317,0
22921131,0
23208524,1
23481512,1
23643411,1
22939717,1
23269408,0
22728154,1
23332442,0
23060799,1
22655194,1
23629720,1
22488030,1
22937913,1
23327364,1
22463080,1
23688017,0
23510501,1
22522472,1
22434702,0
23103589,1
22381425,1
23661882,1
22339667,1
23177113,1
23514881,0
22930523,0
22924254,1
22913218,1
23660186,0
23544463,1
23761120,0
22551125,0
23226838,1
22462701,1
23538563,0
23196293,1
22549117,1
23287243,0
23472400,1
23420593,0
23417494,1
23243094,1
22790463,0
22803343,1
22787333,0
22509553,0
22711779,0
22492745,0
23154483,0
23619599,1
23539237,0
22641532,1
23323452,1
22835848,1
22769191,0
23621703,0
22793345,1
22595758,0
22378074,1
22760965,0
22519706,0
23383988,1
22719261,1
23235107,1
23317168,1
23191351,0
22789951,1
22953193,0
22751717,1
23348556,1
23274919,1
22612871,0
23199124,1
23605392,1
23098566,0
22589262,0
22650105,1
22860101,0
23656542,1
22942689,1
23567927,0
23560673,1
22986315,1
23296633,1
23338450,0
23055354,1
23152354,1
22890956,0
22761490,1
23622962,0
23706865,0
23624241,1
22642961,1
23402475,0
23248984,1
23650469,0
23494618,0
22393268,1
22414974,0
23287956,1
23430653,1
22763608,0
23655699,1
22897696,1
22505186,0
23216871,1
22718265,0
23496328,1
22925508,1
23704476,1
23078755,1
23299093,0
22402138,0
23550838,0
22364701,0
22412906,0
22932489,1
22467300,0
22642683,0
22599115,1
22575289,1
23047432,1
22657476,1
23082222,0
22811772,1
22563261,1
22405904,0
23345205,1
22417019,1
22989043,0
23052046,1
23368693,1
23672740,1
22849137,0
23385281,1
23050438,0
23608220,1
22751351,0
23138492,1
22448580,1
23581177,0
23613163,0
23275149,0
22888782,0
23178594,1
23536066,0
22954501,1
23215390,1
22878957,0
22820386,1
22335561,1
23301878,1
23176827,0
22698355,1
23427348,0
22945982,0
23094694,0
22973994,1
23386819,1
22520784,1
23514480,1
22407524,1
22523552,0
22968793,1
23392514,0
22609023,0
22909646,1
23083613,1
22598153,1
22397540,1
23215089,1
23757985,1
23391697,1
22356943,1
23108760,1
22432639,0
23168140,1
22918197,1
23108159,0
23044197,1
23000970,0
23190439,0
22421822,1
23065185,0
22362658,1
22991176,0
22962390,1
22831648,1
22869932,1
22511605,0
23519918,0
23448728,0
22993880,0
23637954,1
22523295,1
23034977,1
22716578,0
23278839,1
23484570,1
22493373,0
23105518,0
23248943,0
22945292,1
22412078,1
22424597,0
22638760,1
23132419,1
23475130,1
23342916,1
23635428,1
22809523,0
22429580,1
23457714,0
22555199,1
22901074,0
23541094,0
22881312,0
22509591,0
22602597,0
23510567,0
22892581,1
23643127,1
23719170,1
23735601,0
22739048,1
23596593,0
22394113,1
23691846,1
23693692,1
22417478,1
23656846,1
23691290,1
23535095,0
23007916,0
23319158,1
22345619,1
22476016,1
23740086,0
23196350,1
22933871,1
23622668,1
22760807,1
22732032,1
22982812,1
23152420,0
23098000,1
23290588,1
23089019,1
23073327,0
23720874,0
23719907,1
23281212,1
23108387,1
22969074,0
22460791,1
22708854,0
23312638,1
22366393,0
23136603,0
23568675,1
22400102,1
22406488,1
23073042,1
23690811,0
22668518,1
23751268,0
22791258,0
22870429,1
23332181,1
23178814,1
23687880,1
23711438,0
22639503,0
23434820,1
22792421,1
23700501,1
22794833,1
22712084,1
23098354,0
23712298,1
23146855,0
23326584,1
23627795,1
23424518,1
22875903,0
23384336,0
23426882,0
22708991,1
23321202,1
23195699,1
22861568,1
22458875,1
23403513,1
22664308,0
22794487,1
23005545,0
22885373,1
22341389,1
23595335,1
22708186,1
23102985,1
23238558,1
23199004,1
22693368,1
22610456,1
23299498,1
22478077,1
22922082,1
22678349,0
23709454,1
23117574,1
22697967,1
23075658,1
23163402,0
23712144,1
22816149,1
22983354,1
22808709,1
23412955,1
23327926,1
23582105,0
23283958,0
22748345,1
23138687,1
23283171,0
22835332,0
23542597,0
22504721,0
23132514,0
23572989,1
22418544,1
23703848,0
22985729,0
22553426,1
23270096,1
23625346,1
22352360,0
22496738,0
23570898,0
23632112,1
22345911,0
23028485,0
22928143,1
22920003,0
22772512,0
23661063,0
22672109,1
23131528,1
22493205,1
22787159,0
22596369,1
23456268,0
23746132,1
22423455,1
23305221,0
22827925,1
22987448,0
23625672,1
23740049,1
23657449,1
22341514,1
23229780,1
23104288,1
23726339,0
22876730,1
23317137,0
23555866,1
23174961,0
23408269,0
23720278,1
23187386,1
23488765,1
23650278,0
22653499,1
23745346,1
22844143,1
22834087,0
23416426,1
23325543,0
23214119,0
22362344,1
23195731,0
22488782,1
23389603,1
22452486,1
22845799,1
23284477,0
23574105,1
22384240,1
23626560,1
23687437,0
23380659,1
22459838,1
23281819,1
22335004,0
22589952,1
23327229,0
22820482,0
23613360,1
23435707,1
23382281,0
23575076,1
22731354,1
22569002,1
22835313,1
23693409,1
22940095,1
22507241,1
23270360,0
22902799,1
22417934,0
22931143,1
22548485,1
23675344,0
23726465,1
23071193,0
23563451,0
23588784,0
22899859,1
23513272,0
22363649,1
23681521,1
22817945,1
22431052,1
23543498,1
23714678,0
22935383,0
22590138,0
23667427,1
23732147,1
22841489,0
23405184,1
23096390,0
23361415,0
23213389,0
23365116,1
23497059,1
23209937,1
23616617,1
23663739,0
22545385,0
22925712,1
23464048,0
23725218,1
22657942,0
23392940,1
23728840,1
23565385,1
23315714,1
22836324,1
22759586,1
23366714,1
22538753,1
22987286,0
23398901,1
23347705,1
23690661,1
22497075,1
23282719,0
23018085,1
22930923,1
23014868,0
23216210,1
23708467,1
22618294,0
23436759,0
22859414,1
23737316,1
22350855,0
22394589,1
23149376,0
22334845,1
23688669,0
23394598,1
22760694,0
22684082,1
23198899,0
22409698,1
22672822,1
23279199,1
22353720,1
23594767,1
22449753,1
23656600,0
22662093,1
22431021,0
23222021,1
22950546,0
23389030,0
22509531,0
22584415,1
23268449,0
23039557,1
23118096,1
22391494,1
23166402,1
23545944,1
22755484,0
23266413,0
23053722,1
23719880,1
23350931,0
23372801,0
23569471,1
23492336,1
22834427,1
23164156,1
22413000,1
23072472,1
22772216,1
23668567,1
23171350,0
22818485,1
23266609,1
23223333,0
22823010,0
23073959,0
22883177,1
22751761,1
23406242,1
22419439,1
23205009,1
23162956,1
22754847,1
22701830,0
23002681,1
23067822,0
23103488,0
23457322,1
22390721,1
23679015,1
23214396,0
23724692,0
23473429,1
23648354,0
22511721,1
22362590,0
23164311,1
22656744,1
22728444,1
22636462,0
22369041,1
22330820,1
23095768,1
23403934,0
22367330,0
23446899,0
23398025,1
22699883,0
22684354,1
23383255,1
22852994,1
23101518,1
23132421,0
22738564,1
23553875,0
22438642,1
22739965,1
23065268,1
23141629,1
22498761,0
22793400,1
22555406,1
22734931,0
22375060,1
23428201,1
23033495,1
23005116,1
23347248,1
23098035,0
23024393,1
23345814,1
23181356,1
23399251,1
22724381,0
22927755,1
22828613,1
22543262,0
23403641,0
22932490,0
23645824,1
22969647,1
23180959,1
23408297,0
22819550,1
23461373,0
23634917,0
22927284,1
22605448,0
23182651,0
23303301,0
22768319,1
22590831,0
23163156,0
23236296,0
23547424,1
22908588,1
22764974,0
22823058,0
23078786,1
23572835,0
23046084,0
23040137,1
23239030,1
22441107,1
22782813,0
23687313,0
22997651,0
23415408,1
23760800,1
22963052,1
23433391,1
23348462,1
23568452,1
23079551,1
22906187,1
23147046,1
23280941,0
22923086,1
22897288,0
23219744,1
22369564,1
23167804,1
22892284,1
23493697,0
22873248,0
22823317,1
23695129,0
22754920,1
23301035,1
22658478,0
23158738,0
22389885,0
22476345,1
22336428,1
23214600,0
23181718,1
23482782,1
23453380,0
22354629,0
22859122,0
22661585,1
23759460,1
22873356,1
23698602,1
22875817,1
22520830,1
22450104,1
23118153,0
23642543,0
23043558,0
22405386,1
23528034,1
22858810,1
22674228,1
22701185,1
23667632,0
23000603,0
22915707,1
22469052,0
23402100,1
23303040,1
23674962,1
22702459,0
23040435,1
22744395,0
22594859,1
23043258,1
22921786,1
23049623,0
22396094,1
22597820,1
23713755,0
22684193,0
22710345,1
23233428,1
23679564,1
22800639,1
23695504,0
23235827,1
23586220,0
22575391,1
23546172,1
23319512,1
22970597,0
23216222,1
22569293,0
22868461,1
22920315,1
22620208,1
23189053,0
22327972,1
22375550,0
22750135,1
22440445,1
23539592,0
22866616,0
23562516,1
23237563,1
22564766,0
22608442,1
23661720,0
22753202,1
22927381,1
22796115,1
22495319,1
23289766,1
22495491,0
22459276,0
23161556,1
22679505,1
22855866,0
23091740,1
22396718,0
23584782,0
23431924,1
23607105,1
23722670,1
23597921,0
22612298,1
23198027,1
22756920,1
23496913,0
23557555,0
22525424,1
23258603,1
23320693,1
23542115,1
22862182,0
22524418,1
22513508,0
22345616,0
23012706,1
22967771,0
23033569,0
22698808,1
23089609,1
23065743,1
23310445,1
23004557,0
22677259,0
23207478,0
22333247,1
22681411,0
23046427,1
22810576,0
23690688,1
23259338,1
23511768,1
23495538,1
22601449,1
22573933,1
23465959,1
23681690,0
22554368,1
23574172,0
22763537,0
22867761,1
23138177,1
23707589,1
22328909,0
23129391,1
23031400,1
22699825,0
23080070,1
22837404,1
22449486,0
23218191,0
23109939,1
22453526,1
22695903,1
23007076,1
23077572,1
23349778,0
23409895,1
23386458,1
23517552,0
23410916,0
23165501,1
22912472,1
22552296,1
23274089,1
23433330,1
22556322,1
23415311,1
23605699,1
23656463,1
22675557,1
22597402,1
23364465,0
22962244,1
23076215,1
22481322,1
22980622,1
23595045,0
23474943,0
23099359,1
23205644,0
23262501,1
22474107,1
23296091,1
23650303,0
22857099,0
22745964,1
22759860,1
22533813,1
22692584,1
22656374,1
23531063,1
22419718,1
23310502,1
22770482,0
23735007,1
22691372,0
23223929,0
22921540,1
23343372,0
23026007,0
23751062,1
23677104,0
23642842,0
23337991,0
23185024,1
22638315,1
22988246,0
23253010,1
22351093,0
22900896,0
22892996,1
23487545,1
22514492,1
23599894,1
23648412,1
22378952,0
22633247,1
22557956,0
23274965,0
23759182,1
23480833,1
22995671,0
23423049,0
22630805,0
22839617,1
23140151,0
23509478,1
22869226,0
23364246,0
23283694,0
23278983,1
22951231,0
23195218,0
22801477,0
23033374,0
22858674,1
22766189,1
22752640,1
23048831,0
22712579,0
23682624,0
23705783,0
22685266,0
22416027,0
23596968,0
23018716,1
23622839,0
23029897,1
23005592,0
22627562,0
22511871,0
22985829,1
23479899,1
23711471,0
23039921,1
22622237,1
22679565,1
23218210,0
23383498,0
22453865,0
22642456,1
22634976,0
23269751,1
22921267,0
23365546,1
23102140,0
23627978,0
23559974,0
22758607,1
22634201,0
23745687,1
22506542,0
23709244,1
22515229,1
23629864,0
23014112,0
23613136,1
23484650,0
22354025,1
23193495,1
23512315,1
22918011,1
22866930,1
23001523,0
22577268,1
23310320,1
22342864,0
23292247,1
23113144,0
22626778,1
22849929,1
22979363,1
22486743,1
23621241,0
23260727,0
23145523,1
23468723,0
23646465,0
22994193,0
22723061,1
23392788,1
23008798,0
22542626,0
23539837,0
22990130,1
22819683,0
23068964,0
22833266,1
22830785,1
23491784,1
23423508,0
23156920,1
23207997,0
23609028,0
22786803,1
22330452,0
23564568,0
23302405,1
22951358,1
22813209,0
22475286,1
23756329,0
22685872,1
23039378,1
23578496,1
22795430,1
23396788,0
23234124,1
23122621,0
22597261,1
22331882,0
23690029,0
23339613,1
23742908,0
23173724,0
22757879,0
22702654,1
22386013,1
23386795,1
22958785,1
22860214,0
22473043,1
23518048,1
22778514,1
22336878,1
23683333,1
22674964,1
22826696,0
23242266,1
23379439,1
22366508,0
23489942,1
22484103,1
23714626,1
22986502,1
23501653,0
22833059,0
23631492,1
23732473,1
22697404,1
23242513,1
22910782,0
23462816,0
22418383,0
23602680,1
23717865,0
23154572,1
23146418,0
23358305,0
23643170,1
23413858,1
23494300,1
22521385,1
22395311,0
22660801,1
23596805,0
23549098,1
22888730,0
22651509,1
22344264,0
23757125,1
23253753,1
22386838,1
22617161,1
23063922,0
23692992,1
22356961,1
22690312,0
23736350,0
23555521,1
23187527,1
22918019,0
22413230,1
23344924,1
22626189,0
23434170,1
22795946,1
22929776,0
22745312,1
22625573,1
22506210,1
23226875,0
22960553,1
23023765,1
22417913,0
22638575,0
22942312,1
22639865,1
22807615,1
22657393,1
22576859,1
22661201,1
23366255,0
22511782,0
23624816,0
23158937,1
23125035,1
23683774,0
22848807,1
23099502,1
22415064,1
22947902,1
22887466,1
23277179,1
22426373,1
22702050,1
23240119,1
23740813,0
22446826,1
22357264,0
23047368,1
23724260,0
22630917,1
23116412,1
22797809,1
23517795,1
22622357,1
22615996,1
23580751,0
23613504,1
23100809,1
22392309,1
23021561,0
22997743,1
22899173,0
22730496,0
22346295,0
23612805,0
23443112,0
23011990,0
22967853,0
23458834,0
23323576,0
22906512,0
22810474,1
23199001,1
23294239,1
23670346,1
23679519,1
23141843,1
23374093,1
23617544,0
23087742,1
22562172,0
23570531,1
23495480,0
23543661,1
22549179,1
23042383,1
23455027,1
23176686,1
22527919,1
22861330,1
23035711,1
23316377,0
22500288,0
23718436,0
22746363,1
23514662,0
23601655,0
22417436,1
23402517,1
22849940,1
23459100,0
23069757,1
23123650,1
22572232,0
22492887,1
23744757,0
23095689,1
23312427,1
23314528,0
23383097,1
22848485,1
22933261,0
23618044,1
22811711,1
23206123,0
22960117,0
23441336,0
23220978,0
22338083,1
22992947,0
23339562,1
22988092,1
22595237,1
23345895,1
22535122,0
23294405,1
23020255,0
23568524,1
23598252,1
23223517,0
22699421,1
23657524,0
22737558,1
23371449,1
23560226,1
23737103,1
22618419,0
23527056,0
22663222,1
22389722,1
23708774,0
22960920,1
22621450,0
23601146,0
22537933,1
23373945,0
23019949,0
23287859,1
22889984,1
22956959,1
23558282,0
22992497,1
23179952,0
22600522,1
23100894,1
22877036,1
23575918,0
23402689,1
23513475,1
23358322,0
23482279,0
23483861,0
23548458,0
22815997,1
23167236,1
22869992,0
22827425,0
22943149,1
22370234,1
23393411,1
23227882,0
22758121,1
22533024,0
23753322,1
22798936,1
22588231,1
22384275,1
23070619,0
22577429,0
23379841,1
23484564,1
22376253,1
23390418,1
23460070,1
22382552,1
22743227,1
23470664,1
23368022,1
22665226,1
23542482,1
23724439,0
23474306,0
22913174,0
22326637,0
22713902,1
22986844,1
22383423,0
23047032,1
23315128,1
23068652,0
23254374,0
23697332,1
22341293,0
22849618,0
22422193,1
23573241,0
23058153,0
22933115,1
23428339,0
23589017,0
23677665,1
23367489,1
23384792,1
23197680,0
23449616,1
22903007,0
22626677,1
22618545,0
23252081,1
23679403,1
22690784,1
22991490,1
23109958,0
23356823,1
22919383,0
22835627,0
23241700,0
22814217,0
22985386,0
23508337,1
23473963,0
22822846,0
23309056,1
22577831,0
22642555,0
23201990,0
22406002,1
23616618,0
22675499,1
23618275,0
22394409,1
23620624,0
23487057,0
23631206,0
23755536,0
23331956,1
23269152,1
23034925,1
23348337,0
23428142,1
23421895,1
23356539,1
22577839,1
23010784,0
23484239,0
22859133,0
23333821,1
23729464,1
23192371,0
23212605,0
22481207,1
23244357,0
23475240,1
23743710,1
22493591,0
22778727,1
23574034,0
22786303,0
23602067,0
22741063,1
22742660,1
22479816,1
22996227,1
23373618,0
22428504,1
23255047,1
22685630,1
23002133,0
23472705,1
22467181,0
22606841,1
23431902,1
23462430,1
22409697,0
23172511,0
22343288,0
23408102,1
22603203,0
22435405,1
23219566,1
23268970,0
23690502,0
23651288,0
23226814,1
22493375,0
23256460,1
22477777,1
23458430,1
22337714,1
23226524,0
23164991,0
22572147,1
23086021,0
22549373,0
23476456,1
23051532,1
23137384,1
23055946,0
23101721,0
23669444,1
22804776,0
22861186,1
22668442,1
22509480,0
23547251,1
23753431,1
23394126,1
22869900,0
22757521,1
22654316,0
22634595,0
23199318,0
22534695,0
23418940,0
22872465,0
23514403,0
22416962,0
22941529,1
23025470,1
22474663,0
22647073,0
22390235,1
23572609,1
23076378,1
23543518,0
23568804,0
23081602,1
22553465,0
23354110,1
22400555,0
22492553,1
22673209,0
23318908,1
22367371,0
22816502,1
23053469,0
23746652,0
22416436,1
23304360,0
23665958,0
23760548,0
22934519,1
22383431,1
22903944,1
22925263,1
23200383,1
23054114,0
23751891,0
23047275,1
22803804,0
23620801,0
22919586,0
22873039,1
22758119,1
23180645,1
23573912,0
23428645,1
23661745,0
23529126,0
22773738,1
23334196,1
23243884,1
22986784,1
23250508,1
22546822,1
23614564,0
22565768,0
22385331,1
22996341,1
22631769,1
23377043,1
22913107,0
22790765,1
22338265,0
23607767,1
23750780,1
23196900,1
23458454,1
22549920,1
23549114,0
23285217,0
22468896,0
23394898,1
22826986,1
22945787,1
23406364,0
23246336,1
23494225,1
23230978,1
23423975,0
23233867,1
23556259,0
22345819,1
22640413,0
23168537,0
23563578,1
23453974,0
23132906,1
22980235,1
22762085,0
23549828,0
23016528,0
22547608,1
22363086,1
23094018,1
23504912,0
23452913,0
22620095,1
22413143,1
22934798,0
22559205,1
22651503,1
23538508,0
23715356,1
23399490,1
23693686,0
23695277,1
23389977,0
23160713,1
22935859,1
22492456,1
22562725,1
23185305,1
23462461,1
23705970,1
22963617,0
23448077,1
22754835,1
23627877,0
22387245,1
23222921,0
22803219,1
23189933,1
23047699,1
23369310,0
23451398,1
22916446,1
22527229,1
23205628,0
23623265,1
23655643,0
22740627,1
22354026,1
22876210,1
22643303,1
23341964,1
23548851,0
23051754,0
23700348,0
22404375,0
22559731,1
23483905,0
23546442,1
22367517,1
22483001,1
23165166,1
22948953,1
23055278,1
22500296,0
22481348,1
23216805,1
23339703,0
22558101,0
22378733,1
22715597,1
23595978,0
22439188,1
23620956,0
22455779,1
23257464,1
22496610,1
22600047,1
23343460,0
23388395,1
23044023,1
22524291,1
23369907,1
22708198,0
22361747,0
22460248,0
23487525,0
23363534,1
22927447,1
23104167,0
22744491,1
22860914,1
22395262,0
22672466,0
22793990,1
23608347,0
23143604,1
23453104,1
22415793,0
22559436,0
22580530,1
22830916,1
23664368,0
22579330,1
23749216,0
23010650,0
22348625,1
22835006,0
22878807,1
23716539,1
22652325,1
22425382,1
22337815,1
22619046,0
22644392,0
22528635,0
22339862,1
23327944,0
23723996,1
23722156,0
22870772,0
22768126,0
22351522,1
22600088,1
23594723,0
23074091,1
22854638,1
23749494,0
22487641,1
23720960,1
23057360,1
23115309,1
23037156,1
22847834,1
23535377,1
22826796,1
22882479,0
23532580,0
23285841,0
22371138,1
22878599,1
22815107,0
23166059,1
22520050,1
23301439,1
22392739,1
22749422,1
23428206,0
23553753,1
23544349,0
23157540,1
23436786,0
23570169,1
22581931,1
22827359,0
23274730,1
22867025,1
23010312,1
23507616,0
23698008,1
23004462,0
23419932,1
23378122,1
23552080,0
22906999,0
23302065,0
23521453,0
22597328,0
23239863,1
23117202,1
22862676,1
23599623,1
23632117,0
23038252,1
22819277,1
23628418,1
23152020,0
23438527,0
23363510,1
22690005,1
22434963,1
23618613,1
22562160,0
23225779,0
23383215,0
22675144,1
22327525,1
22751291,1
23573567,1
22496120,1
23557801,1
22532032,1
22510989,1
23378560,0
23571703,0
22473686,0
22399922,0
22434602,1
23271038,1
22628079,0
23556072,0
23435357,0
22980473,1
22995993,1
23754566,1
23258535,1
22459422,1
23504882,1
22789940,0
23157532,1
22990525,1
23200169,1
22839347,1
22912699,0
23543737,1
23408677,0
23592457,0
22346827,1
23178622,1
23095366,0
22861683,1
22856104,1
22376586,1
22835671,1
23300623,1
23391414,1
23592703,0
22785178,0
22453927,1
22647465,1
22693664,1
23268517,1
22663136,1
23747027,0
22909716,1
23564212,1
23205818,0
22481304,1
22659087,1
23489487,0
22567803,1
23682314,0
22813177,1
22897731,1
22851259,0
23044636,1
23532558,1
23497345,0
23728078,1
22483895,0
23377399,0
23250187,1
23089080,1
22682024,1
22627719,1
23412435,0
22518987,1
22895218,0
23427366,0
22732287,1
23179132,1
23463348,1
23732524,1
23592956,0
23445226,1
22966617,1
23598196,0
22679028,1
23007174,0
22605610,1
23523057,1
22914578,1
22438707,1
22808948,1
22416975,0
23089550,0
23575896,0
22877114,0
23697463,0
22509177,1
23472670,0
23199127,1
23597306,1
23038687,1
23703671,0
23340903,1
23513937,1
22489516,1
22488860,1
22413123,1
22949247,0
22774693,0
23147844,0
22509478,1
22517947,1
23528838,1
23176096,0
23329514,1
23655188,0
23744146,1
22938391,0
22373069,1
23303922,1
23265453,1
22514222,1
23513436,1
22593953,0
23252438,0
23667050,0
23673234,0
23523651,1
23003456,1
22829100,1
22815263,0
23000249,1
23423031,0
23360317,1
22395376,1
23403390,0
22848024,1
22418513,1
22512966,0
23557495,0
23643536,1
23009171,0
23243707,1
23427116,0
23422980,1
22602550,1
22759263,1
22565507,1
23228638,1
23144942,1
22851385,1
22981255,1
22963512,0
23071511,1
22430829,1
22773695,0
22829139,1
23408765,1
23443905,1
22572631,1
22440842,1
23558605,0
22960275,1
22528814,1
22443342,0
22950997,1
23721092,1
23235556,1
22677520,1
22862995,1
23099534,1
23755109,0
23689887,0
22544840,0
23739992,0
22558399,0
22646917,0
22549385,1
23723896,0
23153071,1
23059340,1
23379731,0
22421383,0
22327407,1
23607342,0
22661023,0
23561546,0
23642607,1
22784923,1
23431645,1
23347339,0
23546950,1
23547595,0
22486826,1
22954001,0
22963672,0
22396714,1
23676616,0
23679026,0
22350364,0
23121553,0
22805000,0
23606009,0
23369998,1
23271180,0
22621687,1
22418821,1
22914369,1
23509973,1
23350728,1
22916120,1
22494333,0
23492888,0
22521638,0
22826405,0
23744451,0
23529053,0
22753783,0
22439937,1
22797861,0
22336498,0
23404394,0
23127334,0
23482839,1
23144954,0
23268701,0
22854674,1
23625198,1
23492719,1
23323113,1
23388292,0
22405175,0
23136871,1
22420490,1
22701805,1
23702644,1
22712419,0
22950217,1
23614289,1
22553314,1
22878175,1
23346949,0
22681402,1
23497190,0
22430135,0
23720487,1
22432230,0
22514729,1
23102092,0
22713604,1
22765797,1
23390595,1
22747389,1
22917442,1
22369964,1
23629168,0
23016380,1
22421133,0
22667721,1
23045107,1
22769927,1
22766183,1
22911831,1
22873058,1
22753107,1
22629512,1
23580976,0
23620997,0
23531440,0
22446405,0
23391943,0
23378089,1
23588237,1
23088284,0
22534491,0
23012499,1
23378349,0
23551616,0
22685901,1
23132824,0
22573065,0
22668059,0
22386469,1
22895725,0
22404431,0
23453669,0
23374377,1
22746007,1
23206699,1
23172742,1
22390287,1
23445350,1
23443397,1
23630345,1
22355087,1
23446503,1
23606506,1
23573409,1
22524788,0
22870548,1
22946847,0
23726398,0
22962224,0
22458120,0
22390450,1
23441605,1
22867401,0
23760727,1
23341109,0
23626593,1
23324064,1
23594789,1
22815346,1
22613956,1
22872105,0
22970549,1
23509268,1
22577473,0
23318579,1
22567920,1
23669635,0
23392969,0
23319787,1
23482318,1
22863033,0
22870380,0
23016456,0
22778146,1
22368691,1
23281885,1
22828825,1
23478061,1
23133541,1
22713572,1
23345334,1
22553806,0
22728923,0
22445900,1
23311896,1
23454643,0
22523533,1
23482777,1
23063403,0
22572287,0
23116648,1
23351329,0
22665582,0
23100062,1
23404155,1
22680822,0
23193380,0
23241797,1
22383895,1
23574577,1
23386568,0
22844650,0
23667499,1
22843785,0
23543667,0
23500527,1
22639677,1
23258679,1
22555921,1
23686812,0
22957487,1
23737196,1
22449422,1
22793090,0
22653657,1
22456876,1
23365282,0
22448546,0
23410672,1
23554816,0
23093679,1
22521199,0
22655519,1
23627299,1
23164190,0
23229404,0
23341668,1
23744282,1
23082243,1
22458884,0
22472359,1
23536531,1
22437052,0
23458811,0
22616789,0
23033425,0
22980386,1
23106224,0
22687080,1
22968019,1
23195917,1
22504286,1
23364873,0
23448324,1
23111581,0
23260484,1
23004604,1
22417729,1
22478274,0
23436001,0
22609784,1
23483924,1
22714477,1
23338019,1
23697696,1
22523269,1
23303916,1
23117339,0
23300451,0
23020934,1
22684874,1
22583697,0
23212255,1
22334254,1
22895913,0
22945620,1
22658026,1
23002390,0
23477751,0
22382424,0
22764411,1
22971299,0
22870562,0
23393551,1
22971597,1
22901512,0
23137637,1
23669949,1
23464136,1
23704773,1
23656195,0
23029375,0
23060315,1
23641025,0
22727302,1
22869033,1
22830903,1
23670200,0
22774115,1
22925881,1
23132196,1
22512633,0
22510738,1
23534388,1
22881195,1
22787695,1
22482309,1
22987224,0
23445601,0
22474087,0
23347488,0
23495243,0
23368778,1
23043864,0
22368538,0
22659317,0
22795496,1
23641760,1
22833328,0
23101404,0
22917858,1
22777377,0
22501008,1
22344031,0
22559588,0
23004231,0
23126913,1
22868392,1
22753852,1
23636248,0
23005431,0
22533697,0
22669647,0
22533437,1
23643716,0
23133042,0
22601041,1
22329333,1
22537272,1
22864275,0
22455078,1
22883189,0
23290347,0
23258104,0
23116485,1
23300627,1
23582562,0
23560204,1
23737732,1
23350772,1
22670994,1
23691257,1
22937551,0
22620762,1
22439499,0
23587255,1
23102891,1
23357252,1
22866420,0
22588243,0
23359595,0
22826260,1
23182329,1
22924261,1
22393816,1
23388514,0
23321492,1
22412410,1
23304077,1
23550357,1
23491234,1
23723552,0
22629361,1
23473936,1
23187204,1
22948687,0
22698716,1
23143044,1
22468184,1
23565531,1
22574263,1
22446320,1
23090199,1
23084458,0
23221043,0
23382394,1
22727611,1
23540421,1
22911567,1
23015030,1
23342468,0
23314587,0
22780500,0
23145325,1
22453944,0
22472124,0
22937267,1
23036199,1
22981143,0
23428913,1
23132816,1
22576787,1
23106097,1
22784184,0
22986867,0
23729666,1
23434049,1
22550974,1
23682100,0
23448796,1
23744428,1
22450237,1
22688385,0
22692741,1
23045187,1
23084496,0
23506715,0
23112858,1
23246585,1
22439014,1
22623109,0
22962062,0
22681925,1
23575354,1
23503742,1
22910612,1
22949698,0
22556370,1
22881211,0
23498590,0
22922571,0
23352781,1
23137169,1
23491154,1
23127123,1
22769010,1
23515416,0
23623976,1
22642625,1
23706919,1
23442161,0
23623245,0
23014946,1
22521936,1
23363980,1
23173287,0
23710306,1
23050574,1
22973061,0
23154875,1
22713772,0
23436866,0
23553828,0
23153832,1
22503268,1
22540635,0
23085877,1
22844658,1
22991104,1
23285126,1
22886282,0
23513792,0
23053021,1
22418583,1
23568198,1
22627705,0
23048630,0
22875848,0
22402510,0
22585007,1
22418320,0
22877580,1
23461221,0
22639820,1
22892063,0
23029378,1
22807580,1
23002314,0
22417354,1
23221994,1
22895696,1
23182552,0
23419789,1
22537520,0
23732305,1
23438932,1
23593031,1
23664557,1
22429745,1
23308501,1
23249821,0
22761315,1
23334950,0
23045172,1
22518568,1
23042929,1
23147259,1
22984484,0
22967679,1
22891670,0
23556707,0
22354554,1
22749957,1
23008438,1
22593262,0
23143941,1
22722774,1
22958000,1
23750985,1
22467124,0
23678891,1
22912913,1
22352228,1
22753739,1
22509916,0
23207362,0
23491138,0
22566777,0
23119852,0
23709360,0
23475821,1
22917691,0
23408354,1
23242651,1
23382939,0
23127353,1
23071253,0
23506918,1
22435938,1
22587354,1
23007095,0
23292631,1
22993332,1
23606567,1
23737204,0
23484764,1
23101060,1
23615385,0
23048553,1
23235817,0
22862491,0
22814121,1
22954869,0
22571251,1
23611405,0
22724467,0
22727221,1
22829904,1
22499410,1
23497181,0
22572779,0
22834803,0
23005938,0
22907298,1
23533471,0
23251238,0
23125925,0
22756473,0
22565821,0
23602073,0
22646959,0
23479194,0
23088722,1
23440105,1
23253012,0
22842815,1
22369001,1
23613826,1
23411680,1
23670813,1
22977773,0
23475703,1
22868786,0
22475478,1
22659772,1
23258849,0
22870982,1
23293384,1
23422174,0
22575455,1
22402205,1
23098502,1
22989683,1
23546743,1
22754196,1
23259918,0
23653240,0
23458890,1
22405075,1
23341458,1
23376952,0
23332586,0
23493711,1
22477358,1
22467752,1
22633859,0
23266935,1
23632509,0
23613304,0
22417386,1
23674590,1
23557310,1
22427681,1
23465155,0
22471514,1
23506520,1
22809713,1
22726975,0
23098286,1
22995144,0
22511773,1
22910227,0
22471955,1
23124240,0
23146229,1
23758420,0
22889436,0
23476908,0
22499210,1
23133099,1
23665825,1
23341033,0
22742599,0
23420307,1
22754774,1
22837093,1
23429344,1
23468673,1
22686662,1
23012989,1
22769125,0
23051116,0
23511690,1
22535499,1
23337179,0
23661901,0
23172180,0
22412395,1
22556608,1
23629132,0
22357113,0
23624473,1
23683503,1
23244393,0
23484081,0
23598296,0
23694890,1
23681635,0
22869421,1
22621103,0
22764987,1
22728436,1
23546144,0
23716657,0
23199353,1
22820354,0
22662288,0
22597122,0
22502773,0
23099957,1
23428534,1
22708952,1
23602355,1
23722602,0
23661343,0
23386540,1
23264824,0
23129354,1
22935906,0
22532738,1
23613153,1
22348073,0
22675650,1
23244754,1
23376748,1
22954936,0
23170512,1
22436196,1
22458216,1
22861619,1
23170815,0
22879480,1
22547056,1
23201790,0
22707795,0
23730379,1
22458729,0
22379359,1
23657752,0
23234074,1
23208168,1
22658277,1
23298668,1
22598409,1
23584016,0
23234481,0
22678518,1
22438841,0
23397967,1
22866590,1
23293644,0
22770109,1
23624369,0
22713972,0
23331747,0
22720555,1
23078317,1
23020340,0
22412293,0
23061028,1
23462948,1
22361628,1
22812206,0
23433733,1
22791993,1
23219897,1
22502118,1
22437476,1
22899929,1
22754788,1
22786789,0
23609483,0
22899527,1
22495085,0
23144631,0
23282119,1
22570487,1
22785186,1
22831272,0
22373810,1
23018710,1
22359892,0
22816645,1
22584010,1
22598769,0
22781292,1
23633025,1
23407772,0
22480367,1
23014473,1
23729647,1
23170494,0
22803781,1
22937018,0
23234246,1
23636425,0
23189969,1
22671250,1
23517207,0
22880245,0
22812368,0
22919080,0
22921905,0
23438735,1
22825100,1
22914343,0
23528087,0
23109586,0
23374458,1
22680759,1
22947356,0
22387743,0
23451213,0
23471503,1
23728814,1
22576766,1
23414997,1
23448702,1
23200564,0
22674527,1
22451794,0
23123230,0
22496839,1
23189660,0
22887056,0
23650848,1
23740504,0
22959520,0
22697860,0
23458365,0
23301949,1
22994563,0
23717315,1
22917777,1
22330354,1
23544760,0
23035149,1
23002992,1
22402108,1
22397094,1
22458286,1
22875695,1
22938182,1
22900153,1
23046850,1
22399955,1
22550536,1
22945008,0
23637177,1
23578680,0
23203254,0
23319003,1
22428339,0
22440075,0
22860626,1
22605391,0
23390319,0
23022217,0
23594832,0
23729696,1
22582753,0
22465752,1
22899973,1
23522313,0
22611138,0
23166418,0
22723581,0
23356335,1
22441919,1
22550683,0
23543214,1
22789515,0
22358322,0
23670002,1
23641890,1
22812301,1
22630521,1
22547208,0
22993473,0
22383427,0
22589398,0
22558713,1
23292025,1
22791177,1
23028855,1
23646061,1
22621592,1
23205734,0
23631574,1
23463611,0
22622882,1
23064973,1
23143688,0
22484202,1
22547642,1
23131541,1
22841525,0
23386407,0
22840010,1
22850627,0
22810411,1
22382363,1
22791288,0
23510299,0
23700690,0
22858256,1
23752880,1
23541560,0
23274714,0
22373996,1
23742400,1
22762607,1
23419606,1
22981601,0
23272879,1
22551210,1
23247911,1
22517898,1
23609338,1
23638158,0
23183405,1
22493832,1
23041714,0
23094841,0
22674216,1
22702979,0
23138254,0
23034178,0
23649750,0
22477134,0
22351965,1
22751179,1
23617109,1
22608285,1
22353350,1
22872222,1
22485523,1
22580487,1
23449336,0
23622301,1
22950282,0
22510564,0
22754570,0
22968643,1
22743161,1
23668492,1
23668160,0
23083018,1
23468814,1
22396902,0
22339751,1
22707190,1
22692183,1
22990992,0
23041089,0
23593835,1
23316717,1
23018291,1
22351309,1
23612185,1
22401765,1
22429572,1
22942287,0
23336819,1
23288441,1
22405255,1
22708901,1
23622286,1
23548500,1
22656365,0
23643134,0
22741152,0
23054497,0
23113932,1
22651719,0
22333374,1
23265487,1
23206419,0
23633920,0
22912525,0
23260176,0
23641874,1
22531807,0
22379299,1
23477119,0
22682123,1
23753188,1
22587708,0
23624147,1
22603362,0
23168340,0
22927355,1
23581165,1
22656435,1
23381755,0
22922706,1
23406168,0
23718056,1
22487486,0
22503675,1
22702067,1
23341553,1
23087156,0
22532015,1
23263860,1
22799033,1
22365739,1
23136342,1
23149621,1
22831794,1
22745147,1
22799511,1
23554114,1
23475313,1
23356534,1
23618992,1
23382363,0
22934849,0
22928830,0
22569183,1
23163113,0
22858779,1
22488920,1
23556053,1
23384978,0
23506773,1
23640201,0
23266565,0
22770765,1
23566630,0
22557059,1
23536012,1
23560461,1
23673643,1
23082069,0
23757896,1
22986395,0
23678525,1
23621770,0
23493120,0
23758890,1
23218763,1
22989329,1
22781366,0
22329686,1
23012248,1
23745202,1
23697913,1
23308399,1
22862216,1
22529468,1
23740926,0
23426317,1
23330605,0
22913738,1
22454773,0
22471899,0
22766113,1
23452630,0
22755303,1
22329965,0
23202744,0
23661349,0
23000644,0
22363974,0
22958566,1
22494080,1
23252928,0
22498231,1
23171831,0
23612791,1
22680292,1
22777411,1
22526601,1
23069196,0
23306635,0
23746346,1
22400239,1
23583776,1
22711199,0
22331470,1
22809701,1
22795505,0
22835246,0
22948987,1
22553145,1
22534933,1
23496659,1
22487349,1
23653410,0
22403752,0
22535049,1
22640706,1
22875387,0
22507289,0
23243124,1
23022724,1
23079759,1
23193968,0
23431462,1
22531907,1
22980163,1
23649679,0
22800337,1
23655676,0
23693406,0
23283210,1
22622546,1
23413449,0
22467137,0
22640705,1
23622877,1
23534675,1
22357048,1
22909651,0
22893675,0
23701993,1
23479692,0
23158550,1
23485873,0
23679635,1
22414614,1
23239939,0
23587590,0
23621717,1
22589325,0
22526784,1
22402972,1
23607970,0
23405167,0
23032985,1
23530701,1
22656636,1
22508274,1
23333305,1
23553961,1
23491036,1
23316659,1
23520008,0
22821294,0
22951591,1
23194809,1
22838882,1
22543093,0
22413188,0
23350281,1
23472380,0
23236021,0
23715943,0
23271688,0
22392678,1
23659501,1
22719365,0
22431031,1
23137030,1
22812367,1
23556621,1
23702048,0
23239429,1
22368671,0
23056448,0
22466484,0
23674869,0
22380173,1
22492470,0
22999001,0
22904234,1
22898313,0
22518708,1
23220644,1
23089771,1
23705627,1
22575355,1
22695568,1
22425348,0
23119514,0
23652400,0
22464946,1
23108617,1
23184922,0
22879221,1
23326373,1
22866491,0
22900963,0
22646771,1
23438103,1
23280161,1
23690667,0
22533820,1
23434940,1
22778660,1
23449185,1
22439980,1
22704487,1
23131510,1
23527026,1
23282974,1
23642117,0
23572874,1
22499389,0
22986286,1
23097970,1
22700523,1
23454284,1
23071490,0
23233812,1
22520968,1
22675711,1
22715147,1
22371501,1
22964212,1
22490812,1
23128780,0
22349597,0
23688953,1
23497455,1
23008299,0
23726511,0
23342952,1
22362541,1
22626309,1
23430867,1
23457701,1
23490717,1
23416715,1
23370767,0
23161665,1
22482289,0
22709703,1
23280874,1
23026283,1
23364391,0
23703298,0
22653482,1
23289186,1
22542920,1
23251605,0
23386252,1
23606642,1
23754192,1
22904859,1
23275112,1
23164993,0
22402321,0
23425816,0
22706063,1
22534030,1
22907988,0
22773214,1
23569855,1
22636570,1
23167913,1
23217419,1
23627818,1
22785797,0
23292150,1
23425871,1
22838576,1
22704352,0
22399143,0
22964841,1
23392055,0
22404951,1
22353482,0
23731538,1
22912287,0
22965039,1
23453143,0
22421236,0
23426172,0
22948943,1
22379728,1
22930479,1
22782940,1
22959610,1
23445630,1
23696074,1
22829364,0
22589606,0
23589203,1
23535499,1
23511226,0
23517989,1
22619741,1
22461825,0
23745050,1
23055132,0
22792553,0
22820987,1
23156929,1
22874775,1
23422697,1
22431213,1
23588511,0
23120587,1
23342316,1
23530476,0
22332530,1
23386237,1
23754241,1
23616113,1
22682385,1
23316384,1
23461058,0
23548174,1
23163823,0
22763267,1
22678176,1
22976696,1
23337785,0
23602497,0
23521796,1
23135176,0
22458824,1
23161253,1
23325099,1
23752823,0
22654229,1
22517682,1
23546770,0
23691614,1
22729385,1
23270105,1
22390226,1
23013009,1
22435801,1
22702953,1
22436347,1
22538188,1
23017814,1
22754206,1
22957052,1
23487067,1
23103514,0
22811304,0
23543309,1
23502250,0
22631866,0
22902247,1
23097067,1
23388370,1
23201991,0
22977543,1
23321517,1
23460747,1
23467011,0
23720720,1
23265876,1
22466805,1
23449540,0
22763237,0
22946330,1
23628017,1
22766221,0
22464801,1
22636122,0
22493168,1
22862215,0
22745282,0
23438768,1
23578169,0
22396550,0
22689107,1
23129863,0
22605504,1
22782760,1
23355754,0
23257715,0
23539455,1
23035832,1
23125083,1
22681662,1
23278491,1
22555664,1
23204679,1
23305812,0
23565716,1
23109908,1
23063010,0
22655094,1
22640060,0
23686586,0
22458638,1
23661432,1
22676303,1
23258856,1
22574207,0
23366460,1
22998405,1
23029954,1
22847962,1
22776961,1
23690735,0
22798038,1
23279122,1
22860690,1
22355319,1
23078687,1
22906667,0
22335724,1
23293163,0
22479532,0
22459844,1
22920109,1
23439882,0
22514970,1
22895783,0
22442529,1
22448906,0
23030606,1
22633211,1
23615180,0
23283651,1
23067323,1
22335610,1
23239698,0
22447892,1
23209566,1
23728122,0
23441739,1
22498111,0
23698631,0
22937563,0
23077642,1
23647194,1
22426607,1
23385033,1
23172800,0
23572018,0
23747555,1
23613493,1
22954262,1
23638595,1
22795094,1
22349830,1
22642725,1
23026543,0
23478706,1
23167548,0
23611112,1
23282861,0
22765638,0
23242086,1
23439392,1
23204847,1
23195322,1
23219454,1
22588818,1
22780931,1
23730438,1
23561132,0
23078616,1
23153777,1
23069932,1
23263753,1
22558542,1
22841455,1
23735438,1
22847865,1
22870594,0
23240497,1
23078027,1
23375678,1
23585248,1
23024751,1
22419310,1
23671613,1
22801325,1
23059970,0
23129577,1
22412301,0
22793357,0
23184753,1
22632245,1
23359051,1
23284203,0
22572359,1
22678185,1
22741581,1
23000152,0
23384168,0
22911150,1
23622102,1
22790515,1
22738937,1
23028922,1
23670242,0
22527338,0
22752762,1
23241645,1
23515644,0
23673041,1
23191666,0
22596353,1
22691257,1
23743835,1
23508687,1
23473531,0
22812830,1
23361072,1
22479731,1
23242408,1
22694630,1
23601981,1
22624342,0
22951010,1
23348419,1
23288853,0
22770115,1
22499414,1
22656686,1
23015882,0
23622562,1
23447287,1
23192507,0
23705726,0
23596120,1
23548058,1
22423559,1
22617130,1
23396985,1
23556866,0
22810434,0
23196020,1
22882408,0
23483449,1
22825470,1
22802901,1
22375403,0
23124595,1
23693957,1
23521307,0
22351386,1
23167116,0
23355599,1
23562783,0
23673225,1
23442339,1
22958576,0
23465435,0
22354382,1
23656602,1
23450723,1
23709663,1
22756159,1
23174699,1
23420744,1
23653864,1
22416285,1
22846845,1
22858082,0
23525100,0
23016755,0
22487481,1
23058994,1
23305500,1
22550495,1
22398795,1
23611910,1
23391519,1
22972559,1
22363134,0
23222677,1
23284622,1
23081380,0
22871999,0
23344123,1
22460601,0
23695771,0
23450790,1
22561838,0
22749289,1
23187038,0
22443615,1
23280591,0
22564187,1
22374448,0
23336846,1
22748192,1
23191881,1
23487703,1
22749207,1
22712460,0
23307113,0
23109727,1
22949238,1
23229687,1
23343246,0
23727343,1
23419594,1
22628629,1
23647686,1
22876726,0
23161689,0
22407475,1
23625526,0
23365743,1
22693675,1
22653800,0
23310964,1
23135230,1
22376884,1
23653761,0
23222931,1
23242750,1
23685313,0
22549830,1
22759812,0
23178072,0
23327715,0
22879869,1
22950197,1
23119785,0
23118210,1
22695405,0
22939589,1
23223218,0
23109808,1
22958197,0
23590558,1
23389796,1
23263276,1
23290627,1
23406302,1
23575164,0
23656580,0
23108654,0
22423304,1
22940259,1
23389438,1
23172613,1
23676738,0
23228765,0
22679513,1
23206836,1
23452714,0
23710950,0
22559178,1
22985437,1
22516233,1
22716532,1
23052014,0
22487391,1
22580826,1
23260805,1
22634666,1
23507075,0
22354522,0
23213842,0
23118135,0
22994501,0
22933769,0
23545498,0
22400015,1
22720660,1
22342961,1
22917321,0
23592262,0
22533468,0
22580020,0
23099855,0
22692369,1
22676590,1
23440756,1
22551551,1
22804413,0
22829874,1
22863246,0
23646371,1
22542229,1
23279792,1
22613118,0
22953225,1
22392137,1
23234271,1
22450590,0
23060348,0
23614519,0
23455521,1
22960455,1
23020564,0
23398993,0
23624285,0
22982059,0
22714054,0
22629732,1
22578349,0
22589102,1
23206662,0
22725572,1
23361909,0
22400220,0
23622085,0
23580897,0
23668909,1
23200814,1
23552432,0
23084975,1
22607199,1
22592251,0
22908757,1
22436250,0
23339409,1
22373450,0
23633432,0
22830292,0
22726836,1
22561700,1
23271570,0
22898330,0
23322400,1
23014778,1
23756198,1
23071022,1
23539849,0
22853459,1
23311161,1
23598702,1
23659922,0
22382053,1
23530059,0
22709207,0
22506245,1
22511257,1
23673740,1
23664135,1
22726830,1
22994838,0
22647067,1
23227844,0
23679001,0
22680520,0
22512663,0
22767097,0
23643174,0
23661694,0
22690059,1
22502666,1
22360224,1
22326990,1
22574903,1
23149539,1
22474900,1
22636999,1
23537086,0
22551392,0
22918885,1
22715440,0
22739388,0
22884757,1
22981173,1
22932825,0
23632078,0
22590321,1
23200073,1
22798222,1
23260292,1
22400470,1
23604211,1
23324961,0
22940738,1
23669036,1
23728489,0
23612309,1
23598422,1
23268706,1
23250442,0
22743320,0
22984268,1
23249159,1
23136036,1
23531757,0
22568987,0
23471221,1
23722554,1
23487573,1
22824748,1
23333208,0
22332805,1
23749189,0
23545685,0
22905890,0
23140766,1
23336277,1
23203771,1
23109422,1
22868132,1
23129579,1
23562392,1
22409227,1
22799192,0
22701102,1
23309387,1
22740844,1
22664245,1
22882967,1
22413643,1
22598721,1
23750723,1
23611219,1
23288190,1
22672615,1
22532134,0
22478066,1
23130357,1
22900358,1
22510377,1
23414502,1
22583124,0
23386262,0
23034304,1
22459376,0
22637527,0
22762625,0
22921432,0
23074805,1
22573992,1
22644754,1
23007742,1
22688731,1
23028561,0
23392767,1
22887562,0
22485625,1
23732291,0
23345363,1
23043966,1
23391582,0
23462932,1
23140842,0
22609566,0
22403569,1
23665466,1
22812654,0
23388515,1
22459682,0
23746827,0
23698517,1
22597596,0
22338359,0
22431527,1
22839912,1
23118809,0
22722823,1
23521997,0
23192967,1
23007547,0
23184721,0
23566392,1
22726775,1
22510343,1
23278116,1
22722541,0
22836555,0
22530540,1
22408481,1
23185315,1
23512527,0
23623634,0
23174009,0
23583107,0
23102271,0
22839507,1
22388408,1
23514637,0
23553064,0
22630862,1
22428948,0
23476042,1
23267191,0
23025361,1
23636078,0
22733978,0
23283428,1
23222817,0
22932613,0
23222512,1
22502990,1
22609557,1
22980989,0
23137498,1
23498579,0
23532979,1
22482011,0
22733560,1
23004912,1
23199351,0
22803373,0
22902500,1
23258918,1
22784952,1
23043444,0
23197479,1
23526282,1
22382068,1
22402681,1
23455661,1
22623761,0
23472089,1
23143994,1
22487976,1
23586853,1
23551716,1
22804135,1
23274972,0
22573293,1
23551113,0
23047256,1
22837701,0
22685530,0
22799574,1
22961723,1
22777692,1
22881495,0
22873228,1
22759290,1
22539949,1
22941592,1
22761714,0
23241251,1
23626611,1
23355409,0
22366133,0
22378558,0
23637459,1
23455241,1
23667880,1
22606900,0
22873390,0
22646153,0
22658700,0
22350952,1
23512526,0
23176875,0
23017365,0
23080001,0
23024239,1
22484950,1
22963098,1
23079951,1
23299954,0
23127252,0
23751185,0
22579853,0
22595426,1
23606073,0
23024576,1
22607590,1
22725082,1
23551477,1
23354410,1
23136636,0
22891211,1
22563102,0
22763681,1
23482901,1
22576528,1
23152984,0
22666007,1
22443099,1
23294815,1
23229908,1
23506452,0
22624222,0
22615260,0
22445054,0
23264047,1
22424868,1
22466503,0
23737858,1
22369995,1
23432217,1
22389538,0
22453240,0
23198815,0
22544458,0
23509535,1
22427456,1
22607135,0
22533812,0
23478691,1
22855508,0
22705407,1
22769546,0
22865736,1
23604511,0
22536629,1
23402319,0
22413871,1
23204329,1
23163791,1
23596931,0
22739803,0
23460250,1
22530002,0
22408113,0
22429144,1
23489746,1
23674011,0
22617020,0
23086049,1
23390391,0
22745814,0
23750084,0
22410777,1
22753182,1
22786457,0
22815201,0
22502987,1
22734074,1
22579896,0
23189298,0
23739970,0
22762793,1
23193333,1
22982094,1
23496548,1
23599492,0
23195367,0
23279590,1
22728584,1
22522172,1
23678397,1
22573346,1
22733254,0
22509403,1
23321152,1
23434771,0
22742108,1
22902748,0
23016854,1
23580913,0
22847973,1
23645527,1
22658931,1
22421708,1
22454921,0
22615388,0
22885777,1
22921201,1
22555326,0
23384951,1
23051893,1
23572645,0
23051317,1
22358262,1
23189861,1
23549378,0
22927918,1
22541661,1
23701309,1
23216007,1
23450809,1
23757550,0
22575631,1
23167288,1
22707695,0
22377675,1
22484332,0
22585173,0
23705515,0
22955046,1
23467781,1
22516919,1
22597986,1
23111149,1
23694910,1
22778590,1
23050095,1
23601803,1
22972613,1
22419293,1
22533153,1
22466967,0
22579680,1
23139739,0
22617244,1
23706798,1
22620323,0
23051007,1
23566449,0
23365448,0
22870403,1
23229601,0
23494105,1
23601491,0
23730767,0
22563842,1
22843618,1
22989345,0
22724650,0
23554990,1
23255985,1
23032681,1
22725297,0
23560824,1
22578075,0
23732282,0
22624926,1
22548741,0
22941263,1
22920778,1
23653520,1
23385920,0
23588008,0
23401855,0
22659889,1
23057856,1
22809468,0
22327552,1
23740927,0
22581591,1
22926071,1
23268242,0
23024820,1
22640378,0
23535066,0
23561921,0
22628998,1
23147017,0
23395562,0
23644558,1
23019770,1
23092281,1
23001241,1
22527752,1
23729912,1
22496222,0
23429723,0
22917513,0
23358949,0
23158863,0
22994993,0
23026385,0
23029066,1
22724247,1
23178181,1
23534564,1
22993009,1
23178683,0
23025914,1
23295059,0
22719172,0
23268603,1
22555872,1
22493881,0
22475641,0
22786916,1
22810879,1
22354979,0
22976306,1
22335639,0
22337822,1
23466728,0
23568810,0
23737571,1
22414866,0
22649392,1
23339329,0
23203694,1
23286419,1
23316688,1
23671960,0
23283416,1
22889791,0
22521971,1
23088058,0
22544097,1
22996888,0
22493299,1
23255150,1
22661432,0
22785777,1
23482995,1
23460496,1
22898697,1
23590058,0
22396506,0
22926229,1
22889131,0
22554225,1
23343607,1
23550014,0
22918507,1
22643248,1
22793335,1
22861312,0
22762244,0
23260875,0
23578556,1
22406553,1
22799313,0
22774548,1
23397747,1
22845509,1
22391265,1
22711892,0
23751882,1
22631436,0
23170529,1
22535064,1
22652139,1
22883190,0
22913576,0
23648225,0
23405688,1
22357957,1
22783164,1
22816021,1
23391190,1
22513405,1
22819540,1
22590154,1
22987690,1
22714880,1
22639520,0
22798586,0
23382150,0
22480627,1
22480002,0
22791770,1
23756328,1
22899261,1
23329305,1
22961267,0
22571378,0
22512165,1
22823491,1
22933603,1
22949639,1
23190053,1
23724836,1
23299563,1
23292116,1
23611297,0
23567636,1
23553271,1
23433558,1
22653866,0
23522340,0
23179155,1
22690078,1
23410623,1
22731457,1
23520815,0
23053807,0
22977021,1
22504358,1
23272299,1
23380148,1
23420069,1
22502113,1
22665208,0
22570746,1
23449958,0
23740020,1
22440984,1
22567499,1
23100034,1
23039167,1
22506252,1
22933358,0
22892839,1
23627740,0
22701474,1
23614568,0
23186017,1
23509598,1
22615113,1
22782956,1
22681682,1
22334465,1
22526902,0
23162764,1
22988279,0
22702437,1
22593944,1
22860266,1
22744570,1
23594948,1
23414534,1
23295937,1
23550265,0
22949802,1
22963131,0
23751750,0
23423542,0
23162900,1
22770341,1
23159334,0
23220488,1
23609549,1
22907509,1
22950934,1
23304984,1
23515482,0
23608604,0
23613164,0
22410331,0
23393642,1
23141230,0
22921716,1
23047453,1
23222399,0
22870490,0
23445687,0
23167307,0
22517608,0
22874323,1
22783989,1
23570059,1
23604811,0
23435310,1
23380847,0
23495897,0
23690619,1
23360285,0
22981537,0
23369059,1
23482023,0
23719713,1
23658099,1
22375525,1
23664108,1
23213671,0
22451855,1
22806141,0
22334597,0
23272972,0
23352077,0
22463147,1
22387184,1
22522844,1
23008203,0
23598123,0
23474082,0
22592820,1
22545752,1
23681507,1
23439698,0
22834932,0
23744635,0
23647818,0
23125687,1
22807121,1
23739155,1
23109660,1
23294387,1
22744363,0
23644969,1
22515537,1
23211072,0
23538598,1
22665455,1
22452754,1
22724574,0
23198038,1
23445322,1
23146629,0
22923797,1
23132009,1
22879538,1
22516544,1
23480678,0
23586867,1
22876395,1
23609690,0
22709781,1
22451817,1
22378053,1
23393824,1
22669977,0
22806711,1
22863175,1
22828372,1
23513314,1
22937300,1
22970045,0
23107477,1
22639924,1
22930353,0
22703253,0
22934465,0
23198717,1
22446552,1
22570503,1
23458037,0
22827449,1
22994010,1
22919302,0
23407705,1
23084900,1
22918261,0
22973171,1
23066730,1
23674858,0
22389084,1
23014847,0
23136142,1
22566806,0
22558759,1
23694814,1
23275907,1
23017829,1
23620361,1
23473674,1
22986878,1
23177192,1
23759625,0
22983627,1
23670424,1
22706180,1
23216198,1
23435537,0
22725098,1
23322796,0
23306894,0
23087418,0
22881431,0
22739198,0
22802798,0
22383827,0
22499551,1
23683515,1
22798327,0
23223443,1
22909678,0
22763131,0
23147990,1
23714929,0
22560291,1
22825768,1
22359503,1
22551062,0
22947809,0
22892508,1
22492827,1
23675049,1
22562187,0
23427032,1
23343451,0
23593132,1
23504208,1
22800977,1
22401103,1
23590258,0
22708266,1
23118664,1
23408706,0
23217836,0
23405211,1
22803479,1
22841221,1
23121106,1
23073370,0
22575787,1
22644604,1
23265405,1
23474528,0
22387628,1
23087856,1
22636402,1
23506399,1
22644106,1
23429999,1
23467862,1
23347590,0
22901339,1
23304618,0
23189252,1
23431970,1
22755840,1
22696142,0
23655638,1
23095213,1
22414803,0
22382122,1
22948260,1
23252279,0
23147447,1
22578148,1
22855205,0
23007526,1
23149219,1
22400123,1
23360202,0
23455254,0
23351497,1
23643110,1
23058974,0
23637873,0
22905029,0
22793395,1
23408399,1
22649495,0
22827696,1
22822686,0
23088872,1
22788932,0
23757646,1
22714506,1
23432169,0
22648550,1
23280978,1
23497150,0
23008639,1
23678343,0
23612111,1
22861204,1
23553503,1
22484925,1
23492278,0
23697214,0
22826625,1
23116987,1
22809841,0
22414954,0
22939763,0
22331494,1
23414879,1
23074660,1
22726065,1
23443935,0
23533557,1
22628515,1
23020647,0
22722213,1
23396995,1
23038219,1
23337427,1
22999752,1
22641791,0
22580445,0
23318775,1
23275733,0
23561616,0
22910775,0
22515925,1
23475549,1
22572260,1
23200067,0
23123007,0
23672317,1
23489772,1
23418082,1
22397423,1
23293026,1
23254924,1
22815610,1
23321505,1
22372164,0
23433029,0
23550554,0
23328098,1
22512305,1
22883291,1
23232063,0
22654881,1
23000910,1
22413519,0
23127590,0
23718425,0
23177805,1
22959979,0
22950871,0
23092348,1
23383375,1
23257709,1
23219065,0
22421245,1
23008162,1
22453973,1
23723921,0
23420242,1
23101701,1
22414438,0
23549800,0
23043291,0
23594159,0
23594768,0
23338404,1
23373720,1
23361727,1
22407384,1
22329061,0
23137093,0
22374872,1
23063238,1
22396736,0
22642636,1
23373756,1
22745108,1
23385984,1
23309720,1
22529705,0
22403488,0
22816114,0
22348487,1
22673763,1
23417019,1
23445412,0
22907083,1
22493008,0
22984157,1
22673097,1
22879954,0
22812971,1
22652282,1
22837389,0
23485030,1
23695732,1
23730159,1
23457862,0
23180908,1
23615042,1
22877961,1
23118578,0
22736812,1
23344994,0
22962363,0
22817191,1
23669442,0
22932588,1
22372751,1
22924082,0
23097698,1
23368062,0
23293944,0
23257940,1
22642672,1
22864386,0
22700972,0
22928699,1
23664292,0
23243297,1
23536738,0
23258101,1
22414687,0
23732616,1
23177089,1
23107261,1
22877946,1
23715839,1
22759907,0
22905083,1
23400519,1
22831686,1
23269763,0
22722138,1
22615341,0
22906252,1
23481765,1
22354048,0
22785360,1
23587336,1
22507704,1
22463530,0
22671365,1
22382694,0
23562132,1
22817974,0
23385150,0
23537961,1
23646019,1
22404658,1
22857995,1
22780813,1
23466898,1
22790155,0
22367226,1
22624314,1
22755383,1
22711145,1
23731829,0
22828492,0
23008377,1
23470567,1
22341737,1
23103627,1
22489629,1
22391224,1
23484717,1
22901671,1
22360650,1
22403597,0
23331408,0
23254836,0
23444680,0
23041294,1
22874448,1
23285475,0
23216616,0
23028746,0
22814180,1
22880564,0
22474335,1
23536703,0
23223728,1
22710260,1
22781112,0
22731562,1
23488871,1
23318321,1
23489726,0
23011724,1
23218826,0
22682603,1
23186767,1
23661018,0
22612958,0
23202435,1
23214959,0
23634110,1
22677197,1
23060318,1
22579621,0
23217005,1
22892808,1
23286186,0
23727490,1
22609589,0
22548078,0
23520923,1
23720584,0
22546942,1
23482417,0
23147002,0
22589155,1
22444906,1
22518025,1
22719902,1
22451349,0
23001022,1
22413091,0
23711137,0
22842897,0
22725704,1
22880250,1
22555070,0
23198434,0
22970492,1
22549218,0
23505203,1
23309224,1
22996887,1
23738225,1
23584065,1
22630133,1
23600840,1
22390788,1
22865605,1
23117101,1
22976779,1
23423954,1
22476314,1
22783712,1
23304285,1
23207231,0
22508213,0
22720373,0
23460897,1
23446030,1
23025823,1
22403154,0
23756844,0
23540760,1
23084343,1
23519710,1
23511225,0
23460375,1
23532695,1
23378032,1
23356736,0
23296674,0
23394719,1
23259144,0
23436015,1
22369719,1
23421803,1
23403997,0
23441592,1
22402731,1
23090629,1
23554406,1
22959639,1
23016662,0
22947740,1
23484521,0
22665860,1
23284635,0
22884675,0
22884973,1
22877737,0
23480524,1
22523485,1
22902677,1
23491466,1
23370715,0
23065751,1
22744554,1
23580935,0
22585532,0
22755653,1
23597507,0
23670341,1
22644316,1
22612180,1
22620903,0
22994002,1
23292734,0
23631478,0
23324418,1
22341144,1
22575367,1
22788377,1
23701870,0
23393742,0
22932693,0
23743222,1
23676334,1
23391001,1
23101589,0
23406751,0
23725828,1
23320215,1
23478645,0
23436780,0
22936098,1
23374875,1
22415568,1
23676623,0
23531515,0
23500585,1
22741954,1
22521531,0
23690347,1
23360934,0
22738545,1
23528673,0
22975448,1
22750897,1
23268138,1
22478246,0
22694560,1
23261285,1
22876898,1
23399889,0
23280863,1
22738591,1
23471018,0
23194432,1
23476764,1
22523246,1
23739813,0
23671911,0
23597998,0
22801944,1
22384218,0
23625666,0
23327497,0
23230082,1
22737372,0
22445462,1
22902039,1
23070808,1
23525941,0
23469753,1
23150173,0
23761600,1
23426054,0
22708390,0
22529350,0
22424704,1
23652247,1
23306481,1
22449824,1
22680362,1
22733575,1
22495369,1
23237485,1
23349228,1
23620373,0
23564468,1
23131687,1
22375999,0
23220391,0
22694920,1
23139678,0
22490681,1
22707981,1
23376493,1
22507415,1
22525520,1
22446240,0
22996455,1
23024594,1
23108535,0
23108775,1
22953815,1
22658776,0
22358213,0
22532521,0
23067264,0
22793597,1
23682087,1
23354727,1
23390603,1
23652259,1
22971282,1
23097078,0
23006046,0
23653048,1
22520929,0
22598766,0
23110860,1
22709723,0
22425420,0
22495533,1
22617403,0
23156238,0
22640459,0
23231333,1
23254749,1
23507894,1
23043401,1
23402677,0
22518477,1
22855566,1
23069478,0
22442437,1
23007362,1
23755678,0
22990425,1
23288888,0
23530107,1
22845788,0
23259928,1
23389330,1
23469601,0
23379931,1
22733866,0
23457453,0
23728691,1
23442069,1
23198159,1
23656570,0
22883680,1
23649407,1
23010439,1
22858027,1
22572339,1
23657361,0
23126621,0
22853757,1
22921128,1
23592695,0
22886863,1
22739366,1
22397847,1
23309776,1
23315523,1
23688923,0
22956060,1
23608288,0
23449511,0
22868176,1
22532868,0
22547220,1
22553767,1
23332336,0
23463379,0
22409952,1
22884390,1
23546724,0
22754162,1
22611956,0
23242877,0
23714153,0
23620952,1
22369063,1
23049765,1
23754538,1
23153526,1
22960652,1
22446893,0
23588941,1
23095458,0
22781505,1
22446929,1
23525370,0
23584259,1
23325484,1
23441306,1
22456191,1
23713238,0
23113585,1
23410906,1
22516491,1
23629101,1
22622850,1
23709450,0
22740151,0
22914518,0
23265433,1
23010688,0
23310307,0
23069116,1
22687750,0
22361102,1
23545744,0
22629649,1
23457079,1
22742872,1
22422617,0
23062619,0
23525936,0
23441264,1
22538286,1
22938769,0
22475275,1
22446584,1
22964290,0
22470810,1
22473745,1
22601609,1
22663077,1
23288627,0
23585414,1
22357910,1
23277248,0
22349941,0
23305913,0
23498329,1
23385635,0
23078223,1
22888744,1
23469563,0
23499348,0
23486456,0
22486721,0
23109163,0
22543579,1
22342389,1
22951254,1
23367577,1
22737570,1
22883818,0
23474011,1
23523942,0
23558746,1
22439435,0
22951557,0
22754508,0
23468758,1
22891516,0
22674283,1
23062002,0
22409352,1
22760601,0
22940753,1
22699621,1
22807805,1
23576462,1
23723444,0
23529722,0
23385143,1
23656053,0
23316972,1
22881966,1
22740772,1
23297084,0
23275226,1
23760149,0
22801633,1
23026921,0
22600673,1
23378570,1
23043792,1
22636506,1
22537329,1
22693285,1
22500979,1
22652375,1
22620448,1
23265225,1
23212494,1
22341822,1
22863718,0
23054463,1
22648351,0
23274374,1
23541722,1
23259671,0
22777246,1
23638948,1
23513742,0
23682828,0
22555252,1
23183541,0
23269527,1
22535391,1
23595003,0
22830966,1
22903594,0
22885655,1
22866724,1
22408232,0
23247821,1
23705931,0
23622894,1
22694330,0
23308334,1
23169441,0
23419044,1
22608132,1
23285274,1
23171213,1
23488611,0
23128290,1
22332770,1
23476286,0
22510290,1
23416263,0
23580476,1
22521541,0
23346701,1
22740991,0
22365186,1
23104008,0
22772716,0
23672519,0
23698507,0
22342138,0
22408546,0
22376204,0
23414026,0
22480361,0
23552975,1
22980788,0
22562456,0
23472879,1
23692620,1
23646370,1
22843286,0
22340266,0
23112270,1
22520302,0
22557276,0
22446137,1
22523082,1
22788299,0
23043658,1
22330113,0
23473358,1
23099399,0
22588648,0
23225109,1
23051759,1
23494803,1
22458718,0
22702510,0
22537561,0
23635778,0
23630528,0
23459554,1
22386375,0
23005087,1
23736001,1
23123660,1
22600044,0
22718689,1
23519345,1
23363558,1
23450711,0
22794464,1
23193187,0
23432095,0
23122441,1
23157723,1
23316383,1
23026444,0
22403325,1
22594605,0
22816529,0
22856539,0
22994532,0
22765393,1
23655941,0
23074139,1
23165224,0
23117850,0
23720563,1
22846814,1
22778468,1
22815320,1
22938792,1
22559582,1
23302231,1
22436638,1
22489496,0
23003408,1
23549173,1
23044474,1
22495061,1
23588944,1
23715479,0
23505674,1
23719350,0
23385530,0
22592373,1
22383317,1
23022435,1
22815521,1
22875347,1
23618216,1
22466671,1
23381492,1
23244812,1
23342025,1
23434687,0
23179165,1
23262486,1
22552982,1
23715984,0
23474325,1
22765535,0
23367507,0
22714711,0
23133376,1
23633232,1
23624734,1
22343634,0
23306847,1
23431607,0
22715223,0
23262173,0
22795618,1
22840929,1
22351912,1
23587817,0
22372795,0
23550930,0
23200506,1
23585010,1
23163438,1
22685819,1
22891512,0
22736797,0
23127537,0
22949685,0
22370554,0
23491591,0
23070901,1
22591494,0
22801966,0
22820588,1
23361686,1
23738407,1
23573667,1
23147567,1
23729581,1
22489011,1
23253538,1
23649445,0
22411173,0
23399914,0
23480659,1
23259911,0
23530037,0
23073770,1
22934937,0
23096986,1
22877819,1
23308452,0
22407852,0
23407907,1
22867451,0
23213659,1
22993791,1
22494559,0
22912756,1
22638185,1
22652860,0
22516008,1
23653991,1
22854211,1
22412992,1
23562415,1
23482619,1
23024652,0
23122986,1
23608442,0
22614733,1
22966908,0
23179345,0
22685396,0
23356330,1
22936387,1
23747934,1
23502859,1
22883263,1
23210467,1
22485755,0
23625338,1
22537921,1
22633436,1
22619419,1
22953353,0
23168434,1
22890485,0
23335507,0
23138140,1
22624659,0
23250452,1
22632633,0
23652358,1
23276310,0
23023327,1
22424693,0
23362031,1
22496402,0
22558476,0
22903965,1
23401053,1
23159505,0
23588474,1
23214307,1
22332545,0
23023435,1
23483827,1
23017930,1
22998938,0
23446213,1
23360879,0
23625717,0
22748483,1
23713387,0
22885711,1
23031642,1
22939993,1
22652284,0
23515046,0
22362297,0
23453142,1
22415039,1
22494073,1
23119128,0
22866652,1
22999337,1
23695828,1
23611005,0
22665112,1
23003365,1
23330610,1
23684550,1
22616665,1
23555069,0
23318797,1
22674731,1
22822298,1
23383078,0
23069314,1
23192358,1
23051301,1
22558499,1
23286243,0
23690702,0
22499513,1
23138171,1
22680858,1
23634878,0
23759485,1
23340969,1
22930564,1
22403454,0
22935754,0
23587182,1
22418101,1
22537744,1
22704034,0
23340470,1
22985084,1
22500866,1
23661930,1
23606646,1
22764759,0
23717572,1
23295072,0
22396331,1
23708718,1
23504525,1
22811111,1
22958008,1
23146088,1
23230804,1
22854955,1
23233325,1
22963449,1
23309864,1
23354792,1
22798562,1
22923652,1
23121150,1
23024095,1
22977308,0
22616420,1
22970252,0
22910012,0
23377805,1
22969773,1
23079939,1
22726426,1
22422107,0
22952464,0
23441489,0
23609048,1
22682275,1
23603401,0
23070700,0
23703372,1
22659364,1
22648946,1
22763654,1
23066575,1
22677829,1
23551002,0
22330995,1
23149781,1
23514830,1
23625787,0
22952085,1
22501873,0
22475210,1
23019548,1
22652016,1
23072608,0
22567266,1
23655680,0
23705485,0
22915847,1
23392058,0
22929900,1
22981744,1
22957744,0
23226206,1
22434430,1
23585054,1
23595771,1
22615536,1
22655979,0
22794099,1
22711668,1
23108453,1
22911824,1
23499817,0
23678349,0
23433718,0
23329606,0
23456790,1
22709265,1
23747889,1
22765456,0
22880700,0
22793405,0
22330546,0
23488849,0
22412701,0
22344616,1
23703796,0
22769516,1
22631038,0
22368359,0
23043437,1
23268639,1
22598108,0
22742727,1
22752433,1
23530400,0
22897492,0
22548286,0
23678217,0
23192719,1
22814763,1
22930532,1
22371281,1
22649534,1
23424870,1
23587959,1
22667722,0
22374004,1
23297871,1
22966186,1
22880769,0
22359592,1
23270917,1
23360878,1
23731006,0
23057441,0
22487784,0
23357605,0
23520007,0
22571183,0
23197495,1
22643986,1
23512605,0
23601715,1
22657899,1
23241460,1
23213240,0
22987200,0
23173778,0
23054348,0
22624616,1
22740178,1
22806227,1
23310268,1
22776944,1
23631383,1
23231307,1
23641991,0
23260215,1
22904924,0
22786504,1
22735054,0
22604597,1
22369709,1
23250179,1
23375822,0
22494763,1
23144685,0
22332182,1
23192413,1
23068325,1
22543026,1
22761594,1
23734842,1
22730356,1
23442914,1
23296244,1
22887037,1
23046822,1
23673843,1
22373847,1
22773620,1
23134495,1
23544442,1
23391764,1
22538910,0
23318609,0
22357315,1
23420476,1
23323686,0
23370981,0
22897899,0
22414129,1
22601283,0
23306005,1
22543357,1
23614963,1
23676889,1
22482253,1
23243643,0
23098625,1
23415638,1
23684485,0
23302733,1
22606515,1
22794449,1
22468417,0
23582696,0
22939058,1
23291040,0
22695921,0
23716800,1
23558259,1
22603240,1
22487471,1
23106798,1
23380440,0
22821092,0
22391650,1
23387807,0
22445244,1
22631302,1
22727749,1
23195886,1
22708107,0
23648168,1
23015695,1
22948496,0
22903318,0
22695013,0
22434369,0
22378925,0
22851119,0
22672556,1
22399151,0
23753758,0
22904544,1
23563251,0
22648721,0
22960905,0
23580306,1
22988015,1
23555836,0
22487010,1
22609513,0
22356384,1
22613695,1
23719958,1
22586867,1
22357488,0
22800875,0
22659082,0
23080450,0
22873106,1
23749229,0
22883718,0
22569520,1
23138660,1
22426319,0
23165536,0
23270065,0
22732519,1
22554505,1
23015951,1
22529607,0
23670459,0
22947157,1
23205724,0
22550399,1
22606659,0
22596954,1
22449670,0
23435381,1
23661355,1
22393318,0
23638453,0
23333970,0
23705740,1
23071556,1
22613160,1
23297394,1
22655272,0
23311355,1
22785908,0
23461510,1
23057675,0
22855942,0
23010138,1
23677542,1
22615977,1
22510809,1
23507224,0
22419214,1
22475509,1
22523175,0
22811093,0
23314165,0
22505213,1
23417471,0
22451772,0
23256485,0
22590983,1
23487096,1
22798639,1
22687482,1
23707303,1
23123108,0
22620038,1
23094681,1
22390149,0
22763470,0
22787292,0
23541059,1
22738412,0
22900676,0
23467991,0
22479998,1
23274764,1
23226050,1
22353812,0
22591422,1
23741201,1
23292816,0
22747871,1
23453375,0
23243800,1
23050621,0
22689692,1
22591134,1
22630967,1
22500926,1
23568013,1
22714616,1
23131704,0
23002779,1
23507349,1
22657589,1
22736844,0
23676638,1
23625334,0
22588316,0
23505459,0
23253197,1
23455803,1
23456507,0
22925941,1
23667671,0
23373352,1
23633505,0
23397556,1
22627699,1
22938974,1
22391033,0
22511395,1
23685123,1
22592364,1
22834682,1
22527413,0
23386399,0
23198742,1
22951638,1
23084004,0
23343479,1
22763700,0
23081135,0
23045215,0
23439864,1
22373839,1
23393886,1
23438219,1
23138030,1
23611145,1
23396961,0
22424588,0
23269712,0
23324190,0
22638436,1
22630464,0
23491399,1
22702253,1
23214026,1
23639388,1
22409493,1
23401172,0
23141504,1
23134818,1
22736898,1
23216824,1
23065420,0
22778679,1
22363378,0
23602295,1
23040172,0
23150401,1
23513255,0
23713919,1
23167604,0
22437987,0
23748369,1
22567461,0
22353066,1
22917839,1
22630297,0
23196829,1
23204604,0
23147520,1
23741413,1
22543058,1
23514490,1
23036997,0
23427824,0
22729160,0
23031267,1
22697266,0
23244703,1
23757481,0
23489573,1
23403561,1
23043736,0
22443966,1
23478353,1
23351063,0
22978110,0
23355115,1
22489153,0
23169481,1
23509599,1
23066481,0
23029077,0
23117627,1
23340784,1
23183607,1
23250678,0
23092723,0
23038638,1
23549706,0
23156819,0
22827710,1
23655080,1
22920945,0
23356123,0
22427126,1
23003597,1
22595773,0
23727644,0
23190207,0
23729238,1
23398057,1
23660087,1
22918810,1
23562400,0
23546194,1
23303076,0
22548578,1
23695110,0
23759766,1
23497453,1
22701147,1
23583671,1
23742895,0
23406363,1
23512536,1
23643843,1
23039471,0
23383277,1
23755033,0
22930237,1
23205075,0
23261010,0
22471889,0
22700352,1
23505090,1
22901948,1
23087220,1
22870344,1
23559443,0
23360382,1
22494503,1
23627997,1
23068707,0
23333053,1
22718710,0
23306388,1
22756739,0
23679166,1
23153170,1
23749880,1
22573970,1
23218601,1
22718538,1
22762435,1
23619135,0
22968774,1
23035070,1
22589667,0
22359040,0
23461472,1
22712703,1
23741553,1
23274474,1
23246617,1
23353262,0
23387147,0
23580358,0
23725312,1
22490938,1
22681079,0
23149827,1
23268925,1
22456094,0
23394527,0
22721696,1
22595603,0
22833515,1
22902750,1
23520032,1
22758873,1
22929080,0
23260183,1
23246099,1
23122875,1
23298012,1
22943686,1
23712256,1
23183571,1
23397058,1
22764863,1
22475517,1
22812819,1
22426405,1
23347594,1
23391974,1
23494849,1
23588021,0
23087759,1
23713422,1
22611575,1
22669188,0
23696325,0
22826432,0
23131457,1
22524961,0
23030577,1
23194556,0
23018245,0
22538181,1
23461224,0
22815945,0
23439363,1
22633150,1
23756839,1
23181128,1
23442028,1
23341998,1
22818158,1
23196294,0
23338409,1
23292024,1
22847031,0
23166607,0
23429975,0
23542297,1
23007602,0
22737557,1
22359197,1
23467524,0
22346372,0
23443146,1
23760494,0
23486648,0
23759537,1
22782008,1
23333724,1
23119462,1
22913983,1
23533359,0
22475077,0
22582596,1
23423918,1
23696683,1
23257055,1
23299329,0
23229783,0
23389674,1
23134397,1
22421181,1
23081488,1
23088932,1
23394678,1
22503216,1
23361921,1
22556134,0
22504666,1
23186100,1
22518806,0
22537775,0
22936411,1
23287347,1
22368402,1
22350579,1
23677651,0
22944070,1
22965267,0
23407300,0
22755758,1
22496446,0
22970200,1
23555732,1
23285850,1
22424539,0
22791243,1
23539038,0
22514850,0
22878972,0
23474719,0
22662504,1
22723439,1
23107080,1
22390889,0
23326219,1
22413826,0
23045758,0
23698630,1
22962274,0
23327171,0
22429562,0
23571616,1
23048318,1
22700530,1
23417721,1
23409919,1
23309182,0
23527855,0
22580450,1
23576527,1
22736227,0
22755652,0
22594441,1
22436762,0
22411921,0
22778249,0
22929229,0
22684564,1
23260244,1
23160594,1
22783360,1
22496383,1
23276445,1
23687133,1
22427648,1
22623781,0
23710941,0
23689698,0
22340496,0
23733182,1
22586037,0
22378062,0
23066783,1
22358025,0
23135632,1
23289510,1
22678519,1
22503152,0
23179991,0
23083803,1
23681105,0
22849485,1
23591724,1
23401202,1
23466115,0
22780708,0
23734048,1
23154764,1
22889958,0
22846818,0
23300334,0
23727387,0
23524081,1
23171791,1
23027068,0
22677805,1
23126988,1
23123999,0
23086040,0
22365136,0
22669701,0
23089052,1
23066365,0
23428910,1
22632451,0
23713463,1
22547144,1
23476202,0
23687140,1
22468051,1
23664104,1
22672048,1
22629584,1
22902077,0
22711187,0
23185009,0
23169051,1
23054110,1
22665135,1
23222040,1
22908025,0
22534017,0
22409894,1
22491648,1
22689920,1
22831527,1
23494493,0
23382042,1
23067557,0
23522880,0
23022827,0
22847955,1
23431684,1
22472488,0
23647042,0
22622773,1
23657649,0
23595811,1
22467532,1
23456028,0
23622109,1
22419964,0
23521803,1
22764900,0
23627858,0
23738381,1
23562199,0
23146086,1
23689167,0
23015304,1
23582922,1
22809532,1
22358219,1
22975146,1
23710929,0
23009597,1
22334211,1
22740320,1
22804187,1
22639966,1
22512789,1
23191283,1
22581035,1
23413427,0
22786899,0
23276057,1
23103900,0
23737853,1
23200736,1
23524813,1
23486100,0
22432660,1
22454516,1
22847533,1
23660537,1
23175265,0
22366057,1
22423295,1
23379028,1
23309304,0
23473246,1
23176752,1
23211315,1
23563108,0
23240861,0
23341771,1
22858713,1
22379564,1
23543732,0
23678737,0
23605892,1
22676806,1
22549851,1
23331280,1
22571298,1
22958415,0
23150694,0
23371467,0
23377174,0
23205168,0
22787886,1
23517605,0
23737387,1
22598754,0
22471703,1
22499647,1
23274017,0
23261704,1
23049661,1
23366606,1
23123292,1
23057683,1
22491338,1
23479347,1
22952673,1
22916919,0
22358072,1
22437067,1
22441478,0
23745431,0
23091411,1
23738210,1
23668368,1
22679599,0
23307036,0
23273840,1
22633936,0
23270125,1
23568186,0
23633912,1
23524342,1
23751371,1
23543581,1
22795048,1
23477870,1
23100336,0
23315306,0
22636040,1
23617591,0
23128854,1
22432212,1
22555268,0
22545327,1
22735737,1
23309563,0
22638353,1
23503006,0
22417461,1
22547497,1
23253131,1
22675493,0
23236384,1
22573203,0
23280279,0
22776325,1
23284628,0
23237650,1
22895450,1
22814925,0
22404778,1
23705821,0
23234028,0
23750928,1
22938046,0
22979960,1
22436818,0
23503178,1
23036526,0
23346387,1
22578369,1
23462571,1
23217727,1
23153747,1
23023436,1
23218382,1
22720954,0
23170960,1
23230883,1
23453071,0
22777778,0
22948132,1
23278722,1
22844729,1
22639724,1
23674876,1
23372996,1
23052450,0
22603137,1
22869757,1
23276491,1
23279126,1
22677581,1
22898611,1
23029901,1
22701439,1
23206676,1
22503400,0
22353114,0
23048275,0
22637765,1
23734206,1
22491533,1
22827821,1
23603253,1
23422682,1
22970986,1
22724196,0
22906707,1
22387638,0
23550772,0
22764008,0
23262959,1
23441712,0
22734510,0
22608166,1
23417168,1
22722278,1
22533305,0
23348636,1
23059646,0
23614290,1
23582796,1
23028427,0
23538921,0
22752847,0
22981712,0
23277132,0
23465628,1
23155552,1
23523539,0
23347599,0
22910281,0
22541331,1
22547935,0
22648222,1
23342487,1
23401852,1
23083549,1
22865621,1
23101400,1
23333162,0
22797891,1
23692649,1
22797786,1
23156702,0
22699691,1
23220232,1
22522728,0
22509206,0
22732037,1
22974576,1
23384666,0
23439736,1
22378622,0
22982097,1
22891732,1
23520736,0
23678025,0
23216328,1
23725006,0
22782598,0
23291125,1
22773429,0
22903366,1
23400143,1
22894553,0
22910288,0
22683431,1
23578736,0
22499607,1
22398683,1
23543571,1
22908466,1
22889141,1
22599315,0
23071135,1
22763526,1
23252904,1
22621262,1
22675394,0
23579062,0
22951338,0
22400085,0
22534533,1
23379095,1
22583771,1
22599750,0
22346003,1
22524843,0
23341724,1
23471988,1
23610582,0
22364526,1
23685575,1
23125277,1
22932836,0
22371254,1
22529123,1
22577180,0
23196948,1
22525574,0
23476469,0
22950819,1
22622227,1
22929395,1
23208470,0
22647144,0
23379288,1
22779902,0
22810536,1
22720170,0
23431685,0
23520922,0
23103943,1
22542865,1
22608903,1
23116536,0
23053801,1
23227135,1
23376999,1
23605617,1
23688206,1
22449137,0
23230986,1
23285112,0
23550015,1
23597498,1
23523731,1
23319114,0
22394580,1
22681363,1
23274301,0
23669736,0
23224873,1
23521854,0
23377601,1
23546655,0
23021221,0
23678686,1
23240339,1
22455615,1
22666573,1
23282371,1
22820130,1
22887741,0
23662104,0
23054356,1
22478375,0
22700276,1
23220298,0
23129355,1
22700139,0
23111079,1
23019970,0
23052857,1
23195455,1
23049876,1
22658215,0
23042534,1
23628958,1
22537546,0
22707259,1
22795208,0
22958546,0
22878817,1
22828547,0
22990834,1
23032729,1
22921553,0
23719226,1
22455525,1
23690460,1
22515137,1
22797998,0
22717168,0
23264347,1
23460387,0
23102299,0
23671587,1
23433473,1
23420925,0
23465053,1
23425628,1
22482649,1
22991646,1
22446412,1
23589328,1
23035621,0
23064795,1
22902177,1
23028377,0
22684521,1
23289365,1
23463789,1
22565561,0
23016218,0
23497480,0
23500796,0
23304992,1
22510396,0
23608479,1
23367284,0
23628478,0
23655907,1
23609429,1
22406106,0
23722990,1
23167689,1
23139593,0
22352240,1
22352077,1
22836492,0
23091625,0
23743970,1
23188886,1
23533095,0
22647846,0
23311568,1
22676001,0
23205813,1
22746704,1
22567310,1
23441023,0
23223097,1
23395566,1
23573414,0
22326833,1
23313464,1
22749969,0
23395475,1
22786667,0
22380473,1
23515619,0
22477047,0
23309874,1
23181928,1
23259751,1
23748981,0
22511410,1
22721797,1
22993820,0
23578129,1
22659696,0
22739280,1
23161183,0
22822009,1
23550070,0
22987107,1
23574549,1
23096645,1
22466115,1
23623102,1
22745629,1
22483169,1
22640840,0
22370451,1
22813254,0
23279968,1
23447263,0
23262539,1
23677135,0
23556197,0
22444882,1
23069656,0
23381870,1
22675265,0
22378204,0
22823462,1
22650677,0
22653537,1
22550673,0
23609275,0
23705683,1
22786195,1
23595975,0
22832636,1
23140694,0
23573500,0
22790243,1
23614495,1
22352484,1
23267025,1
23467060,1
22510569,1
22990928,1
22709150,0
23473408,1
23589451,0
22870391,0
22938782,1
23148167,0
22700001,0
23542364,0
23638248,1
23315208,0
23686030,0
23122007,0
23065351,0
22362378,1
23225547,1
23692885,1
23687315,1
23341673,1
23304491,0
23185798,1
23415821,0
23751762,1
22466143,0
22515222,0
22458340,0
22928389,1
22878689,0
22685693,1
22946993,0
23689834,0
23129967,0
22486478,1
23373704,1
23276263,1
23101206,1
23379274,0
23010606,1
22576266,0
22590630,1
23747010,1
22782876,1
22565230,0
22663263,1
23195369,0
22550424,1
23029779,0
23044346,1
22895068,0
23704436,1
22334131,1
23545116,1
23637780,0
22586756,0
22737554,0
23283844,1
22536378,1
22747069,1
23492525,0
22693263,1
23519674,1
22424293,1
22717860,1
23557148,1
23120683,1
23408547,0
23760712,0
22508017,0
22749656,0
23043074,1
22963545,0
22814518,1
22612108,0
23637810,1
23411019,0
23561580,0
23257210,1
23688609,0
22568834,0
23378590,1
23636570,1
23469413,0
23674267,1
23432025,1
22963205,1
22565879,0
23019013,1
22707603,1
22500966,1
22958688,1
23735441,0
22523257,1
22870130,1
23080152,1
23618972,1
22998881,0
22989626,1
22891781,1
22548812,1
23256962,0
22783130,1
22796207,0
22714008,1
22361372,0
22469951,1
22513692,1
23250869,0
22926790,1
23115720,1
23069375,0
22455478,1
22691368,1
22538550,1
23663802,1
23308264,1
22352547,1
22726059,0
23543147,1
23494151,0
22504312,1
23349536,1
22793176,1
23259183,1
22491344,1
23612092,1
22418144,1
22377164,1
22594149,1
22733215,0
23057990,1
22784375,1
23685862,0
23575446,1
23485145,1
23216794,1
22431638,1
23030371,0
22406298,1
23613166,1
23106868,1
22448348,1
23323658,1
22966155,0
22827095,1
22757285,1
23544809,1
23443424,1
23704346,1
23350953,1
22404010,1
22605437,1
23371059,1
22739867,1
23747420,1
23089838,1
23547859,0
23709705,0
23616580,1
22413506,1
22542525,0
22647620,0
22485667,1
23028677,1
22542528,0
22624110,0
23657798,1
23419704,0
22797147,1
22582683,1
23739002,0
22760320,1
23753656,0
23130137,1
23225308,0
22681328,1
22797908,0
22858139,1
23079661,1
23695552,0
22588704,0
22887374,1
23008123,1
23227876,1
22335638,1
23621807,1
23109213,0
23284783,0
22691452,1
23270622,1
22727660,0
22660280,0
22351768,1
23114240,0
22369048,1
23139684,0
23231780,1
22546940,1
22937833,0
22829019,1
23087416,1
22403249,0
23611050,0
22791730,1
22834544,1
22658064,1
23330722,1
23034240,1
23339179,1
22771277,1
23553947,0
23569249,0
22586520,0
22904906,0
23505124,0
23020277,1
23367521,1
23643605,1
22603675,1
23461751,0
22598296,1
22648962,0
22435575,1
22700584,1
23678530,1
22938250,1
23219529,0
23069582,0
23145899,1
23568646,0
22642970,0
22715795,0
22528010,0
22749479,1
22353197,1
23082831,0
22399707,0
22402584,1
23475083,0
22759675,1
23569457,0
23309999,1
23648468,1
23609171,0
22976064,0
23634572,0
23653367,0
23580025,1
22949479,0
23293561,0
23531095,0
23464504,0
23043627,0
23505633,1
22646475,1
23118960,1
22469746,1
23595189,1
22847798,1
23632205,1
22427954,0
23326676,1
22895395,1
22340457,0
23707907,0
23415624,1
23385074,0
23104595,1
23607865,1
22460867,0
22708931,1
23586161,0
23181985,0
22855108,0
22610820,0
22603286,1
22782847,1
22879144,1
22903428,1
23520459,0
22553961,1
23349542,1
22342467,1
22792963,0
22806731,0
22762164,0
23130722,0
23284825,0
23341169,0
23190175,1
22524204,0
23573915,1
22767015,1
23747276,1
22710502,1
23382192,0
23606540,0
22752990,1
22601247,1
22376669,1
22619815,0
23605916,0
22497340,1
22451521,1
23128183,1
23326386,0
23010316,1
23025828,1
22343144,1
22494838,1
22905715,0
23060628,1
23083207,1
23027223,1
22881826,0
23323605,0
22532474,0
23206026,0
23108666,1
22623261,0
22408173,1
23538295,1
23172636,1
22682043,1
22837762,1
23549460,1
23579715,1
23337878,0
23279978,1
23251864,0
22549369,1
23399816,1
23109235,1
23669628,1
22972374,1
23220852,1
22996679,1
23551930,1
23186379,0
23456215,0
23127679,1
23552352,0
23221311,1
22441873,1
22395848,1
23398322,1
23647120,0
23309050,1
22335091,1
23402441,0
22972675,1
22712586,1
23623485,0
23025836,1
23471075,0
23239420,0
23753176,1
23112229,1
23757356,1
23536310,1
23570941,1
23734361,0
22465331,1
23592179,1
23366299,1
22652629,1
22931404,0
23423157,1
22749358,1
22784727,1
23278898,1
23459209,0
23332594,0
22742474,0
22898414,1
23538986,1
22490450,1
23374666,1
23642101,1
23431355,1
22381847,1
23459846,0
22444871,1
23026479,0
22634663,1
23205713,1
23281457,1
23240692,1
23597291,1
23664565,1
22952630,0
22982188,1
23750398,1
23648258,1
23277290,1
22344904,0
23080988,1
22361137,0
22500540,0
23568126,1
23515265,1
23652633,1
23587615,0
22956924,1
23204641,0
23701585,1
22584231,0
23610204,1
23165640,1
23511513,0
22728449,1
23406433,1
23746788,1
23226109,0
23326164,1
23534608,0
22894218,0
23291107,1
22624065,0
23502906,0
23026364,1
23730469,1
22722884,1
23267327,1
23306991,0
22764047,1
23328227,0
23605402,0
23224577,1
23734820,0
23159612,0
22442385,1
23162538,0
22922352,1
22552278,1
22934261,1
23092730,0
23001528,1
23359332,0
23497155,0
22507887,0
23439233,1
22460516,1
22608250,1
22388882,1
23753648,0
23649505,1
22416545,1
22595711,0
23333530,0
22959243,0
22354318,0
22538824,1
23559053,1
23153550,0
22811188,1
23089938,1
23358009,0
22583252,1
22368663,1
22356788,0
22481202,1
23267807,0
22657359,1
23339976,1
23218697,0
23063906,1
22797983,0
22960287,1
23043249,0
22652109,0
22541711,1
23396218,0
22909665,1
23637714,0
22746067,1
23266065,0
22694302,1
23620177,1
23304089,1
23419888,0
22544614,0
23085008,1
23676575,0
23100815,1
23007084,1
22519945,0
23124678,0
22420893,1
23058879,0
23155983,1
22800135,1
22567751,0
22495431,0
23370629,0
22565477,0
22512799,1
23651143,1
22894675,0
23082217,1
23047118,1
23315302,1
22685103,1
22640916,1
22841252,1
23463388,0
23240592,1
22814892,1
23608906,1
22655552,1
23024278,1
22392470,1
22562059,1
22574969,0
23353999,0
22922875,0
23447697,1
23323007,1
23700137,0
22622863,1
23688574,0
23199064,0
23680501,1
22525370,1
22935937,1
23467251,0
23321970,0
22946375,0
22568533,0
23079268,0
23709056,0
22929053,0
23181946,1
23182394,1
22415348,0
23417470,1
23410534,1
22857009,1
23604312,1
22328383,0
23196044,1
23694984,0
22846768,0
23569162,0
22785839,0
22336937,1
22781002,1
23760958,1
23756614,0
23651980,1
22595765,0
22396731,0
22895641,0
23598610,1
23445829,1
23732722,0
23215282,1
22640353,1
23142863,1
23158666,0
22541064,0
22545280,1
23479220,1
22459952,0
23013873,1
22630693,0
22897303,1
22844453,1
23635187,1
23636979,1
22747716,0
23676610,1
23529520,0
22495724,1
23011274,0
23627748,0
23422894,0
23670560,1
22542601,1
22917295,1
22982809,0
23366963,1
22605336,1
23553647,0
22407349,0
23586883,0
22854329,0
23308988,1
23343767,1
23579585,0
22917727,1
23458260,0
23300651,1
23248884,1
22482816,1
23443892,1
23298253,1
23007865,1
23597278,0
22901789,1
23292589,1
22549450,1
22798508,0
22845642,1
22354600,1
23611922,0
23630131,1
22836883,1
23568819,1
22355108,0
23233191,1
22706150,1
23055054,1
23165676,1
23247362,1
22781648,0
23366886,0
23023076,0
22360403,1
23492047,0
22891465,1
22606458,1
22423296,1
22498376,1
23100519,0
23400094,1
23411631,1
22682306,1
22695051,0
22812033,0
22495900,1
23446658,0
22373888,1
23218914,0
23549268,0
23744604,1
22645058,0
23488842,0
22468576,1
22800169,1
23260876,1
23212310,1
23536734,1
22682474,1
22570203,1
23391444,1
23154777,0
22735119,1
23287307,0
23648880,0
22858309,0
23430239,1
23255748,0
22997611,1
23448606,0
23317309,0
23099724,0
22796849,0
22943451,0
22949894,0
23477778,0
22690698,0
22970535,0
23295268,1
23045601,0
23180060,1
22398715,0
22731349,0
22583391,0
23180980,0
23197747,1
23475689,1
22496587,1
23388262,1
22922545,0
22401428,0
22504441,1
22645848,1
22887478,1
23110931,1
22990338,1
22418728,1
23379291,1
22367034,1
23119969,1
23172049,1
23634712,0
22524021,0
22329261,1
23313686,1
23712530,0
23134243,1
23372365,1
22611497,1
23327534,1
23722389,0
22874537,1
23527360,1
23011407,1
23440319,1
22357069,1
23572367,0
23741702,0
23394610,0
23322583,0
23677609,0
23356930,1
22542714,0
22687002,0
23267133,1
22760779,0
23277629,0
23664906,0
23441744,0
22753849,0
22985467,1
23756705,1
23367305,1
23349135,1
22766256,1
23450185,0
23131807,1
22796814,0
23110613,1
22775085,1
23278650,1
23580281,0
22449594,0
23367655,1
22693798,1
23579970,0
22435540,0
23139223,1
22974992,0
22537762,1
23103331,1
22618750,0
23289764,1
23572494,1
23349429,0
22423038,0
23473855,1
22775623,1
23332892,0
23747452,1
22617624,1
23700187,1
22495916,1
23682892,1
23567210,1
22553229,1
23038666,1
22362509,0
23577705,0
23393580,0
23041769,0
22789963,1
22920593,1
23407544,1
22669890,1
23558211,1
22348171,1
22905771,1
23543921,1
23468211,0
22694813,1
22426261,0
23354649,1
23465668,1
22606560,1
23432776,0
23719398,0
23074955,1
22935634,1
22920742,0
23536472,0
23057594,1
22975212,0
23722511,1
22980858,0
23638125,0
22825113,1
23022244,0
23159396,0
23441032,1
22956659,0
22328960,0
23717176,1
23698608,0
23394628,0
22422425,1
22885832,0
22434471,1
22504993,1
23579158,0
23423911,1
23384632,1
22819116,1
23018717,1
23524006,0
23618765,1
23707377,1
22975963,1
23270068,1
22350062,1
23633408,1
23689623,1
23683709,1
22585088,1
22848966,1
23151009,1
23506888,1
22358927,1
22904299,1
23069613,1
22902494,0
23213697,1
23422595,1
23546375,1
22590122,1
22475530,1
22449812,0
23699636,0
23588227,1
22627324,0
22912520,0
22990398,1
23211531,1
22432222,0
22722161,0
22436205,1
22368078,1
22636750,1
23240702,1
22505112,0
23150265,0
23647020,1
23221205,1
23455959,0
22652209,0
23437403,0
23320123,0
23717431,1
22626937,1
22938889,1
22818354,0
22453109,1
22791045,1
22342107,0
22329107,1
23609503,1
23427629,1
22548982,1
23489454,0
22767058,0
23420201,1
22606208,0
22909823,1
23506313,0
23186339,1
22863651,1
22570450,1
23569361,0
22667189,0
23149583,1
22740593,1
23630400,1
23489670,0
23276923,0
23739593,1
23141580,1
22476178,1
23151205,0
22501625,1
22721240,0
22387227,1
22694478,0
22511037,0
22634228,1
23201989,0
23595205,0
23704785,1
23533927,1
23662606,1
23107468,1
23301043,1
22486257,1
22625495,1
23337578,1
22812820,1
23031405,0
22744244,1
23598500,1
23406009,1
22594986,0
23738185,0
22447785,0
23628974,1
23443253,1
23370639,1
23450571,0
23327711,0
23545477,0
23049258,0
23092582,0
23505104,1
23184388,1
22791754,1
23018018,1
23097877,1
23418942,0
22769184,1
23225768,0
22924016,1
23615464,1
23097167,1
22887653,1
23670786,1
22484301,1
22504218,1
22829568,1
23493636,1
23288938,0
23245189,1
23288403,1
23100890,1
23302574,1
23282043,1
22586943,0
23389754,0
22947207,0
23205409,1
23409560,1
22855826,0
22863601,1
23299549,0
23431718,0
22803449,0
22342908,1
22997257,1
23402190,1
22365909,1
22575522,0
23225491,1
23283919,1
23321946,1
22957590,1
23080236,1
22897415,0
22478192,1
22563969,0
22602109,0
23716894,1
23318752,1
23470614,0
22845190,1
23027210,1
23738083,0
23254472,0
23612202,0
22761120,1
23619995,0
22750077,1
23653300,1
23700378,1
22574685,1
23650241,1
23078484,0
23329409,1
22395306,0
22953908,1
22368974,1
23405359,1
22993135,0
23685232,1
22946664,1
22978070,1
23440687,0
22721920,1
22423332,1
23198133,1
22950860,1
22449662,0
22772636,0
22593492,0
23558832,0
22857621,0
23546688,1
23067798,1
22690332,1
22774840,1
23043477,1
23557137,1
23728118,0
23113428,0
22387691,0
23521783,0
23716650,1
23310538,1
23403663,1
22412572,1
23674077,1
23415303,1
23569033,0
23397639,1
23071548,1
22725829,0
23339556,1
22947405,1
23499405,0
23244569,0
23576581,1
22663410,0
23378557,0
23129261,0
22557120,1
22643930,1
23396029,1
23690377,0
22543800,1
22585142,0
22895061,0
23687692,1
22362091,1
22338071,0
22367144,1
22958694,0
22977142,1
23757233,0
23728447,0
23633974,1
22876312,1
22642922,1
23147623,0
22598847,0
23684023,1
22609483,0
22948476,0
23402468,1
23343464,1
23432417,1
22574168,1
22502157,1
22500211,1
23292791,0
23396653,1
22682456,0
22717121,1
23082442,0
22825671,1
22612979,1
23190565,1
23613495,0
23534711,1
22774952,0
22677762,0
22867404,1
23402634,1
23156309,1
22571791,1
22640669,0
22718027,1
22751580,1
23462606,1
23151733,1
23447120,1
22370592,1
23652007,1
23164857,0
23695585,0
22696454,1
23637481,0
23607620,1
22490411,1
22341091,0
23000275,1
22468424,1
23074523,0
23690412,0
23343030,0
22332119,0
22776934,0
23749182,1
22538067,0
22601038,1
23335622,1
22635368,1
22587723,1
23189863,0
23007282,1
22327840,1
22968502,1
22634524,0
22346989,1
22457252,1
22552956,1
23169769,0
22410817,1
23493015,1
22547562,1
23596229,0
22840808,0
23505828,1
23381033,0
23701112,1
23056703,1
22801232,1
22582046,0
22664186,0
23349171,1
22876710,1
22509314,0
23531954,0
23070325,1
22734688,1
22782596,1
23335427,1
22970457,1
22351485,1
23097007,1
22344053,1
23127014,1
23750698,1
23325724,0
23493798,1
23262158,0
22980012,1
23092618,1
22428546,1
23417043,1
22942792,1
23015097,1
22575947,0
23056984,1
22768624,1
22560281,0
22546676,1
22705274,1
22849538,1
22449950,0
23117782,1
23180586,0
23461714,1
23108604,0
23601651,0
22906423,0
23507661,1
22657972,0
22715106,0
22755515,0
23423878,1
22672122,0
22551010,1
23215719,0
23606123,0
22847420,1
22772320,1
22986965,1
22999601,1
23309499,1
23047888,1
22872602,1
22916641,1
23500546,0
22439513,1
22622550,1
23029397,0
22692255,0
22867769,1
23104459,1
22924936,1
23603585,0
22546556,1
23028188,0
23170545,0
23128836,0
23156644,1
22443187,0
23521863,1
22633864,0
22470181,0
23744361,1
23649403,0
23660880,0
22552381,0
23174447,1
22681232,1
22952654,1
23754069,1
22556259,1
22584337,1
22697151,1
23600437,1
22528162,0
22570947,0
23530739,0
22760987,1
23416970,0
22551794,0
23153187,1
23227858,1
22488192,1
23224618,1
22603591,1
23466814,1
23436639,1
23187406,0
23493973,1
23222819,0
23634771,0
23325648,1
23257845,0
22755516,0
23010255,1
22460914,1
23150921,1
23023147,0
23321578,0
23037442,0
23632261,1
23043883,1
22901875,0
22881152,1
23694434,1
22678953,0
22595211,1
23484146,1
23299711,0
22567558,1
22883814,1
22619421,1
23327769,1
23198874,1
22614120,1
22863248,0
22845282,0
22467201,1
22337323,1
23372586,1
23183545,1
23173873,0
22843701,1
22545372,1
22566283,0
23681939,0
22998622,0
23686594,0
22493461,1
23056410,1
22833095,1
23195526,1
23527058,1
22586064,1
23073502,1
23213300,1
22810399,0
22646115,1
23566587,1
22989804,1
22545029,0
23400345,1
23649470,1
22859460,1
23483674,0
23712785,1
22500874,0
23484420,0
22970537,1
23585559,0
22983845,1
23639307,0
22367609,1
23402580,1
22638824,1
23755454,0
22416295,1
23755686,0
22594666,0
23254267,1
22914853,1
23667066,0
23612852,0
22559969,1
22349783,0
22569768,1
22434138,0
23247461,1
23349108,0
23470986,1
23008983,0
22437254,1
23666944,1
22536774,0
23423631,0
23155553,1
23417245,0
23438826,1
22383952,0
22996686,0
22405578,1
22563295,1
23395529,1
23514744,0
23526587,1
23697556,1
22894172,1
22850048,1
23574109,1
22519074,1
23287537,1
23673959,1
23521312,0
23419583,1
22357451,0
22908013,0
23615859,1
23528717,1
23312543,1
23200236,1
23083168,1
23471490,1
22466509,0
23088277,1
23215052,0
23437603,0
23150354,0
23503693,1
22704217,1
23420643,0
23349266,1
23700163,1
23145163,0
22655018,1
23510370,1
23656588,1
22600971,0
22619383,1
23674784,1
22371335,1
23040959,0
22924415,1
23213923,1
22749057,0
22574549,1
22432799,1
23645265,1
23360412,0
23184181,0
23694291,1
22444211,1
23227942,0
22899341,1
23181022,0
23498121,1
22859061,1
22361241,0
23250202,0
23359659,1
23216048,1
23327489,1
23250832,1
23564519,1
23228363,1
22723890,1
23156001,0
22559189,1
22902642,1
22450917,1
23478783,0
22681953,1
22801124,0
22808125,1
23708556,1
23389497,0
22746592,1
23116517,0
22888823,0
22337390,0
22725485,0
23039831,1
22781390,1
23571774,1
22795642,0
23202454,1
23637879,0
22376837,0
22369065,1
22800048,0
22848411,1
22871280,1
22726783,1
23375662,1
23165041,1
23217741,1
22586526,1
23669828,0
23382732,1
23520875,0
23511999,0
22343270,1
22955891,1
22604169,0
22613741,1
22724418,1
22667304,1
23170988,0
22834565,1
23652429,0
22353729,1
22581277,0
23257828,1
23420211,0
22688804,1
23182436,1
23387198,1
22489738,1
23089142,1
22390945,1
23263679,1
23169122,0
23160069,1
23722067,0
22750578,1
22830056,1
22711966,1
23007543,1
23558329,1
22720581,1
22537242,0
23653344,1
23334121,0
22612573,0
23026717,0
23752580,0
23332645,1
23749536,1
23378464,0
22509376,0
22416032,0
22440272,1
22665019,1
23024273,1
23285415,1
23651510,1
22367244,1
23510979,1
23164893,0
22521496,0
23445167,1
23547563,0
22603076,0
22690189,1
23002502,1
22948216,1
23068985,0
23707024,1
22890834,1
23547447,1
23755962,1
23591554,1
23127033,1
22504788,1
23270069,0
22424883,0
22952055,1
23001759,1
22405112,0
23491299,0
22395767,1
22934201,1
23052059,0
22682687,1
23612686,1
23184531,1
23485584,1
23504926,0
23067067,1
23324478,1
23116589,1
22926561,1
22652887,1
23729194,0
23761747,1
23177683,1
23043283,0
22638202,0
23034780,1
22361939,1
22561684,1
22698054,1
23415552,1
22739129,0
22805247,1
23231344,1
23545661,0
23523606,0
23005834,1
23419028,1
23649430,0
23611310,1
22957120,1
22348471,1
22674502,0
23230668,0
22689542,1
23135104,0
23706781,0
23539184,1
23602058,0
23597702,1
22527554,1
22434925,0
22449387,0
23680098,0
23421393,1
22442130,0
22662539,0
23283069,0
22903677,1
23407917,0
23123898,0
22761729,1
23052891,1
22877536,0
22363163,0
23354221,0
23472117,0
22815290,1
22633886,0
23578173,0
23167796,0
22867901,0
22867391,1
23016909,1
23664658,0
22594446,1
23336466,0
22769290,0
22961889,0
22887245,1
23287118,0
23356034,0
23493087,0
23126722,0
22586653,1
23304317,1
22524631,0
23448125,0
22440700,0
22330510,1
23676092,0
23689611,1
22892157,1
22909588,1
22370529,1
22352894,0
23135583,0
22435216,0
22816699,0
23515471,1
23357075,1
22417981,1
22519892,0
23444978,1
23639150,0
23542224,1
22799503,1
23247005,1
23343685,1
23541247,1
23747808,1
22349931,0
22475106,0
23222561,0
23662151,1
22577949,1
23596944,1
23465941,0
23333012,0
22773770,0
23548179,0
23614731,0
23096696,1
22477389,0
23491687,1
22495187,1
23368655,0
23614210,0
23255725,1
23371020,1
23229527,1
23697087,1
23717576,0
23035437,0
23718336,0
23217318,0
23409571,1
23460083,0
22638285,0
23736123,1
23460090,0
23059815,0
22873479,1
23270976,1
23014825,1
22497540,0
22532588,1
22517885,1
23387001,0
23027194,1
23472521,0
22799552,1
23428001,1
23722878,1
23066539,1
22721492,0
22423871,0
22672558,0
23291059,0
22477243,0
23019094,0
22391395,0
23183853,1
22831754,1
23568358,1
23275052,1
23721512,1
23005003,1
23592045,0
23491117,0
23036738,1
23410447,1
22451383,0
23689936,0
23493838,0
22446246,1
22374170,1
23483431,0
22930482,0
22915621,1
23712286,0
22938114,0
23503145,1
23672081,1
23742145,1
22966603,0
22850383,1
23034018,1
23460382,1
22909266,1
22905003,1
23365916,1
22832308,0
23599828,1
23354678,1
22907592,1
22523545,1
22475457,1
22803378,1
23566025,0
23157927,1
22876175,1
23310370,1
22676738,0
22882540,0
23713054,1
23428524,1
22687073,1
23050408,1
23122984,1
22477942,0
22386840,1
23746767,1
23405894,1
22801475,0
23748638,0
23480490,0
23573632,1
22539394,0
23685494,1
23506795,0
22614891,1
22996645,0
22547723,1
22772933,0
23432402,1
23563175,1
22630999,0
23637692,1
23083760,0
23094459,0
23651233,1
22539119,1
23663024,1
22344844,1
22859289,0
23093823,0
23337080,1
22996007,1
23724949,0
22545654,1
22804393,1
23285308,1
22742601,1
22964575,1
23474473,1
22646380,0
23629738,1
22800951,1
23081505,1
23032262,0
22420126,1
22509477,1
22439359,1
23242334,0
22721454,1
22948538,1
23607453,0
23358054,1
23306937,0
22631784,0
22425498,1
23057149,0
22597071,0
23021730,1
22986798,1
23264216,1
23520000,1
23180831,1
23205363,1
23207612,1
22901366,1
22630818,0
23347475,1
23559365,0
23629041,0
23754863,0
23712025,1
23582501,1
23739315,1
23604999,1
22688047,0
23278532,0
23091137,1
22934429,0
23556705,0
23498935,1
22794793,0
23504239,0
23602636,1
22736339,1
23747387,0
23090491,0
22756111,0
23115198,1
23707848,1
22966731,0
22330903,0
22382167,1
23172376,1
22613995,1
22389472,0
22658762,1
23488595,1
23256617,1
23584515,1
23519275,0
22992436,1
22987618,1
23511596,0
22533295,0
22768153,1
22897925,1
23636672,0
23153539,1
23471103,0
23675154,1
23078126,0
23700142,1
23295834,1
23689899,0
22749588,1
23009485,0
23119348,1
23558196,1
23497629,1
22457889,1
23719208,0
22767135,1
23173434,1
22596530,1
22403227,1
22696537,0
23342742,1
23040637,1
23043750,1
22411782,0
23366427,0
23211976,1
22359636,0
23021084,1
23637002,1
23442121,0
22621638,1
22887645,1
22993660,1
23648306,0
22606947,1
23283089,0
22507799,1
22499449,0
23358707,1
23591829,1
23719717,1
23519248,0
23073768,1
23441194,1
22736263,0
22554892,0
22374148,0
23450326,1
23519209,0
22804112,0
23171455,0
23282078,1
23522403,0
23386490,1
23651961,1
23708261,0
23757492,1
23167672,1
22899834,1
22960251,1
23573387,0
22775195,0
22667183,1
23100662,0
22328624,1
22791230,1
23707993,0
22566168,0
22334243,1
22790812,0
22891945,0
22992019,0
22754392,0
22678280,1
22852041,1
23279981,1
23681710,0
22629010,1
23447621,1
23494403,1
22980495,0
22687977,1
22816666,0
22327520,1
22382040,1
23277020,1
22577312,0
23211836,0
22328884,1
23286644,0
23306767,1
23020281,1
22641247,1
22585961,0
23621201,0
22983234,0
22607460,0
22479910,1
23607807,1
22680681,1
23379831,1
22453531,0
22904817,1
22811125,1
22721982,1
22424648,0
23179113,1
23420536,0
22718830,0
22772381,1
23682171,1
22372865,1
23747266,0
23175537,0
22373605,1
23101154,1
23042620,1
23270113,0
22463695,1
22465933,1
22745828,0
22699308,0
23259817,0
22950448,0
23048924,1
22602300,0
22967930,1
22940528,0
22387050,0
22536128,0
23429635,1
23062210,1
23298149,1
23521828,0
22589885,1
23739788,0
23219290,1
23122537,0
23691515,0
23685542,1
22342919,1
23267613,1
23684331,0
22657225,1
23220719,1
23636472,1
22343603,0
22712229,0
22474058,1
22775260,0
23552622,0
22666343,1
22437814,1
23004841,1
23501705,1
22981254,1
23642736,1
22759424,1
23415087,1
23686377,0
23579863,1
22842842,1
22551751,0
23410149,1
23754715,1
22972878,0
23161717,0
22497537,0
23058932,0
23052020,0
23439746,0
22874634,0
22962974,0
22993688,0
23335857,0
22521600,0
22928972,1
22613311,1
22838644,0
23365899,0
22526540,1
23408791,1
22850184,1
23215298,0
22601675,0
23008884,1
23512943,1
23057072,1
22900158,1
23264425,0
22660055,0
23603835,1
22717689,0
23288606,1
23669830,1
22683329,1
22760949,1
22981468,0
23701579,1
23711683,1
23114436,0
22407566,1
22867503,0
22686210,1
22905020,0
22796311,1
22515964,0
23735902,0
23334462,0
22375204,1
22328533,1
22386477,1
23347362,1
22350547,1
23399773,0
22928600,1
23191056,0
23057401,1
22865592,1
22899397,1
23537305,1
22944754,0
23111432,0
23379050,1
23645499,1
23635041,1
23709776,1
22572556,1
23275823,0
22564939,0
22379642,1
22480730,1
23452761,1
22813859,1
23749792,1
23190437,1
23494124,0
23687716,1
22710711,1
23097932,0
22848760,1
23316626,0
22564273,0
22527638,1
23549546,0
22808174,0
23737260,1
22481113,1
22463577,0
23606168,1
23495583,1
22799515,1
23109322,1
22638044,1
22736202,0
22348146,1
23516564,1
22677839,0
23644295,1
23171003,0
23010621,0
23642653,1
22706294,1
22613980,0
22991275,1
23444657,0
22970551,0
23098055,1
23635344,0
23244771,1
22389760,1
22498306,0
23389135,1
23445141,0
23308178,1
22817998,1
22999038,1
23573828,0
22516989,1
23042151,1
22346646,0
23026952,0
23724298,1
23555079,1
22645434,0
23300814,1
23107956,1
23175935,0
23342729,1
23257252,1
22988683,1
23336928,1
23308251,1
22887018,1
22867861,0
23456657,0
23398207,0
22450700,1
23277376,1
22759235,1
23432567,0
22334009,1
23125186,0
22895082,1
23623325,0
23280034,1
23127535,1
23731783,0
22595253,0
23136765,1
23255112,0
23409989,1
22382535,1
22768235,1
23632811,0
22819926,1
22938886,0
23647666,1
23271858,1
23725720,1
23716475,0
22994086,0
22352659,1
23086694,1
22553785,1
23414557,1
22961368,1
23579526,0
22672220,0
22933432,1
22998399,1
22343588,0
23289475,1
23477107,1
23096654,1
22556042,0
23148157,1
23327215,1
23240016,0
23411115,1
22561057,1
23675165,1
23270041,1
23261745,1
22448875,1
23461187,1
23643890,1
23510334,0
23209858,0
23333392,1
23639790,1
23146847,0
22561452,1
22832370,1
22484148,1
22509214,0
22331153,1
22554910,1
22632728,0
22627813,0
22566277,0
23443949,1
23714776,1
22706582,1
22497836,0
22936635,1
22646014,1
22659068,1
23085186,0
23628615,1
22734316,1
23326985,1
22820379,0
22931527,1
22924527,1
23058763,0
22391858,1
22967207,1
23552489,1
22646427,0
23465421,0
22943449,0
22349849,0
22806598,0
23660320,1
23282934,1
22779144,0
22781940,1
23746158,1
23513652,0
22857092,0
23194230,1
22485821,1
23114528,0
23261586,0
22923997,1
23307836,1
23674804,1
23397975,1
22755697,1
23307190,0
22864904,0
22786335,1
22419033,0
22716893,1
22778628,1
22478406,0
22458651,1
22728544,0
23296829,0
23710212,1
22642778,0
22935631,0
23717013,0
22817154,1
22511282,1
22354808,0
23184311,1
23394270,1
22540063,1
23617993,1
23698654,1
22912163,1
22678023,1
23223744,1
22531603,1
22627885,0
22750422,1
23213246,1
23421497,1
22683217,1
23537137,1
23185186,1
22551481,1
22766071,1
23015035,0
22885262,0
23533640,0
23657650,1
22671613,0
23708503,0
22329587,0
23756297,0
23526563,1
22640712,0
22474296,0
23203835,1
23000885,0
23470179,0
22918278,1
23565916,0
23283490,1
22429261,1
22881649,0
22726265,1
23266603,0
23018774,0
23240560,1
22797377,1
23611654,0
23327258,1
22750600,0
23127668,0
22592916,0
23316399,1
23076362,1
22546699,1
22962708,0
23352299,1
23600542,1
23446374,1
23571889,1
22804542,1
23745727,1
22842844,1
22521711,1
23705940,1
23245274,1
23145254,0
22739166,1
22771845,1
22997253,1
23549606,1
22955978,0
23468844,1
23539463,1
23410345,0
23263447,1
23280113,1
23604264,1
22984078,0
23732794,1
23176127,0
22399856,0
22711149,1
22529445,0
22386473,0
22762576,1
23572878,1
22900780,0
22362941,1
22539540,0
23491219,1
22929449,0
23082767,1
23749812,1
22880096,1
23033673,0
23077407,0
22550099,0
22497259,1
23220884,0
23498196,1
22907264,1
22359400,1
23126667,1
22740076,1
23426498,1
23643511,0
23444817,1
23207914,1
22519440,0
23086361,1
22453154,0
22595759,1
23158645,1
23555382,0
22358184,1
23588713,0
22542869,1
22745109,1
23137975,0
23214390,1
23245874,0
22616175,1
22889364,1
23607222,1
22742209,0
22368666,1
23689916,1
22415300,1
22861074,1
22338024,1
22489689,0
23126640,1
23674278,0
22364138,0
23332747,0
22780112,0
23551580,1
23588871,1
23411302,0
22480798,1
22601168,1
22792589,0
22579832,1
23246955,0
23132631,0
22885977,1
22812435,0
22380724,0
23547356,1
22924829,0
22950840,0
23039870,1
23290415,1
23740549,1
23676975,1
22830803,0
23479371,0
23085271,0
23516816,0
22641620,1
22874688,0
22617796,1
22538004,0
22551498,1
23304802,1
23277229,1
22489598,0
22719362,1
22847152,0
23719977,0
23731182,1
23104373,1
22628879,0
22958430,1
22752228,1
22470704,1
22373707,0
23240231,1
23606312,1
23191935,1
23361892,1
23506000,1
23643593,1
22522648,1
23475644,1
23300256,0
23172316,1
22569547,1
22477559,1
22870942,1
23173178,1
22489884,1
23703280,1
23061951,1
22926650,0
23699902,1
23533959,1
23662384,0
22512867,1
23553189,1
22863491,0
23266844,1
22955880,1
23423747,1
22944037,1
22952086,0
22956368,0
23704172,0
23168801,1
22668952,1
23504213,0
22606298,1
23690558,1
22608057,0
23291205,1
23323422,0
23576716,1
23636192,1
23403042,1
23322014,1
23480190,0
22554280,0
22892712,1
23723451,1
23177494,0
23295083,0
23498307,0
22747882,0
22975459,1
23139891,0
23318208,1
23425249,0
22579131,1
23438148,0
23264906,1
23451274,1
22871449,1
23070763,1
22810707,1
22562712,0
23377697,1
23236707,0
23380808,1
23746993,1
22605021,1
23540201,1
22815567,1
23181926,1
23092345,1
23604725,1
23707317,1
22754818,1
23278613,1
22373159,1
22861238,1
23110648,1
22592186,1
23068759,0
23011538,1
22473864,1
23073005,0
22572544,1
22849251,0
23331690,0
23150950,0
23720636,0
23407444,0
23181145,1
22763157,0
22700144,1
23759007,0
22601760,1
23450672,0
23262794,0
23677547,0
22559327,1
22404912,1
23210897,1
23181999,0
23650290,0
22489588,1
23471822,1
23119366,1
22613761,1
22950148,0
22989327,1
23697671,0
22913788,1
22443511,1
23135415,1
22876392,0
23374414,1
23757988,1
22809365,1
23130001,1
22981529,1
22596805,1
22867706,0
23479595,1
22813708,1
22883905,0
22936871,0
22601465,1
22663965,1
22746373,0
22598615,0
23265605,1
23385881,0
23706834,1
22659281,1
23016734,1
23347859,1
23205162,1
23509290,1
22457345,0
22867268,1
23114016,1
23648417,0
22367899,1
22766795,0
23383443,1
23191130,0
22492968,0
23027256,1
23466611,1
23255667,1
22699290,0
23587665,1
23130905,0
22405910,0
23743937,0
22456966,1
23382931,1
22962646,0
23756209,0
23151826,1
23596929,0
23631545,0
23166505,1
23576104,0
22821741,0
23348070,1
22422291,0
22631353,0
23120955,0
22489460,1
23397907,1
23154958,0
22990420,1
22924754,1
23211512,1
22855476,1
22977975,1
23184762,1
23133613,1
23608931,0
23209707,0
22778845,1
23193971,0
22954297,0
22811830,1
23305973,1
23708328,1
23506632,1
23711066,0
23624726,0
23663850,0
22685156,1
23640687,1
23642657,1
23493946,0
23034079,1
22695618,0
23662221,1
23081797,1
23295611,1
22928330,1
22926636,0
22872687,1
22951266,1
22412054,1
23375718,1
22477987,0
22978832,1
22817734,1
23031294,0
22759817,0
23378143,0
22966884,0
22373474,0
23519866,0
23139230,1
23304855,0
23683672,1
23411445,1
23313971,0
23225404,1
23387863,1
23440875,1
23225262,1
23695561,1
23523203,1
22617382,0
23057293,0
23125495,1
23326512,0
22610441,1
23629790,0
22344627,1
22714951,0
22891429,0
23032097,1
22928984,0
22609407,1
23302227,1
22654515,0
23710012,1
22449685,1
22577984,0
23221175,1
23353953,1
22659257,1
22558366,1
23166274,1
22688748,1
22367015,1
22505219,1
23595608,1
22465789,1
23279155,0
22340195,1
23589887,0
23141817,0
22617602,1
22623881,1
23575772,0
22793598,1
22852883,0
22753432,1
22881231,1
22835302,0
23474905,1
22845129,1
22335676,1
23406101,1
23411503,1
22876653,1
23751388,1
23269883,1
23581864,1
23439775,1
22486474,1
23123585,1
23319911,1
23445148,0
23222918,0
23676460,0
22988017,1
23426569,0
23288075,1
22449152,0
23279684,0
23385253,1
22975985,1
22397739,1
23308348,1
23745777,0
23462592,1
22973965,0
23528280,1
22801892,1
22941866,1
22526986,1
23134329,1
22988029,1
23511478,0
22646688,1
23578668,1
22454767,1
22396280,0
23408480,1
23330355,1
23253168,0
22688403,0
22399015,1
23405283,1
22664452,1
23000206,0
23758585,1
22561680,1
22902773,1
23720336,1
22381197,1
22959973,0
22562734,1
22404870,1
23603569,1
22887962,1
23465079,1
23207777,1
22358234,1
22896200,0
22387661,1
22434876,0
23061697,0
22698922,1
23620044,0
23576902,0
23631139,1
23747216,1
23241702,0
22921467,1
22860854,1
23115154,1
23647076,0
23239492,1
22523259,1
23699344,0
23724629,0
22482215,1
22435533,0
23580206,1
22572488,1
22880174,0
23059239,1
23370788,1
22869563,1
22934948,1
23669310,1
23376848,1
23475267,1
22588836,1
23051660,1
23006657,1
23490077,1
22740681,1
23297591,1
23267223,1
22550224,1
22767496,1
22528637,1
22461689,0
22483739,0
22891948,1
23100471,0
23487411,0
23456302,0
23213738,1
23190340,0
22623665,1
22408178,0
23287930,1
23077429,1
22571981,1
22661468,1
22839763,1
22518746,1
23556020,0
23618303,0
23193511,1
22392172,1
23391831,1
23479032,1
23191611,0
23612991,0
23166542,0
23081851,0
22690238,0
22366882,1
22558495,1
23430862,1
23505223,0
23645837,1
23545003,1
22501923,0
23675895,0
22416167,1
23450295,0
23207323,1
23505110,1
23419721,0
23390044,1
22454156,1
23049826,0
23034020,1
22590215,1
23218795,1
22342097,1
22963622,1
22851484,1
23547679,0
23615419,1
23745890,1
22771865,0
22957239,0
23231823,1
22698468,0
22780700,1
23421956,0
22685140,0
22730450,1
22908149,0
23278600,0
23147048,0
23466681,0
22672148,1
22501084,0
22760052,1
23688617,1
23316728,0
22385964,1
22752205,0
22970965,1
23742766,0
22880230,0
22341985,1
23163814,1
22532542,1
22331366,0
22397251,1
23074714,1
22450033,1
23722585,0
23175548,0
23755795,0
23699884,1
22576591,1
23694150,0
22917794,1
23089602,1
22686189,1
23064436,1
23317189,1
23676255,0
22901601,1
23170589,1
23395441,0
23407234,0
23371381,0
23440113,1
22712352,0
22805574,0
23242133,1
23659543,0
23590656,1
23683377,0
22373806,1
23531806,0
23499481,1
22646016,1
22478771,1
23266710,1
22523205,1
23067829,0
23633922,1
23672732,0
23332706,1
22640722,0
23042156,0
22728414,1
23201836,1
23184431,0
23015689,0
22699974,1
22608913,1
22595990,0
23693344,0
23490577,1
22366819,1
22328128,1
22469940,1
22342036,0
22391403,0
23041524,1
23526313,1
23366939,0
23362702,0
22384983,1
22677955,0
22445769,1
23103843,0
22975616,0
22625497,0
22662245,0
23306853,0
22471341,1
22817827,1
23478854,0
22347299,1
23711058,0
22443238,1
22656985,0
22482036,1
23002197,1
23705143,0
23478752,0
23377493,1
22798693,1
22873720,1
23309263,1
23545713,1
22571308,1
22601724,1
23582812,1
23080532,0
23157686,0
22443398,1
22394444,1
23462944,0
23579021,0
22675959,0
22575275,1
22688069,1
23147008,0
23050872,0
22423818,0
22602257,0
23092438,0
23554654,1
23101497,1
23126052,1
23345731,1
23446112,0
22608255,0
23450548,1
23226566,1
23012548,0
22909159,1
22402351,0
22658043,1
23514951,0
23203097,0
23013720,0
22646456,1
23418019,0
23519657,1
22653801,1
23031132,1
22753588,0
22816796,1
23017007,0
23079618,1
23357536,1
22592045,1
22693608,1
22797572,1
23318070,0
22456590,1
23157330,0
23654085,0
22768881,0
23385890,0
23144063,1
23493357,1
22583169,1
23116341,1
23586769,0
22856132,1
22574458,1
23364005,1
23447139,1
22987014,1
23472133,1
23687634,1
23461732,1
22697660,1
22346186,0
22496403,0
23465232,1
23584275,1
22951524,0
23656175,0
22384897,1
22633899,0
22863075,1
22685689,1
23550311,0
23238969,1
23124964,0
23187028,0
23336917,1
23345961,0
23575174,0
22541131,1
23439311,0
23139943,1
22486791,0
22776518,1
22855467,1
23695694,0
23575844,1
23465193,1
23569490,0
22932478,1
22745973,1
22666078,1
22326793,0
23604232,0
23266198,0
22975604,1
22896948,1
23141514,1
22830226,1
23378479,0
23200488,0
22613791,1
23032951,1
23441790,0
22780033,0
22684662,0
22411907,0
23592260,0
23401223,1
23300690,0
22984176,0
23726712,0
22742487,1
22903908,0
22413504,1
22895593,0
22724868,0
22768719,1
22430812,1
23201637,0
22545427,0
22781466,1
23124333,0
22723648,0
23262200,0
22571315,1
22850775,1
22714199,0
23630847,1
23068050,1
23018141,0
23495126,1
22361365,1
23205726,0
22837499,1
23095616,1
23201378,0
23260284,1
22595621,1
23303409,0
23482767,0
22622657,1
22575213,1
22848186,0
23749855,1
23276682,1
22968377,1
23060579,0
23362319,0
22692557,0
23531850,0
22693954,1
23619202,1
22769474,1
22658239,0
22852913,1
22431036,1
23370500,1
22906732,1
23129758,1
23438259,1
22400107,1
23100355,1
22934921,1
23263958,1
22505267,1
23651289,1
22422605,1
23545490,1
22746076,0
22380857,1
22797446,0
23496136,0
23701005,1
22839575,0
23011028,1
22748024,1
22693728,1
23300216,0
22712018,1
23745426,0
23732646,0
23533875,1
23610187,1
23585387,0
22672820,1
22442978,1
22400323,0
23716797,0
23552053,1
23677529,1
22737289,1
23006357,1
23032708,0
22821254,1
23531370,1
22821571,1
22770929,1
22759538,1
23678481,1
22339393,0
23392198,0
23102346,0
22585403,0
23299205,1
23643906,0
22885791,1
23569512,1
22410579,0
22339957,1
23223293,0
22812375,1
22829064,1
23668404,1
23242247,1
23703679,1
23201465,0
23591454,1
22634485,0
22844042,1
22509696,0
23133350,1
23216732,1
23286744,0
23051101,0
23183836,1
23390691,1
22865526,0
22553403,1
22746532,1
23054180,1
22445286,0
22838494,1
23389801,1
22614157,0
22482896,1
23263393,0
22425018,1
22578184,0
23364526,0
23038225,0
23698794,0
22807241,1
22332290,1
22485551,1
23447861,1
23003659,1
22796692,1
22868539,1
23551826,0
22616859,1
22579714,0
22475696,0
23375753,0
22818195,1
22788681,0
23550916,0
23355387,1
23073458,1
22773829,1
22795624,1
23327737,1
23041576,1
22897353,1
22848894,1
23609543,0
23726397,1
22953476,1
22770119,1
22404046,1
23167981,1
23118380,1
23674765,0
22474972,1
23517571,0
23067256,0
22969764,1
23008760,1
23326900,0
23574174,0
23576555,1
23043797,1
23550619,0
23064689,1
22387128,0
22348534,1
23743322,0
22944770,1
23433136,1
22735564,1
23515304,1
23390281,0
22998298,0
22704649,1
23588771,0
23162489,1
22428097,0
22689372,0
22863506,1
22560802,1
23688654,1
23470753,0
23666800,0
23148897,1
22698791,1
23029276,1
23541600,0
22810180,1
23022006,1
23311017,1
23619686,1
23495926,1
22992180,1
22658291,1
22733647,0
23405870,0
22568016,1
23068215,1
22621844,1
23525165,0
22954619,1
22748048,1
22581772,1
23493473,0
22337581,1
22861033,1
22645000,1
22887932,1
23481812,1
23178162,1
22343755,1
23427129,1
22603010,1
23668398,0
22475857,1
23119651,1
22878850,1
22475876,0
23145027,1
23394354,0
22896497,1
23156849,0
23539589,0
22859943,0
23621102,1
23663506,1
23117741,1
23478957,1
23358855,1
22911965,0
22498642,1
22677085,1
23527315,0
23089900,1
22854355,0
22577806,0
22906526,0
23497617,1
23230550,1
22647503,0
22856610,0
22524478,1
23755506,1
22376593,0
22530583,1
23713848,1
22950237,1
22513929,1
22450740,0
23232209,1
22770521,1
23704582,1
22608782,0
23180485,1
22609184,1
23096861,1
23017225,0
23657173,0
22856452,0
23250349,1
22799372,1
23604545,0
23421205,1
23648624,0
23707031,1
22847462,0
23599937,1
23566683,0
23701673,1
22470800,0
23463583,0
23718012,0
23724316,1
23672004,1
23229377,1
22855222,0
22389144,1
22967952,1
22427394,0
23395135,1
22567255,1
22804115,1
22522813,1
23720807,0
22459562,0
22655059,0
22767546,1
23146356,0
23316346,0
23270666,1
22587677,1
22773885,1
23710601,1
23045508,1
23467921,0
23248140,0
22868535,0
23529812,1
23580166,1
23470770,1
22845058,1
22459346,0
22458427,1
23234364,1
22982512,0
22515592,1
22488960,1
22928618,1
22596294,0
23391046,1
23362387,1
23720888,1
23761265,0
22512184,1
22636106,1
22427857,0
23263117,1
23296250,0
23420725,1
23212912,1
23676781,0
23591528,0
22438630,0
22394661,1
22755415,1
23533590,1
22936341,1
23448204,0
23595523,0
22749191,1
23215297,0
22682482,1
23398727,1
23002691,1
23526214,0
22476177,1
23714833,0
23179684,1
22913363,1
23067514,0
23652853,0
23370108,0
23262048,1
22537145,0
23636351,0
23528304,1
23152083,1
23220700,1
23725995,1
22489858,1
22616865,0
23108025,0
23115274,1
22854956,1
22983480,1
22700870,1
22869789,1
23339244,1
23325497,1
23250912,0
22982799,0
23523953,0
23123492,1
22412345,1
22392749,0
22454004,1
23228550,0
22453599,0
23053375,1
22633068,0
22551954,1
23450947,1
23179668,1
23734039,1
23363919,1
22937863,1
22893135,1
22911011,0
23201664,1
23125831,0
23202415,1
23067975,0
23032658,1
22517075,0
23312193,0
23556730,0
23737366,0
22969958,1
23191946,1
23609907,0
22825586,0
23168345,1
23290020,0
22572969,1
22343455,1
22491511,0
23377200,1
23315034,1
23684172,1
23518409,0
22413778,0
22903369,1
23212793,1
23721387,1
23680380,0
22732578,0
23551133,0
22364859,1
22445571,1
23315375,0
23674614,0
23238427,1
22460048,1
22431692,1
23704468,0
23586129,0
22821027,1
23411805,1
22545843,0
23570796,0
22666691,1
22448192,0
23435448,1
23260962,1
22392979,0
23683636,1
22522615,1
22864444,0
23603046,0
23368636,1
22891222,0
22697728,1
22910718,0
23086165,0
22606092,1
23046852,1
22971110,1
22455895,0
22500906,0
22393311,0
23356018,1
22920619,1
23585295,0
22949209,1
22654549,0
22550149,1
22543208,0
22741977,0
22622198,1
23413059,0
22529311,1
22484434,1
23061604,0
23422844,0
22749463,1
22883493,1
22569006,1
23276947,1
23381473,1
23083229,1
23536211,0
23257130,1
22907705,1
23284198,0
23687746,1
22439852,1
22587564,0
22598619,1
23218748,1
23279221,0
22881529,1
22800262,0
23108908,0
22482144,0
23759074,0
22462661,0
23157774,0
23683944,1
23576764,0
22672911,1
22568178,1
22532607,1
22418555,0
23450124,0
23147753,1
23592295,0
23411008,0
23758546,0
23428441,1
23126672,0
23510423,1
23156948,1
23085782,0
23474821,0
22444543,1
22526061,1
22775948,1
23324386,0
22343695,1
23652533,1
22695433,1
22903136,1
23264563,1
23455552,1
23149719,1
22844934,0
23305363,0
22713124,0
22547218,0
23061106,1
23184117,1
23443125,1
23036344,0
23261727,1
23240685,1
23272421,1
23220878,1
23040828,0
23383476,0
22729209,1
23056095,1
23060865,1
22511464,1
22730832,0
23023577,1
22735060,1
23156079,1
23598271,0
23135212,0
22562851,1
22467185,1
23236810,0
23421296,1
23753614,1
22330264,1
22664442,0
22500933,1
22838351,0
23519523,0
22920647,0
23196108,1
23118658,1
22815530,1
22810620,1
23624178,0
22796895,1
23254251,1
22964910,0
22721162,0
23465745,0
23124417,1
23309113,1
23340982,1
23658762,0
23376563,1
22869420,0
23604509,0
23134434,1
22598554,0
23651217,1
23499789,1
23189771,1
22458550,1
23739501,1
23003772,0
23043117,0
22690407,1
23563053,1
22455235,0
22902933,0
23249986,1
23703259,1
22884255,1
23568067,0
23228110,0
22912259,1
23699447,1
23450130,1
23530958,1
23009753,0
23079444,0
23453175,1
23000791,1
22924852,0
22388826,1
23376959,0
22549314,1
22897873,1
22743522,0
22410655,0
23568623,1
23732154,0
23035008,0
23307720,1
22763964,0
23128169,1
22340212,0
23391432,0
22754648,1
23562220,0
22850504,1
22678973,1
23272191,1
23756509,0
23243119,1
22340969,1
22804793,1
22656208,0
23049958,0
22909373,0
23674544,1
23711801,1
22377904,1
23677621,1
22828879,1
22647197,0
22689925,0
23371257,0
23677043,1
22594278,0
22524358,1
23336570,1
22453880,0
23516317,1
23348416,0
22815277,1
23197399,0
23595973,0
23746999,1
23019869,1
23410782,1
23637370,0
22537522,1
22433262,1
22550247,1
22409098,1
22665368,0
23604818,0
22440140,1
22881393,0
23429939,1
22342975,1
22466389,1
22851140,1
22603106,1
23064084,1
23011608,1
22630801,0
22565922,0
22595605,0
23587640,1
23479366,0
23691621,1
23695854,1
22959274,0
22525713,0
23014972,1
23691356,0
23280371,1
22836238,1
23383492,0
22828971,1
23462435,1
22641102,1
23426191,1
22969263,1
22836078,0
23385438,1
22567267,1
23276644,1
23578014,1
23545874,0
23287314,0
22461373,0
23017963,0
22759745,0
23156674,1
22884530,1
23467521,0
23062969,0
23207318,1
22905798,0
23636710,1
23058123,0
23453649,1
22925150,1
23632478,0
23422879,1
22602268,0
22441330,1
22544766,1
22457456,0
22668494,0
23225325,0
23112812,0
22934456,0
22793745,0
22355760,0
23170701,1
22543517,0
23037053,0
22524473,1
22932963,0
23591726,0
23588769,0
23536090,0
23352500,0
22981966,0
23264438,1
23707378,0
23630134,0
22858625,1
23077479,1
23231178,0
23043326,0
23345720,1
22891193,0
22347792,0
23165420,0
23373768,1
23347690,0
23074839,1
23385317,0
23286618,1
23426011,0
23319136,0
22513377,1
23390251,0
23185361,0
23265707,1
22441781,1
22964206,1
23597077,1
22403192,1
23568189,1
23516826,0
23476530,1
23675445,1
23732935,1
22386377,0
22558963,1
22476614,0
23011772,0
22490523,0
23568931,0
23219841,1
22643326,0
23677406,0
23162729,1
22331962,0
22676440,1
23321636,0
22714622,1
22696798,0
23710984,0
23560295,0
23271549,1
23417548,1
22365646,1
22526584,0
23716198,0
22389553,1
23638962,1
22578943,0
22664120,0
22899928,0
22826485,0
22381612,1
23118292,0
22625641,1
23063755,0
23498916,0
23192247,0
22358065,1
22454183,1
22471125,0
22711462,1
23628500,1
22742245,0
22535371,1
23221398,0
23084071,0
23297037,1
22945451,1
23679224,1
23656844,1
22915770,1
22916493,1
23007462,1
22592479,1
23007710,0
22374321,1
23305617,1
22663608,0
23149890,0
23531107,1
23227049,1
22469517,0
23491328,0
22724284,1
23492419,0
23526286,0
23713881,0
22832589,1
23410404,1
22590790,1
23443008,1
22521472,0
22885684,0
22432740,0
22703209,1
23304148,0
23490520,1
22471689,1
22989024,0
22666630,1
22613822,0
23145014,1
23391028,1
22976250,1
23412823,0
23701556,1
22862959,1
23266373,1
23315829,1
23107899,1
22565987,0
23693394,1
22603001,1
22930098,0
23736072,1
22779815,1
23580596,0
23468198,1
23738875,1
23078561,1
23035474,0
22858976,0
22429798,0
22811109,0
22369946,0
23589108,1
22333017,1
22739979,1
23302999,1
23191544,1
22870910,0
23500593,0
23146033,1
23326406,0
22663829,1
22354249,1
22534872,1
23236115,1
22890144,1
22982234,0
22730201,0
23703183,1
22751122,0
22988740,1
23726013,0
22754711,1
22498300,0
23397421,1
23380314,0
23282283,1
22743196,1
22814859,0
22359245,0
23205321,1
23103085,0
23176696,0
23345938,0
23507079,0
22785955,1
22871314,1
23733051,0
23086629,1
23730964,1
23286931,0
22329815,0
22780743,1
23120136,0
23666798,1
22909220,1
23317460,1
22756911,0
22775281,1
22939360,0
22680546,1
22943916,0
22793836,1
23176165,0
23409059,0
23207874,0
23670958,1
22993922,1
22860127,0
22357700,1
23266973,1
23347960,1
23173452,1
22555953,1
23642823,0
22470709,1
22845181,1
22735094,1
22561023,1
23236737,0
23741359,0
22952212,1
22924165,0
23666523,0
23463689,0
23605864,1
22470848,0
22352616,1
23433340,1
23690731,1
23299213,0
23532204,1
22881927,1
23177646,1
22591321,1
22599994,0
22942620,1
23032414,1
23029290,1
23317004,1
22701683,1
22612031,1
22974422,1
23213703,0
22563628,0
23559810,0
22637123,0
22369224,1
23209430,1
23357665,1
23255090,1
22718559,1
23741322,1
23470296,0
22934542,0
22565115,1
23618193,1
22694173,0
23093680,0
23487439,0
22899427,0
23152786,0
22584122,1
23473691,1
22784094,1
23746053,0
23412191,1
23606186,1
23535747,0
23602082,1
23085981,1
22741798,1
22671572,0
23380205,0
22481904,0
23736264,1
22724029,0
23559662,0
22900300,0
23061676,1
22633426,1
23466818,0
22502587,1
22725874,0
23291596,1
23005785,1
23701152,1
22387848,0
23487854,1
22929597,0
22416988,1
23039765,1
23408529,1
22940090,1
22561143,1
23350747,0
23032726,0
22990693,1
23314183,0
23657906,0
22817753,1
23518910,1
23662907,1
23512834,1
22868141,1
22420832,1
23023116,0
23228342,0
23130741,0
22670946,1
23387665,1
23704715,1
23222668,1
22946871,0
22421927,1
23208517,1
23058377,1
23199759,0
22489931,1
22564684,0
22787531,1
22839299,1
22515564,1
23179920,1
22587198,1
22470349,0
22966113,1
23366074,1
23238937,1
23387646,0
22831623,1
22547279,0
23165668,1
23293740,1
23000489,0
23403618,0
23569383,0
22612004,0
23602255,0
23064636,0
23483076,1
22789431,0
22424754,1
23119336,1
23301944,1
23440733,1
22963139,0
22595606,0
22788198,1
22802010,1
23406983,1
22891621,1
23146915,1
22672753,1
23066771,0
22487241,1
23038697,1
23092686,0
22821461,0
23335111,0
22577482,1
22833524,1
22529852,1
23108188,1
23156732,0
22371911,0
22637736,0
23324903,1
22971672,1
23400155,1
22412365,1
23251190,1
22644426,1
22447812,1
23731664,0
22862228,1
23595722,0
23486694,1
22627412,1
23526108,0
23759364,0
22793694,1
22609586,1
23554926,0
23484359,1
23412711,1
22408605,1
23322615,1
23255245,0
22545176,1
22978280,0
22719349,1
22750109,1
23504157,1
22471550,0
22394305,1
23233750,1
23178437,0
23016723,1
22837661,0
23506097,1
23174024,1
23719057,0
22454166,1
23128919,1
22525636,0
23208683,0
23088705,1
22795413,1
22365733,1
22843180,1
23270010,1
22792249,1
22795546,1
22498605,1
23439022,0
23079326,1
23192590,1
23305244,1
23390645,1
23621967,0
23534920,1
23146681,0
23648817,0
23733036,1
23505065,0
22840228,0
23027898,1
23001008,1
22422460,0
22870144,0
23609727,0
22353495,0
23268197,0
23009471,1
23204811,0
22966777,1
22691338,1
22446498,0
23341140,1
22798986,1
23214094,1
23145069,1
22711373,1
23275108,0
23417740,1
22377534,1
23120624,0
23289379,0
23637445,0
23576572,1
23747982,1
22765246,1
23433591,1
23251908,1
23541613,1
22864195,0
23248766,1
23760438,0
23223478,1
22765005,1
23384703,0
23343956,1
22690027,1
23726298,1
22358940,1
22639765,1
22641362,0
23570023,1
22676018,0
23728152,0
22503069,0
23390238,1
22678740,0
23307320,1
22406321,1
22943369,0
23485531,1
23725465,1
23418450,1
23357872,1
22511760,0
22570979,0
23113430,1
23402065,1
22348725,1
22772536,0
22432294,0
23513547,1
23162037,0
22724419,1
23118568,1
23135950,0
22717494,0
23342082,0
23353859,1
23388219,1
23417153,1
23187740,0
22518356,0
22502657,0
22440150,0
23137075,1
23702548,1
22930469,1
23127099,1
23496270,1
23124900,1
22735579,1
22826489,1
23164757,1
22789869,1
23152692,1
23287430,1
22931752,1
22503801,0
22654457,1
23082685,1
23476052,1
23540423,1
22611657,0
22553631,0
23003380,1
22704982,1
22874044,0
23060081,0
22834856,0
22497095,1
22381268,1
23566846,1
22413290,1
22828153,1
23514467,1
23296857,1
23396211,1
22385600,1
23710996,1
23549385,0
22879977,0
23502819,1
23339015,1
22489208,1
23118455,1
22959244,1
23504690,0
23246440,1
23251322,1
23107406,0
22496184,1
23570470,0
22871768,0
22422833,1
22676379,0
23243885,0
22689271,1
22565023,0
23331029,1
22440818,1
22403193,0
22970516,1
22669941,0
23582617,0
22794106,1
23443092,1
23084072,0
23194670,0
23241776,0
22453155,0
23575834,1
23503975,1
22828172,0
22821831,1
23180876,0
22498958,0
23568435,0
22346223,0
22804218,1
22795186,1
23355874,1
23596533,0
23428774,0
22970212,0
22416048,1
22875967,0
22571313,0
23374758,1
23738040,0
23165947,0
22993710,1
23322768,0
23380176,1
22479788,0
22726703,0
22621026,1
23440462,0
23601287,1
22436814,0
23280627,0
23436814,1
23414825,1
23028090,0
23643486,1
23572716,0
22766344,1
23522041,0
23400535,1
23204050,1
23225198,0
22669645,1
22491717,1
22424416,0
22777366,0
23341341,0
23476177,0
23279573,1
22980903,1
22495146,1
23428413,0
23562860,1
23592171,1
23590173,0
23507101,0
23634558,1
23334368,0
22634645,1
23458647,0
23431537,0
22532194,0
23265404,0
22908459,1
23278008,1
22550388,1
23562754,0
22875100,1
23141447,0
23660864,0
23016416,0
22978849,1
23587700,0
23551711,0
23007949,0
22628516,0
22391252,1
22658090,0
22554217,1
23291490,0
23672158,1
23275006,1
22448320,0
22886850,1
22885404,0
23003777,1
23061473,1
23460482,0
22761314,1
23454186,1
22613715,1
23400891,0
23022514,1
22637925,1
23348841,0
22675090,0
22828063,1
23086287,0
22852386,0
23629970,1
22553597,0
22671239,1
23613256,1
22433233,1
23712280,1
22556421,0
22855737,0
22369351,1
23010671,0
23233495,0
22584240,1
22397272,0
23369283,0
23259016,1
23397013,0
23119087,1
22929774,0
22370012,1
22535898,1
22567937,1
23247235,1
23285595,1
23590515,1
22376892,0
23130090,1
22421940,1
23098886,1
23291741,1
23343434,1
23734935,1
23552319,0
23582709,1
23019957,0
22349539,1
22795187,1
23388264,0
22372400,0
22920441,0
22603476,1
22614861,0
22360187,0
22555810,1
23221427,1
23635611,1
23625578,1
22478508,1
23559135,1
22459393,0
23730241,0
23394133,0
22615898,1
23679002,0
22868915,1
22609568,0
23119027,1
22944758,1
22524813,1
22925467,0
22845141,1
22768057,1
23706078,0
23675022,1
23557481,1
22519986,1
22857182,1
23747878,0
22403506,1
23737601,1
23136919,0
22566326,1
22907461,0
23451460,1
23314930,1
22605829,1
22741728,0
23011115,1
22414938,1
22516650,1
23124890,0
23701037,1
23711022,0
23000778,1
23182765,1
22620268,1
22994322,0
22599368,0
23716505,0
23126894,1
23151927,1
23426321,0
23640939,0
22368460,0
22702372,0
22377842,0
23623675,0
23086113,0
23100389,1
22757567,1
23653070,0
23467198,0
23249331,0
22637295,0
23333043,1
22633311,1
22443798,1
22433923,0
23387207,1
22491154,0
22401817,0
22609078,1
23082890,1
22567470,0
22466040,0
22955702,1
23605314,1
22348429,0
22805497,1
23099049,1
22451703,0
23497376,1
23414462,1
22556786,0
23298955,1
23103100,1
23626547,1
22333080,0
23658379,0
23670498,1
23485202,1
23632607,1
23400849,1
22945661,0
22472833,1
23056758,0
22699686,1
23244014,0
23193525,1
22709427,0
22556883,1
23688714,1
22852812,1
23325473,1
22514599,1
22552372,1
22371107,0
23112315,1
23089975,1
22597484,0
23119076,1
23284745,1
23054898,1
22995906,1
23165706,0
23362578,1
23304214,0
23587310,1
23155468,0
23733808,1
23269691,0
23566036,1
23432219,0
23740556,1
23005567,1
22366705,1
22918022,1
22875527,1
22660538,0
22784969,0
23598247,1
23293031,1
22428834,0
23594933,0
23303122,1
23362174,1
23669146,1
23285781,1
22383318,0
23006509,1
22972666,0
23264041,1
23515686,0
23234279,0
22746694,0
22694739,1
23165067,1
23293322,0
23004871,0
22789101,1
22594541,1
22827246,1
23168327,0
23612106,1
22862799,1
22601007,1
23523529,1
23640809,1
22723240,1
23248038,0
23581839,1
23435691,1
23630358,0
22603552,1
23414086,0
23255335,1
23312693,1
23367588,1
22759886,0
23743444,1
22799263,1
22984797,1
22922949,0
23041999,0
23182848,1
22975839,0
22899023,1
22960490,1
23542077,1
22648894,1
23101886,1
23139095,1
23159850,1
23090540,0
22773804,1
23451253,1
22966862,1
22375835,1
22605765,1
23489074,1
23072834,1
23743974,0
23528824,0
23483087,1
23448986,0
23509721,1
22328881,1
23177676,1
23488731,0
23267176,1
23548327,0
22383270,1
23567847,0
23423032,0
23070141,1
23295579,1
23494285,1
23684707,0
22881950,1
22921336,1
22451984,1
23127944,0
22531900,0
23407920,0
22698044,0
22529644,0
22530391,0
23555451,1
23496083,0
22967224,0
23240063,1
22954955,1
23053559,1
22592006,0
22513379,0
23549863,1
23589109,1
23756834,1
23318545,1
23048937,1
23133530,1
23691905,1
23128298,0
23577635,1
22944115,1
23506684,1
23089050,1
22919371,1
22511933,1
23349602,0
23333709,0
22503609,0
23077447,1
22675498,1
23256733,0
22468412,1
22448334,1
23551171,1
22467051,1
23579889,1
22707061,1
23168055,0
23404487,0
22922324,1
22494106,0
22871529,1
22397746,1
23122341,1
22565145,0
23303102,0
22965890,1
23329030,1
23210422,1
23263162,1
22595887,1
23082626,0
22470669,0
23385194,0
22929399,1
22723281,1
22788968,0
23663676,1
23015741,1
22771394,0
23345858,0
22684177,1
23025767,1
23003756,1
22909918,1
22735861,0
23465501,1
22921343,1
23549902,0
22361799,1
22643168,1
22382644,1
23696277,0
22770128,1
23047218,0
22887545,1
22918705,0
22854402,1
22434741,1
22864429,1
22421176,0
23107234,1
23571336,1
22657083,1
23337775,0
23003206,1
23474723,0
22793447,0
23760899,0
23023536,1
23599605,1
22706526,0
23549941,0
22815397,0
22549309,1
23076106,1
23538309,1
23479803,0
22605848,0
23526395,0
22340227,0
23367949,1
23273209,0
23552767,0
22528466,0
23175864,1
23356851,0
22685930,1
23030933,1
22823680,1
22702448,1
22434675,0
22619067,1
22641577,0
22445162,1
23589069,1
23543161,1
23013768,0
23531391,0
22477800,1
23477410,1
22376879,1
22811349,1
22796741,1
23310361,1
23135184,0
23447272,0
22382037,0
23104236,1
22723288,1
22341202,0
22699205,1
23447906,0
22509971,0
22445969,1
23143964,1
22866230,0
23200158,0
23536574,0
22911577,1
23603378,1
22656731,1
23009876,1
22940721,1
23016030,1
22434179,1
23684155,1
22543715,0
23270410,1
22423635,1
23525312,1
23677412,0
22549626,1
22871313,1
23684538,1
22533333,0
23322805,0
22533126,0
23700964,1
23389638,0
22407575,0
22918797,1
22454943,0
22714080,0
23440955,1
23636222,0
22437051,1
23140836,0
22534699,1
23072272,0
22637189,0
22981757,1
23195942,0
22837068,1
23697665,0
22340965,1
22341234,0
22940080,1
23465861,1
22340567,1
22500237,0
23546494,0
23385170,1
22518680,1
23292792,1
22557071,1
22440079,0
22558326,1
23362930,1
22473438,0
23010532,1
23216063,1
22472064,1
22854639,1
22392082,0
22431128,1
23690466,0
22376488,1
23565070,0
22429060,0
23349973,1
23524161,0
23484235,0
22894138,1
23343641,1
23171606,1
23411936,0
22723700,1
22729108,0
22456554,1
23701936,0
22745824,1
22946308,1
23137128,1
22555733,1
23470425,1
23711964,1
22351748,0
23475315,0
23072799,1
23741098,1
23449728,0
23414886,1
22386957,1
23207695,1
22461053,0
22479675,1
23667655,1
23193157,1
22764176,1
23325274,1
23498397,1
22628420,0
23499209,0
23639487,1
22965257,1
23128191,1
23357233,1
23078468,1
23310160,0
22932007,1
22506806,0
23323210,1
23221821,0
22750173,1
23731587,0
22370045,1
23653015,1
22813730,1
23120323,1
22554607,1
23235395,0
23586655,0
23341571,0
22490260,0
23249461,0
22922343,1
22451836,1
23113367,0
23290533,1
22918722,1
23611687,0
23665409,1
23707923,0
23133897,1
23478629,1
23441320,0
23506079,0
22799311,0
22400138,1
22676287,1
23260794,0
22685433,1
22753342,1
22380907,1
23324583,1
23743513,1
22666985,1
23266621,1
23665416,0
23201687,0
23690087,1
22646450,1
22882273,0
22608826,0
22457812,1
23397737,0
22938613,1
22500425,1
23082898,1
22607051,1
22349888,0
22897718,1
22818594,0
23627926,0
22771220,1
23619531,0
22898542,1
23364253,1
23429738,1
22803145,1
23311346,0
22596796,0
23440636,1
22959952,0
22633590,1
22735931,0
22804957,1
23712545,0
22541288,1
22562247,1
22403433,1
22346421,1
23596804,0
23720050,1
23132567,1
22652201,0
23614269,1
22544039,0
23397642,1
22789130,0
22754036,1
22660739,0
22569104,0
22865885,1
23287223,1
22883319,0
22860835,0
23567151,0
22870540,0
22894515,0
22516093,1
23490980,1
23744230,1
23499222,0
22525210,0
22372195,1
23008885,1
22492633,0
22957666,1
22563994,1
22898603,1
23756971,1
23400389,0
23317979,1
22937392,1
23172227,0
22631738,0
22354510,1
23359654,1
23671280,1
23280784,1
23234133,1
23599632,0
23473943,0
23101396,1
23130505,1
23496955,1
23369426,1
23610419,1
22824813,1
22681561,0
22437703,1
22839300,1
22506744,0
22947464,1
23613406,1
23756690,1
23513842,0
22881722,1
22729793,0
22499512,0
22384536,1
23328986,1
22835013,0
23489649,0
23639462,0
22603065,1
23109334,1
22874116,1
22677554,0
22434958,1
23090250,0
23431829,1
23224946,1
23298265,1
22469927,0
22640283,0
22511597,0
22689299,0
23331359,0
23196890,1
22776603,0
23700803,1
22536887,1
22490210,0
23377194,1
22661303,1
22741126,1
23651564,1
23549133,0
22665002,1
22616069,0
23536426,1
23522055,0
23041350,1
23479340,0
23136049,1
22684654,0
22655590,1
22484845,1
22689189,0
23237827,1
23455606,0
23234605,1
22527929,1
23684174,1
22638322,1
22986748,1
22369944,0
22529126,1
23574238,1
22471177,0
22463254,0
23674402,1
23525125,1
22337863,0
23376385,0
22698232,1
23164335,1
23387688,1
23576357,0
23047005,0
22897304,0
23473234,1
23158704,1
23110034,1
23290061,1
22961150,1
23304371,0
22460998,1
23109426,1
22366774,0
22430125,1
23178533,1
22614563,1
22473723,0
22369831,1
23430564,1
22548185,0
22921679,1
22577142,1
22694524,0
23309464,1
23759553,1
22760076,1
23076792,0
22635568,0
23358454,1
22891056,0
23705013,1
23262838,0
22413266,1
22825770,0
23131978,1
23099174,0
23121474,1
22838792,0
22688210,0
23573415,0
23239355,0
23682428,0
23080953,0
23711706,0
23065068,0
23586629,0
22859434,1
23734017,0
22585710,0
23579457,1
23122355,1
22636452,1
23180086,1
22523983,1
23663227,0
22483776,1
23374600,1
23106647,1
22415555,0
22868708,1
22470089,0
22929012,0
22652463,0
23130465,1
23715473,0
23086383,0
23359004,1
22685583,0
22865641,1
22736372,1
22763789,0
23350684,1
22621214,0
22330259,1
22903380,1
23406273,1
23688853,0
23494298,1
22577129,1
22694255,0
22887650,1
23175951,0
23099884,0
22778168,1
22923311,0
22662624,1
23687168,1
23668603,1
22766755,0
22819336,1
22401900,0
23541398,1
22667113,1
23220014,1
23337275,1
23561112,1
22431005,0
23156833,1
23060112,1
22967609,0
23643525,1
23628600,1
23180447,1
22976564,0
22437417,0
22939749,1
22457943,0
22388555,1
23415916,0
23367859,0
22417545,1
22678168,1
22978011,1
23527150,0
23114167,1
22785122,1
23239861,1
23182401,1
23252301,0
23354998,1
23445430,1
22979289,1
22645764,1
22409927,0
22736655,1
22389251,1
23348478,1
22939089,0
23127567,1
23247765,1
22666123,0
22767917,1
22499272,1
22584859,1
22579566,1
23710469,1
23214973,1
22528283,1
22331586,0
23197921,1
23757440,1
22461485,0
23757573,0
23615863,0
22493065,1
22795614,1
22688416,1
22853441,0
22747762,0
22510596,0
23377131,1
23280330,0
22369253,1
22718786,1
22660806,0
23443632,1
23477483,0
22853412,1
22997289,1
22499088,1
23051525,0
22382682,0
22758296,1
22768538,1
23296280,1
23017292,1
22504340,1
22834471,1
23066576,0
23712995,0
23670129,0
23734186,1
23072754,0
23174118,0
23743094,1
23523694,1
22343500,1
22843803,1
22576093,1
22967932,0
22651270,0
22554484,0
23518146,1
22990838,1
23653357,0
23252850,0
22669591,1
23531154,1
22421410,1
22695283,0
22791808,1
22713182,1
23019076,0
22564259,0
23460466,1
23053264,0
22758038,0
23211172,0
23717859,0
23522649,0
22594160,0
22637145,0
23342063,1
22916799,0
23397353,1
23455455,0
23706743,1
22767428,1
23568473,0
22402950,1
23305189,1
23249769,0
23170614,0
22549521,0
22474938,0
22522445,0
22468251,1
23395510,1
23313608,0
22550642,0
22981427,0
23334581,1
22332112,1
23607284,0
22648215,1
23480427,0
22568176,0
22820159,0
23420119,1
22912569,1
22560563,1
22863854,0
22699328,1
23665674,0
23457484,0
23105923,1
22894068,1
23186472,0
23730210,1
22442194,0
23289667,0
23240378,1
22590284,1
22454264,1
22782780,1
23737684,0
22741918,1
22988188,0
22647048,0
23089271,1
22979114,1
22330345,1
22630232,0
22859390,1
22975390,1
23683169,1
22474474,1
22946349,1
23635887,1
22451471,1
23319159,0
23379927,1
22917178,0
22919508,0
23506982,1
23760914,0
23379967,1
22765624,0
23397456,1
23350118,1
23437758,1
22667976,1
22941378,0
23378920,0
23282320,0
23524049,1
23657305,0
23469818,0
23017215,1
23739803,0
22973907,1
23422773,1
22776580,1
23166630,1
23193162,1
22373913,1
23200035,0
23287627,0
23094163,1
23649031,0
23263141,1
23085447,1
22585536,1
22389887,1
23265655,0
23200621,0
23436718,1
23316846,0
22723705,1
22377352,1
23243457,0
23235891,1
23019540,0
22670654,1
22773475,1
23374433,1
23020796,0
23063415,1
22425161,0
23184781,1
22763035,0
23229558,0
23686554,0
22500915,0
22886624,1
22926032,1
22703052,1
23523852,0
22949928,1
23199414,1
22572202,1
23715118,1
22721380,1
23237948,1
22781934,1
22453633,1
23424923,1
22544015,0
23451980,0
23081480,1
23171495,0
23578254,1
23351903,0
22404318,0
23254044,1
23467778,0
23106079,0
22332039,1
22688307,0
23676102,1
22910607,1
23177829,0
22506881,1
23615124,1
23135345,0
23533329,0
22466030,0
22326567,1
22791124,1
22370680,1
23062262,0
23530844,1
22682431,0
23172614,0
22410849,0
23634163,1
22957550,1
23252965,0
22773794,0
22839971,0
23156589,1
23519156,1
22814777,1
23527530,0
22652990,1
22396749,1
23643962,1
23548736,0
23740993,0
22353408,1
23603779,0
22758140,1
22513077,0
23729910,1
23185168,0
22711610,0
22989266,1
22650415,1
22473660,0
23615793,1
22424460,0
22707112,0
23664491,0
22698298,0
22347756,1
23451670,0
23691536,1
22475665,1
22597887,1
23010614,0
22730506,1
23473439,0
23037135,0
23198668,1
23274262,0
23609523,1
23604489,0
22764973,0
22726112,0
22718719,1
23288135,0
23197470,1
23145770,1
23547697,0
23542277,0
22887795,0
22545154,0
22807618,1
23711402,1
23579957,1
23438463,1
23486960,0
23681250,1
22357461,1
23124555,1
22933809,0
23542832,0
22857592,0
23604355,1
23015701,0
22715415,1
23160254,1
23071222,0
22891226,1
22558506,0
22527661,0
22671525,0
22432515,0
23047751,1
23251210,0
22388238,0
23256920,0
22798152,1
22883224,0
23665777,0
22687829,1
22635805,1
23368342,1
23540752,1
22588016,0
22640224,0
23721128,0
22453253,1
23394535,0
22481674,0
22597795,1
22961949,1
22828329,1
23747653,0
23201195,1
22927871,1
22797942,1
22969229,0
23411714,0
23543133,1
23326328,1
23008854,0
23388463,1
23114139,1
22477260,1
23558674,1
23673484,1
22841389,1
22749056,0
23214807,0
23585597,1
23698905,1
23308370,0
22735437,0
22404849,1
22948304,1
23296472,1
22333119,1
22352627,1
22453244,1
22515329,0
23490999,1
23643469,0
22789966,1
23013387,1
22857237,0
22329415,1
23005893,1
22459126,0
23304243,0
23666901,1
22692059,1
23374472,0
23022464,1
23735069,0
22552518,1
22341043,1
23624972,0
23568181,0
23577800,0
22452894,1
23334844,1
23393844,0
23698201,0
22955952,0
22772180,1
23320983,0
23477691,1
22997712,1
22658404,1
23397031,1
23222763,1
22477304,1
22466070,1
23067026,0
22581087,1
23386599,1
23621057,0
23179006,0
23233263,0
23527823,1
23102658,1
23516673,1
23686359,0
23590611,0
22535963,1
23019807,1
23391328,1
22430284,0
23539224,1
23485905,1
22510851,1
23001921,1
22774083,1
22511418,0
23062988,0
22749267,1
22652343,1
22609232,0
22352595,0
23128150,1
23104388,0
23255385,1
23503616,1
22486658,1
22761477,1
22365717,0
23250655,0
22994324,1
22948297,1
22364490,0
23112896,1
22451653,0
23100492,1
22736722,1
22551815,1
22603735,1
22777741,0
23743783,1
22600826,1
23651410,0
22620237,1
22348910,1
22696146,0
22418236,1
23473417,1
23100157,0
23647596,0
23216699,0
22788766,1
23467395,0
22427817,0
22366102,1
23058684,1
23590395,1
23491281,0
22353889,0
23298632,1
22592675,1
22962862,1
23606378,0
23341909,1
23108837,0
23679333,0
22447520,0
22922469,1
22800002,0
22583705,1
23191441,1
22679814,0
23665810,1
23062932,1
22353624,1
22589923,1
23450235,0
22739712,1
23403842,1
23419125,0
23232543,1
23557737,1
23573541,0
23292297,0
23654881,1
22942671,1
22581589,1
22812608,0
23297659,1
23426602,0
22984251,1
22521062,1
23578038,0
22770822,1
22638988,1
22827753,0
22486845,0
22668193,1
23350338,0
22367758,0
22761393,0
23557993,0
23472446,0
22704049,0
22573453,0
23032714,1
22596129,1
23195636,1
22859057,1
22830381,0
22409649,1
23343019,1
22959091,1
22436236,0
23661765,1
23078159,1
23543101,1
23644111,0
22624533,0
23754828,1
22774672,0
23403470,1
23596867,1
23309288,1
23094099,0
22635128,1
23138127,1
22995154,1
23549740,1
22573808,1
23413056,0
23333784,1
22833178,1
23291760,1
22468644,1
23287797,1
23556173,1
23200259,1
23007522,0
22385119,1
23325636,1
22580828,0
23576413,0
22937394,1
23646908,0
22571097,1
23359406,1
23222019,1
22559805,1
22475462,0
23276691,1
22578432,0
23371066,1
23203148,0
23398725,0
23323690,0
23559069,0
23590109,0
23116245,0
23667372,1
22738167,0
23215593,1
23539046,1
23024225,0
22793180,1
22720702,1
23161614,0
23278410,1
22851589,0
22677056,1
23423781,1
22920849,1
23479661,0
22981930,0
23426959,0
23171353,1
23746311,1
22553598,0
22962972,0
23052940,1
23393594,1
23557199,0
22819818,1
23082407,0
23147971,1
22586547,0
22491131,0
23420429,1
23584796,1
23590742,1
23330211,1
22970398,1
23228274,0
22509075,1
22868475,0
22874964,1
22415164,1
23752787,0
23562791,0
23049794,1
23150872,1
22937481,0
23466757,1
22508019,0
22586436,1
23636683,0
22411673,0
23015404,1
22423454,0
23259932,1
23567886,1
23673717,1
22936119,0
23156760,1
23290561,1
22338541,1
23211969,1
22638942,0
22721987,1
23241351,1
22648982,1
23367499,0
23018820,0
23619846,1
23221130,1
22553240,1
23306762,1
23289299,0
22671163,1
23343318,1
23435430,0
22341882,0
23328281,0
22376887,1
22351679,1
23579046,1
22587817,1
22432208,0
23122987,1
23619887,0
22419722,1
22913512,0
23169967,1
22784274,1
23092022,1
22580514,1
23545728,0
22567388,0
23561924,1
22546608,1
23133076,1
23595227,0
22943724,0
22651003,0
22872175,1
23708581,0
22750016,1
23248670,1
22649219,1
23490967,0
23749906,1
22466946,0
23137877,1
23180549,0
23619350,0
23270635,1
22688300,0
23686512,1
23721989,0
22856596,0
23599425,0
22680568,0
23749364,0
22547991,0
23080683,1
22858630,0
23165776,0
23746771,1
23421617,0
23061826,1
23718514,0
23225609,1
23089491,0
22337208,0
22806075,0
22645376,1
22649681,1
23690765,0
23280421,1
23211121,0
23752004,1
23140894,1
23531601,0
22396961,0
23380621,0
22365513,1
23614882,1
22524464,1
23385250,1
22922989,1
23055653,0
23654392,0
22627951,0
22482779,0
22417231,0
23322839,0
22671990,0
23444615,0
23405696,1
23637634,0
22327579,1
23756567,0
23073401,0
22999546,1
22928394,0
23076884,0
22462770,1
23759642,1
22357535,0
22655653,0
22873003,1
22389416,0
22335476,0
22993650,0
22377773,1
23751192,1
23490934,0
23348269,0
23300719,0
23620039,1
22694664,0
23440648,1
22406467,1
22335355,1
22817168,1
22538609,1
22749298,1
23684480,0
22816673,1
23713937,1
23222733,0
22358524,0
23659768,0
23210024,1
22712809,0
23602148,0
22585919,0
22960736,1
23243392,1
23296611,1
23710905,1
22551214,0
23476929,1
22479012,1
23634258,1
22492564,0
23630219,1
22567997,0
22636800,1
22600619,1
23497770,0
23032738,0
22640922,1
23233758,0
23226081,1
22527708,0
23127912,1
23737003,0
23342830,1
22816255,0
22368901,0
23439535,0
22794403,1
22442218,0
22443964,1
23736956,1
22550177,1
23121591,1
23663132,0
23541723,1
22995697,0
23646977,1
23430199,0
23476018,1
23198741,1
23354604,0
22505506,1
23111220,1
22712287,0
22791392,1
23529001,1
23463787,1
23425722,0
22670002,1
23561836,1
22575817,0
23251050,1
22811904,0
22351978,0
23722724,0
22880112,1
23156847,0
23665988,1
23137393,1
23548097,0
23625459,1
22715412,0
23280600,1
22637657,1
23569905,1
22892664,0
23088583,1
22350002,1
23721453,1
22351360,1
23245987,0
23181729,1
23357562,1
22534240,1
22616954,1
22490487,0
22839450,0
22802199,1
22481988,1
23400620,0
23288150,1
22896912,1
23410601,1
22455448,1
22559991,1
23664714,1
23736581,0
22763729,0
22402363,1
23211541,1
23591512,1
23285831,1
23632591,1
22584878,0
23743224,1
22754434,1
23208481,1
23007609,1
22870008,0
23152067,1
22433992,1
22347377,1
23205611,1
23057892,1
23076878,1
22969097,0
23696357,1
22631352,0
23270044,0
23200303,1
22985462,0
22807631,0
22799441,1
23255893,1
22793142,0
23064265,0
23575212,0
22592230,0
23143847,1
23729409,1
22512826,1
23095710,1
23477426,1
22662841,1
23243927,1
22934173,1
23227357,0
22390055,1
23639100,0
23757851,1
23350486,1
22371064,1
23606553,0
23171007,1
22528063,0
22579880,1
22464480,0
23135454,0
22434007,0
22612563,1
22584695,1
23191190,0
22733806,1
23567458,0
22602913,1
23041289,1
23156772,0
23020204,1
23629200,0
22600811,1
23620724,0
23252858,1
23687555,0
22701684,1
22976673,1
22864759,1
23463389,1
22847895,1
22386775,1
23723832,0
22677676,1
22692702,1
23101998,1
23722764,1
23446568,1
22550647,1
22709001,0
23529875,1
22406676,1
22552748,1
22508412,0
22485161,1
22368087,0
23421341,1
22585044,0
22669168,1
23218149,0
22779898,1
22739918,0
22484633,0
23219888,1
23459579,0
22593655,0
23192461,0
22894891,1
22377685,0
23161432,1
23648227,0
23297107,1
22611906,1
23017538,1
22967286,1
23005486,0
22392618,1
23126724,0
23261957,0
23054288,1
22388106,1
23492081,1
22430461,0
23267843,1
23139944,1
23476354,1
22505646,1
22779096,1
22501146,0
23747454,1
22339166,1
23029721,1
22941907,0
23518804,0
22526736,0
23681345,1
22877792,1
22722374,1
22453140,1
22941961,1
23332915,1
22609398,0
23761402,1
23691556,0
22541876,1
23642418,1
23491583,0
23046552,0
22333035,1
23207251,1
22921428,1
22806985,0
23070551,1
22937084,1
23309355,1
22557494,1
22732204,1
23521344,1
22332333,1
22330677,0
23755252,1
22363419,1
22577627,1
22456779,1
23537586,0
23109416,1
23341919,1
22975010,0
23551848,0
22537090,1
23302392,1
23547008,0
22852430,0
22987744,0
23470796,1
22480608,1
23381646,1
23008188,1
23350315,1
23516957,1
22771861,1
22801785,0
22412935,1
23350165,0
22654874,1
22960521,0
22662822,1
22958662,1
22901839,1
23402343,1
22818432,1
23531167,0
23045748,1
23706056,0
22574600,1
22580058,1
22707502,0
23234393,1
22437020,1
23126157,1
23668437,0
23481239,0
22969486,0
22723158,1
23367719,1
22379141,1
23191778,1
23104581,0
23405587,1
23098600,1
22345176,1
23063004,1
23660224,1
23275111,0
23307097,1
22810226,1
22632165,1
23692092,1
22393765,1
23654749,0
22795285,0
23586058,1
23309942,1
22613524,1
23643522,0
22854178,1
23496123,0
23216173,0
23179665,1
22564157,0
22403704,1
22526272,0
23621133,0
23418334,1
22786626,1
23393226,1
22880475,1
22705512,0
22613299,1
23573376,1
22562495,0
22470862,1
23582054,1
23429782,0
23223130,1
23614998,1
23698519,1
22570426,0
22386361,0
22901308,1
23303526,1
23147112,0
23304203,1
22535748,0
23091896,1
23063089,0
23016527,1
23605082,1
23216417,1
22779491,0
22706108,0
23480499,1
22625126,0
23534786,1
22370688,1
22914359,0
22977639,1
22768757,1
23124476,1
22544723,1
23397772,1
22848521,0
22981150,1
23400490,1
22393906,1
23032177,1
23047530,0
23176740,0
22802293,0
23320185,0
23163579,1
22331865,0
22966940,0
23650652,0
22877037,1
23056056,0
22425967,1
22644460,0
23101184,1
23525092,0
22950913,1
23147710,0
22815362,0
22564002,0
22459842,1
22907034,1
23713602,0
23402204,1
22355565,0
23001056,1
23438883,1
22568973,1
22438726,1
22757055,0
23695381,0
23715715,1
22979236,1
22711448,1
22622176,1
23540025,0
23049164,1
22665554,1
22432507,0
23393948,1
23239375,1
23381177,0
23351434,0
23162967,1
23010638,1
22383506,1
23009017,0
22422748,1
23725799,0
23259530,0
23680169,0
22341919,1
22699567,1
22371762,0
22909855,1
22744436,0
23743665,1
22997794,1
22876436,1
22728802,0
22627122,0
23231088,1
23739385,1
22766203,1
23483606,0
22982872,1
23389419,1
23215148,1
23187513,1
22405397,1
22762804,0
23400915,1
23760716,0
22877579,0
23525644,1
22869278,1
23227647,1
23751460,1
23293591,0
23074424,1
23061610,0
23699193,0
22424375,1
23521355,1
23466301,0
23697502,0
23471635,0
23267144,0
22817135,0
23035647,1
23669397,1
22343236,1
22930960,1
22822112,1
22541944,1
23408742,0
23198764,1
22720149,1
23761637,0
23386115,1
22495644,1
23750570,1
23750029,1
23321779,0
23311838,0
22430372,1
23085088,1
23666814,1
22915817,1
22385898,0
22760856,1
22877926,0
23518105,1
22800759,1
23312618,1
22787339,0
23075520,1
22486578,1
22410908,1
23581949,0
23103903,0
23030488,1
22671549,0
22760458,0
22596427,1
22534349,1
22878299,1
23094241,0
22500209,1
23402727,1
23450372,1
23121735,0
23404546,1
23414821,1
23598341,0
23604600,0
23193710,0
23752863,1
23394013,1
23151722,1
23224954,1
23243641,0
23438092,1
23372122,1
23074818,1
23128235,1
22607629,0
22992130,1
22525817,1
22642190,1
23644596,0
23519832,1
23518681,1
22516633,0
22894762,1
22910347,1
22366105,0
23208850,1
22877398,1
22993687,1
23694757,0
22746157,1
23561941,0
23466776,1
22517769,1
22738657,1
22864648,1
23637527,0
23541883,0
23449769,0
22479070,1
22336458,1
22389303,1
23164861,1
22681432,0
23280144,1
23251062,1
22373603,1
23059722,1
23647612,1
23695743,0
22976497,1
22401927,1
23367481,0
22766411,1
23702545,1
22656511,1
23721395,1
22955886,1
22576510,0
22468304,0
23335559,0
22488431,0
22591094,0
22872327,0
22539578,1
22932915,0
22500871,0
23152103,0
23094306,0
22891141,1
22623128,1
23551085,1
23245087,1
22536422,1
22936248,1
23387757,1
23699589,1
23156456,0
23068539,1
22487596,1
23229642,0
22619038,0
22712095,0
23613607,1
22540159,0
22919193,1
23352819,1
23749345,1
22397614,1
23662880,0
23403434,0
22422317,1
23489773,0
23649841,0
22772985,0
23238188,1
22828812,1
22806495,1
22433165,1
23408236,1
22816921,1
23404949,0
23735334,1
22523415,1
22880297,1
22750494,1
23250714,1
22731835,1
23472655,0
22653772,1
23433300,1
23188101,1
23192801,1
22495972,0
23023193,1
22723490,1
22712704,0
23600734,1
22769259,1
23403791,1
23593075,1
23714737,0
22654529,0
23080489,0
23111971,1
22582361,1
23162616,1
23487976,1
23696318,0
23484028,1
23266503,1
23035119,1
22453868,1
22926325,0
22588511,1
22896017,0
22618319,1
23420764,1
22330164,1
22478100,1
23353576,1
23723420,0
22684147,1
23015241,0
22344813,0
22874900,1
23692661,1
23333276,1
23259233,1
23491981,0
23109937,0
22474627,1
22751265,1
22483878,0
22680809,0
22500004,1
22982914,0
23300512,1
22607507,1
23608570,1
22994433,0
23404127,0
23648825,1
22998717,1
22387862,0
23176985,0
23399740,0
23451499,0
23169443,1
23242244,0
22888073,0
23276331,1
22832743,0
22370390,1
23326953,1
23649284,0
22755703,0
23515225,0
23741531,1
23051253,0
22897225,0
23198566,0
23630963,1
23636445,1
23312098,1
22603626,1
22825247,1
23611456,1
23461073,1
23519325,0
22455738,0
23310240,1
22473010,0
22465896,1
22572331,0
22421686,1
22844726,0
22541085,1
23736885,0
22748098,0
23147047,1
23329706,1
23632318,0
22366141,1
22878617,1
23352013,1
22648559,1
23592126,1
23742984,0
22557813,1
23398729,1
23394082,0
23256958,1
23425742,0
23298529,0
23177499,1
22408655,1
22647687,1
23060028,1
22953252,1
23623899,0
23524194,1
22457653,0
23187053,1
23602121,1
23757508,1
23680798,1
23326647,1
22844562,1
23687674,1
22565834,1
22370849,1
23495143,1
23504050,1
23361661,0
23577154,0
22664328,1
23445852,1
23347284,1
23501084,0
23223124,0
22742519,0
23342512,1
22737548,1
23348094,1
22641608,0
22545821,1
23644974,1
22505251,1
22731329,1
23331283,1
22453348,1
23111823,0
22373321,1
22561906,1
22537505,0
22999451,1
23159767,0
22592326,1
23722101,0
23460056,0
23493841,0
23047576,0
23531293,1
23296926,1
22747517,0
23331291,1
23005924,1
22738280,0
22625935,1
23528094,1
22848882,0
23018203,1
23756298,0
22914355,1
22940036,1
23457004,0
23540456,1
22538594,1
23469273,0
22689613,0
22514618,1
23652818,0
23307361,0
22607053,1
23397937,0
22871679,0
22882093,1
23734291,0
23371920,0
22575667,0
23644289,1
23387813,1
22397331,1
23717554,1
23584402,0
22703184,0
23406049,0
23517803,0
23352759,1
23731257,1
22664255,1
23732765,0
23181171,0
22558934,0
23609827,1
22394511,1
23718590,1
23519662,1
23612087,1
23550238,0
22470653,1
22602414,1
23155473,1
22893002,1
23295273,0
23246485,1
22537420,1
23427095,0
22874139,1
23385393,1
22368909,1
23535255,0
23577395,1
23066891,1
23051775,1
22446185,1
23653329,0
22367188,1
22740671,0
22703164,1
22463587,1
22569905,0
23487903,1
22983259,0
23307286,1
22749341,1
22658308,1
22707515,1
22979603,1
23160327,0
22719483,0
22495055,1
23042703,1
22928730,1
22578085,1
23054758,1
22917152,1
23630931,1
22854436,0
23577240,0
23420029,1
22602994,1
23205933,1
23760184,1
23734627,1
23746985,1
22971289,1
23241085,1
22350962,0
22852149,1
23070609,1
23134444,0
23387854,1
23571625,1
23313801,0
22953221,1
23320001,1
23010041,0
23053010,1
23111649,1
22567042,1
23664860,1
22534734,0
23581408,1
22489489,1
23051647,1
23686883,0
23253336,1
23069469,0
23312467,1
23624628,1
23401835,1
23320726,1
22953348,1
22890521,1
22643100,1
23464512,1
22901477,1
23520527,0
23141394,1
23090662,1
23034166,1
22436083,1
22547512,1
22690226,0
22575926,0
23314955,1
22779216,0
22592951,1
22697840,0
23459831,1
23455984,1
23394069,0
22727206,1
22655079,1
23204171,0
23660969,0
23277739,1
23193900,0
23239209,0
23068574,1
23488904,0
23094001,0
23641234,1
23215228,0
23169905,1
23527849,1
22549432,1
22506122,1
22588422,0
23501451,0
22944403,1
22635577,1
22894357,0
23678062,0
23153461,1
23460244,1
22438971,1
22608278,1
22547804,1
23462285,0
23522390,1
22341252,1
22791758,1
23244205,1
23102279,1
23721038,1
22885304,0
23313183,1
22632397,0
22893067,0
23426742,0
23597370,1
23705496,1
23708977,0
22819505,1
23023286,0
22435419,0
23202508,1
22896785,1
23256549,0
22467490,0
22711092,1
23510627,1
22505754,0
23566847,1
22918490,1
23558423,0
22940915,1
22755359,1
22481862,0
22874611,1
23028928,0
22417268,1
22996322,1
22916346,1
22404073,1
23540370,1
22802570,1
23747120,1
22535692,1
23103226,1
22921688,0
23759344,0
23263010,0
22601582,0
23556047,0
22612134,1
22707285,1
23683363,1
22934692,0
23194539,0
23211060,0
23260358,0
23512470,1
23683382,0
23055219,0
23066035,1
23496025,0
23315742,1
22575073,1
22357354,1
23738409,1
22826301,1
22707434,0
23461668,0
23270631,1
22776055,0
23426949,1
23271404,1
22990847,1
22923256,0
23293582,0
22737227,1
23222645,0
22639618,1
23444388,1
23675762,1
22795043,1
22578481,0
23010549,1
22858524,1
23654885,0
23281086,0
22503082,0
23151488,0
23287289,1
23051980,1
23498133,0
23690063,1
23122495,0
22482516,0
23086561,1
23111714,1
22838431,0
23236394,1
22342334,1
22593316,1
22785630,0
22625716,0
23465080,0
23251918,1
23416049,1
23391185,0
22520295,0
23718688,1
23298996,0
23491277,1
23238603,1
23300030,1
23083431,1
22732969,0
22594890,1
22831013,0
23540329,1
23408388,1
22386697,1
22974816,1
23087618,0
22494927,1
23096599,0
23629784,0
23155117,1
22800403,1
23158256,1
22778716,0
23244101,1
23559159,0
23004245,1
23107222,1
22688453,1
23107778,1
23193972,1
23314319,0
22364357,1
22986831,1
22670886,0
23478188,1
23666952,1
23095426,1
23731589,0
23406392,0
23384993,1
23473924,0
22953235,1
23746922,0
23309184,1
23148840,0
22411047,0
23209840,1
22466371,1
23605857,1
22966247,0
22627479,0
23128095,0
22345869,1
22674713,0
23071070,0
23182378,0
22448991,0
23579786,0
22839452,1
22385318,1
23131436,0
22353928,1
22401113,1
22552189,1
22755434,0
22709319,1
22731178,0
22546970,0
22816078,0
22399413,0
23283882,1
22753631,1
22367180,0
23541603,1
22567956,0
22674012,1
23249432,1
23008952,1
22774763,0
22596480,0
22831598,1
22653404,1
22631630,1
22784431,1
23057808,1
22994101,1
22342737,1
23496193,0
22591800,0
22760311,0
23295221,1
22335316,0
23621297,1
22487551,1
22530298,1
22846626,1
23099876,1
22501751,1
22813131,1
22444552,1
23302475,1
22883402,0
22466461,0
23593411,1
23294379,1
23158421,1
22909759,1
23067607,1
23658256,1
22884911,1
22657407,1
23201702,0
22541988,1
22439082,0
23367163,1
23431272,1
23131293,1
22405589,0
22678272,0
23657065,0
22509459,1
22749200,1
22530557,1
23750275,0
22337362,1
23480957,1
23482191,1
23225620,1
22954208,0
22875436,1
23270308,1
23475366,1
22661942,0
22816961,1
23077914,1
23609106,0
23577500,1
22643654,0
23710752,1
23547988,0
22606172,0
22981799,0
23114601,1
22665661,0
22563438,1
23737233,0
23055056,0
22856914,0
22974849,1
22738799,1
22519553,0
22950384,1
22754307,1
22791603,1
22658181,1
23751312,1
22779148,0
22995808,0
23419284,0
23209194,1
22963811,0
22604527,1
22715282,0
22794345,0
22600834,0
22741033,1
23453298,1
23385517,1
23231430,1
23057357,0
22959790,1
22909144,1
22651700,1
23746343,0
22434149,1
23621809,0
23637765,1
23586424,0
23719431,1
22693039,0
22842551,0
23517009,0
23636070,0
23665463,0
22905869,1
22360807,0
23589958,0
23375910,1
23677732,1
22544165,0
23079250,1
22638381,0
23729358,0
22640154,0
23552609,1
23240624,1
23738062,0
22814050,1
22967358,1
23301610,1
22394072,1
22554742,1
23242129,1
22461832,0
22606997,0
23499302,1
22909357,1
22698748,1
22362101,1
22968691,1
23435638,0
23687715,1
22631248,1
23631670,1
23019113,0
23626589,0
23487596,0
23737504,1
22993341,0
22523885,0
23265419,1
22548296,1
23581765,0
23544845,1
23352036,1
22768645,1
22710692,1
23730805,1
22427722,1
23668057,0
23331364,0
23562399,0
22955942,1
22770505,0
23648175,1
22804117,0
22403013,1
23128551,1
23108552,1
22657128,1
23329566,1
22684732,1
23430299,1
22378543,0
22663160,0
23302942,0
22417020,0
23703589,1
23573545,0
22512561,0
23227027,1
23661845,0
23703685,1
22910062,1
23152285,1
23296109,1
22734560,1
22707593,0
23019761,0
23301797,1
23292182,0
23331241,0
22827106,0
23451218,0
22599583,0
22991259,1
23418749,0
23199433,0
23064977,1
22960547,0
23201632,1
23629992,0
23554113,1
22649975,1
22424954,1
22688391,0
23350402,1
23624896,1
23702005,1
22723575,1
23757179,1
22642308,1
23069803,1
23582316,1
23298372,0
22974392,1
22581233,1
22520203,1
23243036,0
22909596,1
23379785,1
22673542,0
23311922,1
23248640,1
22591316,0
23367074,0
23058899,1
23491787,0
22450159,1
22882176,0
23723385,0
23614131,1
23571489,0
23336285,1
22328313,1
23428062,1
22470150,1
23408023,1
22409553,1
23191393,1
22953527,1
23578568,1
23298246,1
22992160,0
22493857,1
22692100,1
23460196,1
22891376,0
23091706,1
23601061,0
22777874,0
23044985,1
23438208,1
23686968,0
23197970,1
23721446,0
23422258,1
22362216,0
23558452,0
22394479,1
22635006,1
22359614,1
22523610,0
22961555,0
23149725,1
23454287,0
23621720,1
23170996,0
23148322,1
22729603,1
23753865,0
22614456,0
23670219,1
23052959,0
22493475,1
23154954,0
22781527,0
23555531,1
22768754,1
23090306,0
22836899,0
22587412,0
23296160,1
22612914,1
22410442,0
22659142,1
23474336,1
22644200,0
22853166,0
23168084,1
23441057,0
23042954,1
22481786,0
22585688,1
23635152,0
23459415,0
22845304,1
23409436,0
23425576,0
22750377,1
22924039,1
23541353,0
23635035,1
22725625,1
23383920,1
23614397,0
22705975,1
22513674,1
23381885,1
23420654,1
23191207,0
23308126,1
23410416,1
22783216,1
23169358,1
22517830,1
22788643,1
22841228,1
23099404,1
23698075,0
23090734,1
22718765,0
23678005,0
23323935,0
23230917,0
22491764,0
22327544,0
23723686,0
23489818,0
23203187,1
22540160,0
22638796,1
23124520,0
23353993,1
23345579,1
23587159,1
22718804,0
23693504,1
22697871,0
22402199,0
23541661,1
22495794,0
22446063,1
22808572,1
23605410,1
23251946,1
22530726,1
22451898,1
22347058,1
23374253,1
22878937,0
23537724,1
22586412,1
22669326,0
22345132,0
22709492,1
22540880,0
22328980,1
22461906,1
23501277,0
22633122,0
23178726,1
23129842,1
23703044,0
22688817,1
23454943,1
23340236,1
22547494,0
23463061,1
22380819,1
22628667,1
23257931,0
23019558,0
22515179,1
22949495,0
22907603,1
22693155,1
23238885,1
23079232,0
22524459,0
23712290,1
22727861,1
22730224,1
23462630,1
22593442,0
23359213,0
23212356,1
23362298,0
22816933,0
22435578,1
23335264,0
23347968,1
23385327,1
23215665,0
23634222,1
22895310,0
23139342,1
23280625,0
23572706,1
23605109,1
22942046,0
23286994,0
22641797,0
23131016,1
22393530,1
22728031,1
23272008,1
22339377,0
23461810,0
22962219,0
23593395,0
23629980,0
23760905,1
22327558,0
22361940,1
22874501,1
23607363,1
23463911,1
23527138,1
23450278,1
23600614,0
23393795,0
22896684,0
23598142,0
22723495,0
22355138,1
22474089,1
23610486,0
22849462,1
23081235,1
23238211,1
23245145,1
22794938,1
23585473,1
22849283,1
23182163,0
23118090,1
22613786,0
23277983,1
23137167,0
22808933,1
23323696,1
22822029,1
22343654,1
23183021,1
22856413,0
23104079,1
23242998,0
22968134,1
23747362,0
22853531,1
22966196,1
22640000,1
22764699,1
23395623,1
22847581,1
23252640,1
22334000,1
22881570,1
23193605,1
23613630,1
23482265,1
23616791,0
23673422,1
23664707,0
23221327,1
23548560,0
23065810,0
23179274,1
22966998,1
22626174,1
22533628,1
23073317,1
23394703,1
23269951,1
23245049,0
23401969,0
22569615,0
22392492,0
23034156,0
23150816,1
23329761,1
23243805,0
23660701,1
22943394,0
22608791,1
22628593,0
23142392,0
23273716,1
22849517,1
23123071,0
22640875,1
22706947,1
22982125,1
23068175,1
22412905,1
22798779,1
22474755,0
22408187,0
22840697,1
22626625,1
23505615,1
22639167,1
22682493,0
22440733,1
22489075,0
22572206,1
22368755,1
23720249,1
22714507,0
22661954,0
22951235,1
23457150,0
22480204,1
23435790,1
22989491,1
23668527,1
23045680,1
22691976,0
22758825,1
22785608,0
23528805,1
22675508,1
23592945,0
22870651,0
23592328,0
22510674,0
23306782,0
22664954,0
23273747,1
22460919,1
23699270,1
23023179,1
22821146,1
23428000,0
23541003,1
22878365,1
23245912,1
23636215,0
22352473,0
23705445,0
23420970,1
23704458,1
23405039,1
23218617,0
22970046,1
23083981,0
23274974,1
23168780,0
23534104,1
22708127,0
23579077,0
23443358,1
22419505,1
22371961,1
22486928,0
22915413,1
23554040,1
22832871,0
23753848,0
23690606,0
23344420,1
22517793,1
23699886,1
23187964,1
23294658,1
22732633,0
22377051,1
23279454,0
23287572,1
22557099,1
23487450,0
23394398,0
22871145,1
22398634,1
22890293,1
23149312,1
23726559,0
22659687,1
22736034,1
23671542,1
22406635,1
22822322,0
22950694,1
22448879,1
22443445,1
22727418,0
22931986,0
22673494,0
23059392,1
23723053,1
23222689,0
22872982,0
22855729,0
22503807,0
22622595,1
23389564,1
23007875,1
23129132,1
22463947,1
22482319,1
23268209,1
23755093,1
23117752,0
23326142,1
22960796,1
23052274,1
22747726,0
22812112,1
23718601,0
23345823,1
23549243,0
23720424,1
22425854,1
22708036,1
22427403,1
23213151,1
22901035,1
22927347,0
23301316,1
22495050,0
23347095,0
23302895,0
23708032,0
22617721,0
22662107,0
22349697,1
22387450,1
23156379,0
23061811,1
22537010,0
23523199,1
22957773,1
22964154,0
22830484,0
23332986,1
23255635,1
22672373,0
23028354,1
23104037,1
23675459,0
23386670,0
23026706,0
22931666,0
23108693,1
22404471,1
22595246,0
22874390,1
23057296,1
23289722,1
22402594,1
23227870,0
22638947,1
22627973,1
23573562,1
22513151,1
22687737,0
23745303,0
22701315,1
23437609,1
23143144,1
22362262,1
23314435,0
23623016,0
23679633,1
22906578,0
22362686,1
23556583,1
23012813,0
22983239,1
22703451,0
22441550,1
22543515,1
23705498,1
22387487,1
23761107,0
23344534,1
23232783,0
22727489,0
23341235,1
22408827,1
22696144,0
22375726,1
22951537,0
23439002,1
23558472,0
23704858,0
22790389,1
23280956,1
23559899,0
23160485,0
23190154,0
22405237,1
23706756,1
22540894,1
23300249,1
22725232,0
23538799,0
23520418,0
22663219,1
22397011,1
23273406,0
22466557,1
23387076,1
23390588,1
22741520,0
22494613,1
22571940,1
22483390,1
22904202,1
22977727,1
22605036,0
23676693,0
22732726,1
23111476,0
23756457,1
23333424,1
22417679,1
23245547,0
22540800,0
23173514,1
22501083,0
22486094,1
22335192,1
22516841,0
23045407,1
22845607,1
23289767,1
23672764,0
22737125,0
23234973,1
23419686,1
23673081,1
23727208,1
23068310,1
23629719,0
23073536,0
22736063,1
22604960,0
23475662,1
23000444,0
22988097,1
23301191,1
22492424,0
23193170,0
23001837,1
23749968,1
23741345,0
22354138,0
23279907,1
23390546,0
23075667,0
22702044,1
23139882,1
22824322,1
22973098,0
22929792,0
23311195,1
23637684,0
23239985,1
22599847,1
23294403,0
22457394,0
22857438,0
23531423,0
22382263,0
23457805,1
23302994,1
22656413,0
22893966,0
22951256,1
23061675,0
22710885,1
23305271,0
23299890,0
22836388,0
23236921,0
22375458,1
23040802,1
22770890,1
23595075,1
23018973,1
22592205,1
23176179,1
23500486,1
23645313,1
22675286,1
22489902,1
22366465,0
22410903,1
22380243,1
22429104,0
22500256,1
22704059,1
23097178,1
22754084,1
23054466,0
23025721,0
23101002,1
23518167,1
23739692,1
23529319,0
23209876,0
22960753,1
22539616,1
22834937,1
23073223,0
22751392,1
22361497,0
22964684,1
23189962,0
22577052,1
22688990,1
23226179,1
22703472,1
22908041,1
23699331,0
23135383,1
23141261,1
23748449,1
23547568,1
22952732,1
23507949,1
23341340,0
23443810,0
23576169,1
22863252,1
23110487,0
23244904,1
23232436,0
22991024,0
23263308,1
23658715,0
23561371,1
23125753,0
23094504,1
23698307,0
23132710,0
22957125,0
23708309,1
23011768,1
22936683,1
23509739,1
22747441,1
23682418,1
23595089,0
22428833,1
23121660,1
23529969,0
22883165,1
22984211,1
22851336,1
23694070,0
23432832,1
23424176,1
23619913,1
23476690,0
23630819,1
22721749,0
23104572,0
23614616,0
23551239,0
22834719,1
23218098,1
22914474,0
23427752,1
23317713,1
23518614,0
22671429,1
22618075,1
22902084,0
22731513,0
22518357,0
22953744,1
22863892,1
22354104,1
23518341,0
23437329,1
23406610,1
23313531,0
22568593,1
22881844,1
22333335,1
23262463,1
23553350,0
23262679,1
23572943,1
23060948,0
22920016,0
23402352,0
22383615,1
22840110,1
23048178,1
22622821,1
22924827,0
22530844,0
22942045,1
22457604,0
22792945,1
23337619,1
23178410,0
23156701,1
22759124,1
23652374,0
23529366,1
23232548,1
23338797,1
23100948,1
23193514,1
23289665,1
22586698,1
22668345,1
22392033,1
23173640,0
22594767,0
22639319,0
23757532,1
23751980,1
22476569,0
22569060,1
23404556,1
22527632,1
22440869,0
22448112,0
23185979,0
23133510,0
22875232,1
23588025,0
22388010,1
22701211,0
22432549,1
23012750,0
23223927,1
22761014,1
23096224,1
23279606,1
23327559,1
22455986,1
23132536,1
22948593,1
23075181,0
22541733,0
23410373,1
23571328,0
22753157,0
23664028,1
23128007,0
22743734,0
23394799,1
22988838,0
23426992,1
23396763,1
23694732,1
22985985,1
23190478,1
22761864,0
23760737,0
23484628,1
22774529,0
23706846,0
23323823,0
23220489,1
23303273,0
22582228,1
22650036,1
22602105,1
23279240,1
23702900,1
22989839,1
23156630,1
23545635,1
22921541,1
23291405,0
23700608,0
22377634,0
23318782,0
22851419,1
22676168,1
23671837,0
22870164,0
22406479,1
23311424,1
22829403,1
22719276,0
23217970,0
22889760,1
23636971,0
23303368,1
22482103,0
23446922,1
22834271,0
23285437,0
22943205,1
22352438,1
22864036,0
22873491,1
23415970,0
22440314,1
22721229,1
22383545,1
22744866,0
23156619,1
22737957,0
23025207,1
23479690,0
23305694,1
22486041,0
23258016,0
22981313,1
23386470,1
23522211,1
23299083,1
22601331,1
22517992,1
23253687,1
23720013,0
23377676,1
23417183,1
22929642,1
22352826,1
23427863,1
23283020,0
22932606,0
23051514,1
23204919,1
22554881,1
23482054,0
22456225,1
22642938,1
22737927,1
23241449,0
23718350,1
22748435,1
22505931,0
23459497,1
23613674,1
23509040,1
22488543,0
22521266,1
23210628,1
22780495,1
22469546,1
23454199,0
22573508,0
23426162,1
23165090,1
22443983,1
22515497,1
23258211,0
23187196,0
23460787,1
23610530,1
22875542,0
22802187,1
23646708,1
23248148,1
23466824,1
22549285,0
23002599,0
23625329,1
22704552,1
22417126,1
22733327,1
22642212,0
22470968,1
22758720,1
22372497,1
23547873,1
22521527,1
22578121,0
23538751,1
23706399,1
23583637,1
22547807,1
23612045,1
23058669,1
22411834,0
23655132,0
23433515,1
22643609,1
23323822,0
23016022,0
22823069,0
23609715,1
22915575,0
22850050,1
23246734,0
23381365,0
23445764,0
23491939,1
22575637,1
23708110,0
23082939,0
23494495,1
23373422,0
22554420,0
23751283,1
23042903,1
23356481,0
22911421,1
22544701,0
22613349,0
22638082,1
22453162,0
23619260,1
23044085,1
23017457,0
23405553,1
23065871,0
22745962,1
22915245,1
22354291,0
22869410,0
22504244,0
23399561,0
22724344,1
22533764,0
22584783,0
23077168,0
23616172,1
23062506,1
23196394,0
23182599,0
23560985,1
23510683,0
23185811,1
23006981,0
23264888,1
22741497,1
23504375,1
23053798,0
22945958,0
22608061,1
23557813,0
23629000,1
22742042,0
23589487,1
23009028,1
23471482,1
22693902,1
23057429,1
23040605,1
23197706,1
23282866,1
23151671,0
23025011,0
23232987,1
22973132,0
22663496,1
22595395,1
22544029,1
22501501,1
22840524,1
22328532,1
22859855,0
22405051,1
23742844,0
23137234,1
22883248,1
23743180,0
23670518,1
23652261,1
23374932,1
23012534,1
22690105,1
23218614,0
22390557,0
23468852,0
23534343,1
23754287,0
22349018,0
23751342,1
22436742,0
22620047,0
22788189,0
22514631,1
23283877,1
23444151,0
22741897,0
22547918,0
22830070,1
23427114,1
23104945,0
22749759,1
22467774,0
22755958,1
22925816,1
23041275,1
23536511,1
22620531,1
23663909,1
23649535,1
23617201,1
23750031,1
23214043,1
23259837,0
23540798,0
22461638,1
22612511,1
23562560,0
23413192,1
23134541,1
22596265,1
23315658,0
23222265,0
22995899,0
23270138,1
23568002,0
23148901,0
23461471,0
22723540,1
22994999,1
23610514,1
23337038,1
22931422,0
23451846,0
23492265,1
22618014,0
23503261,0
22339736,0
22366339,0
22865246,0
23445932,1
23668887,0
23275948,1
23434672,0
23656829,1
23315601,1
22955869,1
23137720,1
23421365,0
22512791,0
22584776,1
23194917,1
23425625,1
22911365,0
22616365,0
22538547,1
23468055,1
23651862,1
22855463,0
23434571,0
23486224,0
22346318,1
23033845,0
23038913,0
22683821,0
22926004,1
23678928,0
23503646,1
22857142,1
22824736,1
22957695,1
22912511,0
22968590,1
23689749,1
22798339,1
23519681,0
23383717,0
23666017,0
23714048,0
22773671,0
22766588,0
22408778,1
23150576,1
22906951,1
22886857,1
23542937,1
22581009,1
22641123,1
22434375,0
22732717,1
23033072,0
23333854,1
23484350,1
22526105,1
23133681,0
23102729,1
23145778,0
23297426,1
22556385,1
22859442,1
22634283,1
22860252,1
22340468,0
22353335,1
23396886,0
23060856,1
23211742,0
23427966,1
23070546,0
22590705,0
23451205,1
23734731,1
22587339,1
23274688,0
23210346,1
22991618,0
23460403,1
23228293,0
22564950,1
22785794,1
22506431,1
23234431,0
23241347,1
22561621,1
23675419,0
23612048,1
22884414,1
23124291,1
23550054,1
23596610,0
22437126,0
23544565,1
23120259,1
23230102,1
22448125,0
23046937,1
23367315,0
23605455,1
22677191,0
22990642,1
23746399,0
23629391,1
22453680,1
22621752,0
22965722,0
23550073,1
23320384,0
23159993,1
23672601,1
23369376,1
22900646,1
22705296,1
23290069,1
23022643,0
22364055,1
23036305,0
23689186,0
22731389,1
23580709,1
23624300,0
23050198,1
22402149,1
23354742,1
23142283,0
23417492,1
22922144,1
23451318,0
22926649,1
22555877,1
23122610,1
23029799,0
22436741,1
23524842,0
23607441,1
23140841,1
22882657,0
22830349,1
22756016,0
22946482,1
22829641,0
22642186,0
23192373,0
23594361,0
22941050,1
22812929,1
23747723,1
23007729,1
22607821,1
23156845,1
22597414,0
23419980,1
22408086,1
22820846,1
23214373,1
23279982,1
23308481,1
22437876,1
23517406,0
23183880,1
22417618,1
23683854,1
22459041,0
22808345,1
22720838,1
22462996,1
23581389,0
23071671,1
23435849,0
23584196,0
22842379,1
23745561,1
22392786,0
22366261,1
23500887,0
23266029,0
22982294,1
23503631,0
23298351,1
22879503,1
22924884,1
23326066,0
22660180,1
23033098,0
22623963,0
22907389,1
22678969,1
22873242,1
22655238,1
23112473,1
22933943,1
22581080,0
23097462,1
23112916,1
23150069,1
22675209,1
22619576,0
22808329,0
23320416,1
22888784,0
23196790,0
23749889,0
23706981,0
22550347,1
22730089,1
22785066,0
22846837,0
23049076,0
22770039,0
22953141,1
23021207,1
22424271,1
22574269,0
22684933,1
23457129,1
23046705,0
22341460,1
22998395,1
22763666,0
22606994,0
23332768,0
23384567,1
23177469,1
22357178,0
22926175,1
23563564,0
23182224,1
22906879,0
23164943,0
22630689,1
22957696,1
23000616,1
23401836,1
23499190,1
23643386,1
23742746,0
22981028,0
22924704,0
22870253,0
22457965,1
23232359,1
23178362,1
23275242,0
23318275,1
23623196,0
23557671,1
23101034,1
22478336,1
22603042,1
22539153,0
23174896,1
23265584,1
22352983,1
22731484,1
23059814,1
23488668,0
22657214,1
22462447,1
22804882,0
23084131,1
22438558,0
22698459,0
23419664,1
22448022,0
23713186,0
22392491,1
22731263,0
22565405,0
23080676,0
22361445,1
23533119,0
23438949,1
23642362,0
22361366,1
23614517,1
22887841,0
22503522,1
23629142,1
23061452,1
23146337,0
23685061,0
23638529,1
23517044,1
22947246,1
23662165,0
22666311,0
23438465,1
22974566,1
22666547,0
23274524,1
23239052,1
23572562,1
23323952,0
22491973,1
22950669,1
23313756,0
22494045,1
23671521,0
23024569,0
23028386,1
23617374,0
23143654,0
23167708,1
23035902,1
23012616,1
23735354,0
22592120,1
23149444,1
23019778,0
23457122,0
23086816,0
23119148,1
23720993,0
23529080,0
22427308,0
23445108,1
22849382,1
23559186,0
23060406,0
22974332,1
22515788,1
23128747,0
23636163,0
22559268,0
22674080,1
23122693,1
23388389,1
22505344,0
22547821,1
22564863,0
22328538,1
23650274,0
23682848,0
23430985,0
23169874,1
23442647,1
22673179,1
23288183,0
22917239,0
23734922,1
22572555,0
23008053,1
23395605,1
22595148,1
23293423,1
23683504,1
22819935,0
22432229,1
22448764,1
23712050,1
22360119,1
23694501,1
23690097,0
22947681,0
23629023,1
23327225,1
22848195,1
22749575,0
23144659,0
23471863,1
23133245,0
23725916,0
22357368,0
22686338,1
23493832,0
22872750,1
23143384,1
22810333,1
23412718,1
22442898,1
22366082,0
23686807,0
22818809,0
22812610,0
23385819,0
23299912,1
23361763,1
23119140,1
23508235,0
22943207,0
23375171,1
22910573,0
22854141,0
23643332,0
23295000,1
23010669,0
23607485,1
23754862,1
23197786,1
22786548,1
22660542,1
23207373,1
22827183,1
23522248,1
23604354,0
23382429,1
22774109,1
22831330,0
23195158,0
23721658,0
23674163,1
23333101,1
22572668,1
22442521,1
23195934,1
22426966,1
22630680,1
22790877,1
22780063,1
23463857,0
22506199,0
22331206,1
23428479,1
22848886,1
22825636,1
23715282,0
22988802,1
23500242,1
23248463,0
22535550,1
22476890,1
22712510,0
22602621,0
23298681,1
23300398,1
23328131,0
23394804,0
23545626,0
23271106,0
22960453,1
23460114,0
23172077,0
22587506,1
23420743,1
22926344,1
23103677,0
22602226,0
22733133,1
23317328,1
23103794,1
22887239,0
22790068,0
22525968,0
22896611,1
23140578,0
22437596,1
22725498,0
22454021,0
23652556,1
22869284,1
23034757,0
23234963,1
23706108,1
23267148,0
23583220,1
23467981,0
23728604,1
23040822,1
23205963,0
22396194,0
23736603,1
23535223,1
23562646,0
23575057,1
23634225,0
23678355,1
23478998,0
22912841,1
23630566,1
22581870,1
23533688,1
22405292,0
23463530,1
22840338,1
22329733,1
22790581,0
23070364,1
23403328,1
23450654,0
23618269,0
23110781,0
22605242,0
22631066,1
23031499,1
23318364,1
22910883,1
22795434,1
23536368,1
22570018,1
22462700,1
22775964,1
22814816,1
22864848,0
23458163,0
23167028,1
22612605,1
23554127,0
22331597,1
23546938,0
23712942,1
23187371,1
22619641,1
23519847,0
22506040,1
23145914,0
22523595,0
22556879,1
22524072,1
22610353,1
22828124,1
22379146,1
22941195,1
22952231,0
23660291,0
23144561,0
22992911,0
23210720,0
23348682,0
23523251,0
23033613,0
22547666,0
23494628,1
23440036,1
23493674,1
23491075,0
22967958,0
23138594,0
23655552,0
23366325,1
23002254,0
22587432,1
22865522,1
22998116,0
23199223,0
22346082,0
22478411,0
22863936,0
22729969,0
22887433,0
23693452,0
23692512,1
22654041,1
22632212,0
22665790,0
22669854,1
23750743,1
22823650,1
23640829,1
23456180,1
23718604,0
23742743,1
23643580,0
23013452,1
22903158,1
22896654,1
22871430,1
22732670,1
22528987,0
23455749,0
23578667,0
22731131,0
22691618,1
22829110,1
22392980,1
23322772,1
22912922,0
23687429,1
22561236,0
22718707,1
22665220,1
22982377,1
23619302,0
23721284,0
22702551,1
22531128,1
23447823,1
22596060,1
22378528,0
22966200,1
23752095,0
23658979,0
23163806,1
22596256,1
23234879,1
23307048,1
22413070,1
22774944,0
23296449,1
23058523,1
23179815,1
23193215,1
22527018,1
23355084,0
22492007,0
22565372,1
22850664,1
22395397,1
23129477,1
22428548,0
22984124,1
22712766,1
23676420,0
22472873,0
23412382,1
22384399,1
23658008,0
23622095,1
23321128,0
22583529,1
22954324,1
23298019,0
23589006,0
23128748,0
23051786,1
23071690,1
23279281,1
22755467,1
23457858,0
23121566,0
22386447,1
23629771,1
23062692,1
23706610,1
23150241,0
22355150,1
23515501,0
22408893,1
23543800,0
23022015,1
23158459,1
23080047,1
23648497,1
22898817,1
23506547,1
23188851,0
23457720,0
22384636,1
23680548,1
23365736,1
22970763,1
23028327,0
22759911,1
23516103,0
22488701,1
23347532,0
23206740,0
22805032,1
23115727,1
23341354,1
22545886,1
23470304,0
22351270,1
22333239,0
23627095,0
23365306,1
23020206,1
22382877,1
22590765,1
22577977,1
22651413,1
22699115,0
22437259,1
22558301,0
23162634,1
22974280,0
23264576,0
22738468,1
22578699,0
22542153,1
23147271,1
22442279,1
22331062,1
23361840,1
22994428,1
23660589,0
23123121,0
23388796,0
22822054,0
23550983,1
23355203,0
23261812,0
22366049,0
23689294,0
23223289,1
22504588,1
23115006,1
23175009,1
23118206,0
22822641,1
23579255,1
22477612,1
23074282,1
23613071,1
23030258,1
22432782,1
23441049,0
22657930,0
22877993,1
22413668,1
23701170,0
22338662,1
23260678,0
23063364,1
23312106,1
22443667,1
22995665,1
23065914,0
23462416,0
23550938,1
22491465,0
22453141,1
23693509,1
22811136,1
23045763,0
23541425,1
23151869,0
22939711,0
22511038,1
22929191,1
23261457,0
22496946,1
23484557,0
23380922,1
22717955,1
23052812,1
22920291,0
22783132,0
22340018,1
22335390,1
22445591,0
23209286,0
22885547,1
22818201,1
23552566,0
22721848,1
22455090,1
22473210,0
23203538,1
22411785,1
23359839,1
22571098,0
22508525,1
22466326,0
23602110,0
23436883,0
23680581,1
23659357,1
23647905,0
22719725,0
23157468,0
23715340,0
23461530,1
22810287,1
23226316,0
22890108,1
22671567,0
22334370,0
23087516,1
23610093,1
23359589,1
22840602,1
22927030,1
23152640,1
22556407,0
22918260,0
23751595,0
22376848,1
23759345,0
23567607,1
22838419,1
23260000,0
23329999,1
23141829,1
23061182,1
22451729,0
22398686,1
22696987,0
23548636,1
22451983,0
22329002,1
23717166,1
22666818,0
23640843,1
23297342,1
23616997,0
23590001,0
22836510,0
23175049,1
22396982,0
23639190,1
22672612,1
23400016,1
22879945,1
22739202,1
22835074,0
23682742,1
23224571,1
22674885,1
23666684,0
23216200,1
22589821,1
23211582,0
23440333,1
22661304,1
23663491,0
23450561,1
23429293,1
22957067,1
23405890,1
22615163,1
23614674,1
23581921,0
23253451,1
22992128,1
22679862,0
23707472,1
22927582,1
23464830,0
23225667,0
23425229,1
23576442,0
22969714,0
22793035,0
23409015,0
22979869,0
23174656,1
23693909,0
22546666,1
23618327,1
23645657,1
23150294,1
23480044,0
22827284,0
22940273,1
22919037,1
23594480,1
23385705,0
22409787,1
22516373,1
23279703,0
23505917,1
23185149,1
23334098,1
22369735,1
23687521,1
22694448,1
23652079,1
23556746,0
23390168,1
23162030,0
23251072,1
23644330,0
23554669,1
23237298,1
22935119,0
23488493,0
23344372,1
23053291,1
23245854,1
23514104,0
22906032,1
22402195,1
23310580,1
22617371,1
22756371,1
22989560,1
22482687,1
23386683,1
22678782,1
23233319,0
23281578,1
23199903,1
23582167,1
22680753,1
22696588,0
22770995,0
23405000,0
22378546,0
23464223,0
22497838,1
22604680,1
22792602,0
23586422,1
22502807,1
22693281,1
23162277,0
23122835,1
22412954,1
22819448,1
22919531,1
22755228,1
23225114,1
23215610,1
23212527,1
22743313,1
22490455,1
22717697,1
22886461,1
22629281,0
22802785,1
22934398,1
22393317,1
23721896,0
22580832,1
22817530,1
22468638,1
23693307,1
23624723,1
23216997,1
22540619,0
22637888,0
23621631,1
22403163,1
23654203,0
23593953,1
23545459,0
23559131,1
23283045,0
23176512,1
23561101,1
23052947,1
22828240,1
22590200,0
22808281,0
23688264,1
22440576,1
23264396,1
23415796,1
23444275,0
23418519,1
22549412,0
22757837,1
23097346,1
22501482,0
23676287,0
23572668,0
23672703,1
22925328,1
23522280,0
22858846,0
23677426,0
23445327,0
22773811,0
22730946,1
23592329,0
22603082,0
22982312,0
22473222,0
23289804,0
23105201,1
22751608,1
23593890,1
23308140,1
22370537,1
22513506,0
23521471,0
22831394,0
23579658,1
22957581,1
22626879,0
23302771,1
23749290,1
23573669,0
23077604,1
23388899,0
23160977,0
23216175,1
23164719,1
23008773,1
22575384,1
22462866,1
22621626,0
22895620,0
23143868,0
22372768,1
22973890,0
23139167,1
22852512,1
23734964,1
23663069,0
22569989,1
22776793,0
22837220,1
23018332,1
23271206,0
22904510,1
23322791,0
23709644,0
23521012,0
22612740,0
22864817,1
22946073,0
22549002,1
23202767,1
23349604,0
23295596,1
23264050,1
22671100,0
23114095,0
23656246,0
23229685,0
23031688,0
23211379,1
22924052,1
23208624,1
23083381,0
23636432,0
23649241,0
23237858,0
22964248,1
23300348,1
23605718,1
22973618,0
23016970,1
22739810,1
22758278,0
23022347,1
22852607,1
23204898,0
23234759,1
23084915,1
23671565,1
22966582,1
23072930,0
22466844,1
22816379,1
23132350,1
23595039,0
23236699,0
23046376,1
23748346,1
22726448,0
22750298,1
22678282,1
22680195,1
23361768,1
23578917,1
22525673,1
22808178,0
23016520,1
23338369,0
23525974,0
22698200,1
22659543,1
22418100,1
23634104,1
22983899,1
23520917,1
23539966,0
23419830,0
22583660,1
22434345,1
22992656,0
23529170,1
23116848,1
23510913,0
22907766,0
23661133,1
23125385,1
22519853,1
23310068,1
22376490,0
22906161,1
22422141,1
22785711,1
23341183,1
22583725,0
23243348,0
23397707,0
22714842,1
22368264,0
22424152,0
22551806,1
23691648,1
22928925,0
22431762,1
22838673,0
23110795,1
23043931,1
23216428,0
23664654,0
22495049,0
23367666,0
22508914,1
22398704,1
22820751,1
22833530,1
23013909,1
22901779,1
23442474,1
22522545,0
22709225,1
22453762,0
22930704,0
23294888,1
23191907,1
22445102,1
22596945,1
23228029,0
22429028,0
22762300,0
23478491,0
23203281,1
22351257,0
22393880,0
23503851,0
22536483,0
23207797,1
22405310,1
23704148,0
22558054,0
22577304,1
22541683,1
22670501,1
23655227,0
22989193,1
23694651,0
22526002,1
23153142,1
23460311,0
23574894,1
22724711,0
23265184,0
22684052,1
22910760,0
22431539,1
22537434,1
23432705,1
22554713,1
22660968,1
22908438,1
22753194,1
22571751,1
22587231,1
22753913,0
22791781,1
23031749,1
23540355,1
23586260,1
23724921,1
23584500,1
23214861,1
23599846,1
23035614,1
22969942,1
23333202,0
23307763,0
23178850,1
23727813,1
23194714,1
23335286,0
23187250,1
23399125,0
22595142,1
23187497,1
23312405,0
23477012,0
23556722,0
23167720,1
23428809,1
23224277,1
23755313,0
23253113,0
22973417,1
23733214,1
22327387,1
23147436,0
22894893,0
23539814,1
23300303,0
23014374,0
23471864,0
22969531,0
22609315,0
23294506,1
23708895,1
22411893,1
22915246,1
22375455,1
22527577,0
23544508,0
22548086,0
22632238,1
22865241,1
23706441,0
23371885,1
23549569,0
22953228,0
22353637,1
23304266,0
23694249,0
23017811,0
23149144,1
23487965,1
22581106,1
23321415,0
22688753,0
23360993,0
23419554,1
22355927,1
22471159,1
22761329,1
23063142,0
23374003,1
22362400,1
22624358,0
22652894,1
22385764,0
23742501,1
22872666,1
23397334,1
23422045,0
23188429,0
23497311,1
23714439,0
23444581,1
22670398,1
23670303,0
22745574,1
23060896,1
23561998,1
22976996,0
22717482,0
22734798,1
22595692,1
23164445,1
23441969,0
22991666,1
23053198,0
22450856,1
23179932,1
23297341,1
22428484,0
23564518,0
23531725,1
23587158,0
22552237,1
23533049,1
23554792,1
22638312,1
23147553,0
22768477,0
23401742,0
22459328,0
23086053,1
23528428,0
22811868,0
22704299,0
22716238,1
22844270,1
22869983,0
23091146,0
23401670,0
22353787,1
22912302,0
22954802,1
22532431,1
22911535,1
23237076,0
22452350,1
22576961,0
22575472,1
22953091,1
23204358,1
22669177,1
23287821,1
23221961,0
23431643,0
22924041,1
23132501,1
23030947,0
22833526,0
23645169,1
22679590,1
23722194,1
23578562,1
23604824,1
23338698,1
23347900,0
22606133,0
22675167,1
22523158,0
22733854,1
23697970,0
22683965,1
23701664,0
22675679,1
23648739,1
23575601,1
22646397,1
22402490,0
23618361,1
22810346,0
23353615,1
22665431,1
22877759,1
22547442,1
23161424,1
23740336,1
23220745,0
23031655,1
22913975,1
23500072,1
23557092,0
23051618,0
23249178,1
22496523,0
23200430,0
23575600,1
23416305,0
23064845,0
23300677,0
22553001,0
22497242,1
22577186,1
23716242,1
22999918,0
23394430,0
22562356,1
22998230,1
23259051,1
22374661,1
22958684,0
23212234,0
22559926,1
23298627,1
23562437,1
22513552,1
23520384,0
23731385,0
23165473,0
22984335,1
22660223,1
22697952,1
22492445,0
22437755,0
23191550,1
22925466,1
23113745,1
22530801,1
22467160,1
22445084,1
23249887,0
22704446,1
22925477,1
23535001,1
22479887,1
22964039,1
23205374,1
23036545,0
22362783,0
22334784,1
23756091,1
22736777,1
23348785,1
22857431,1
23417677,1
23540865,1
22433266,1
22868370,0
22403900,1
22738092,1
22390644,0
23068515,1
23648734,1
22837914,1
22704465,1
22717690,0
22922916,0
23232079,1
23630105,0
22336110,0
22501823,0
23409091,0
22413416,0
23346976,0
22567972,1
22738741,1
23738557,1
23273870,1
23711265,0
23388140,0
22491295,1
23161695,1
22861775,1
23003035,1
23302620,1
22352250,1
23450360,1
22676662,1
22722038,1
23054996,1
23549984,0
23093968,0
22833065,0
22893995,0
23736980,1
22889015,0
22852895,1
23440987,1
23396320,1
22616154,1
22634036,0
23273604,1
22542687,1
22423899,1
22692693,1
22907547,0
22392142,0
22400103,1
23389906,1
22866343,0
23352335,0
22655807,0
23707809,1
23026775,0
22554647,1
23601466,1
23562451,0
22903743,1
23653888,1
23482766,0
23556315,0
23633677,1
22738462,0
23371018,0
22714748,1
22768201,0
23108213,1
22898883,1
22416620,0
22752134,1
23761583,0
23391628,1
23597054,1
22531953,0
23216191,1
23029067,1
23367573,1
22976202,0
23102629,0
22618683,1
23392721,1
23023199,1
23418515,1
22769752,0
23354603,0
22767851,0
22808621,1
22816249,1
22835701,1
23165794,1
22476841,1
23471971,0
22375485,1
23260576,1
22868455,1
23616795,1
23424989,1
22373110,1
23357067,0
22592725,0
22570724,1
23136398,0
22682060,0
23155375,1
22812254,0
23347952,0
23547298,1
23622072,0
23140709,1
23710250,1
23068106,1
22563018,0
22931778,0
22603564,1
22383022,1
22357253,1
22638636,1
23618929,0
23172382,0
22439281,1
22905776,0
22495324,1
23434140,1
23149140,0
22661456,1
22704782,1
23463260,1
22380600,1
23677762,1
22735729,1
22695669,1
22449180,1
22732162,1
22668677,1
22776536,1
22639934,0
23131284,0
22394259,1
22495734,1
23577448,1
23218848,1
22685334,0
22529486,1
23208611,1
22797512,1
23203470,0
23635407,0
22632697,0
23270971,1
22709889,0
23439883,0
23089952,0
23446022,1
22769911,1
23684036,1
22631320,1
23033360,0
23246328,1
23539833,0
22964003,0
22645143,1
22632586,0
22560364,0
23146805,1
23604403,1
22372500,0
23677342,0
22680451,1
22479592,0
23488799,0
23760526,1
23720016,1
23363876,1
23119333,0
22745497,0
22589536,1
23340172,1
22888084,0
23352926,0
23473610,1
22738122,1
22531142,0
23700198,1
23266915,1
23163333,1
22473180,0
23739398,0
23005697,0
22588762,0
23136959,1
22555146,1
23169093,1
22567294,1
23087003,0
23631998,1
23242291,0
23209188,0
23430671,1
23620703,0
23282038,0
23684258,1
23714119,0
23016211,1
23231392,0
22392444,0
23492395,0
23422462,0
23118004,0
23701271,1
23138697,0
22699045,1
22765022,0
22738676,1
23059956,1
23296461,1
23626388,1
23001408,0
23373021,1
23694340,0
23616731,0
23566544,1
22963780,0
22613809,0
23464972,1
23110331,1
22432128,1
22412593,1
23663943,0
22974004,1
22569917,1
23459284,0
22428892,0
22447555,1
23649530,1
23277565,0
22471820,1
23524360,1
23525524,0
23379086,1
22475883,1
23729963,1
23048610,0
22371259,1
22431218,0
23491405,0
22504918,0
23027727,0
23728769,1
23640739,1
22485335,1
23503321,1
23733781,0
23200423,1
23130354,0
23543315,1
22642369,0
22640139,0
23102969,1
23617530,1
23402595,1
22613185,1
22358941,1
22946368,1
23339811,1
22597488,1
22831704,1
22961545,0
22691291,1
23647376,1
23509627,0
22529755,1
22531269,0
22330277,0
23147303,1
22897278,0
22334463,0
23425014,1
23679714,1
22590899,1
22736599,1
22960649,0
22417132,1
23117072,1
23017433,0
23007165,0
23263319,1
22791668,1
22397390,0
23726949,0
23029374,0
23700389,1
22448795,1
22679072,1
23446007,1
23293150,0
22895934,1
22705143,1
22641154,1
23463003,1
22911099,1
23483419,0
22556866,0
23093937,0
22558320,0
22503140,0
22809813,1
22658167,1
23502395,0
23169375,1
22676241,1
23477233,1
22530628,1
22385179,1
22343145,0
22587220,1
22637896,0
23136347,0
22411842,1
23589375,0
22723295,1
22505661,1
22520366,1
23427229,0
23231482,1
22461469,1
22907506,0
22826323,0
23434289,0
23016438,1
22803160,1
23055411,1
23107758,1
22789192,1
22922301,1
22885626,1
22926534,0
23047261,1
23107922,0
22920233,1
23394190,1
23343988,1
23440854,1
22743280,0
23548154,0
22600484,0
22752398,0
23297540,1
22964174,1
22342765,1
22639909,1
22959872,1
23319945,1
23302050,0
22731453,0
22643884,0
23502653,1
23524106,1
23524799,1
22331846,0
23282941,1
22790430,1
23635747,0
23199539,0
23367984,1
22635047,1
23052395,1
23540348,1
23278257,1
22896241,0
23173418,1
22484969,1
23059557,1
22492480,1
23600923,0
23615201,1
23162042,0
22346907,1
22850921,1
23148828,0
23332499,1
23426206,1
23720211,1
23389371,1
22570202,0
22816147,1
23030685,0
23011832,0
22708995,0
22784931,0
23234686,0
23541389,0
23014200,1
23596221,1
23411720,1
23401939,1
23505181,0
22345428,1
23378445,1
23715072,1
22501596,1
23600282,1
22397802,1
22566225,0
22803491,0
23559240,1
23574427,1
22790439,1
23266620,0
22502459,1
23478680,1
22448450,0
23758077,1
22799851,0
23458732,0
22542664,1
23602270,0
23491226,1
22357937,0
22377475,1
22731856,1
23645093,0
22555499,1
22596838,1
23361263,0
23181331,0
23677582,1
22897865,1
22353820,1
23446561,0
23184716,1
23387707,1
22945846,1
22615499,0
23315225,1
22446747,0
23723785,1
23716237,1
23741257,1
22983320,1
22400672,1
22555614,0
23407582,0
22460165,1
22457658,1
22402454,0
23121535,1
23388835,0
22409603,1
23367425,0
22976472,0
22553808,0
22593475,1
23112744,0
22351374,0
22475939,0
22798563,1
22879195,0
23055550,1
22393747,1
22676087,0
22643976,1
22689177,0
23316440,1
22646674,1
22463607,0
23192029,1
23719548,0
23065849,1
23399429,1
23729723,1
22899776,0
22498423,0
23487658,0
23073947,1
22882952,1
23065431,0
22825039,1
22761957,0
23550260,1
23181181,0
23536283,0
22584040,1
22925903,0
22737608,1
23481148,0
22900425,1
23079508,1
23005760,1
23241791,0
23577185,1
22383003,0
23599876,1
23520138,0
22653558,0
22586495,1
22580523,0
23334658,0
23171202,1
23334047,1
22975193,1
23262331,1
22363850,0
23708710,1
22459938,1
22441588,1
23246876,1
22675301,1
23074534,0
23651662,0
23051412,1
23704812,1
23112172,1
22932614,1
23311594,1
22590277,1
23365958,0
23577412,0
23266294,1
22971227,1
23093485,1
23315137,1
23685795,1
22893158,1
23153448,1
22739143,1
22429097,1
23100626,1
22816405,1
23700736,0
22939901,0
23445706,0
23652535,1
23048786,1
22662557,0
23676979,0
23376339,1
22740010,1
23530498,1
23409114,1
23346354,1
23380136,1
22541674,1
23723713,1
23570051,1
22949970,0
22505141,1
23754174,1
22547346,1
22567881,0
22539697,1
23541123,1
22540289,0
23634679,1
23721429,0
23148905,1
23016435,1
22930815,1
22760763,1
23317102,0
22671242,1
23402440,0
23657737,0
22902847,0
22680398,1
23400147,1
22360404,1
23278808,0
23430217,1
23605068,0
23072442,1
22449746,0
22512744,0
23146832,0
23745769,0
22460566,0
22393621,1
23611766,1
23753450,1
23687006,1
23303645,0
23347344,1
23646302,0
22452937,0
23034997,1
23224081,1
23267669,0
22797219,1
22890584,1
22699548,0
22788120,1
23598102,0
23353936,1
22367660,1
23659978,1
22464209,1
23170259,0
22394159,0
23080600,1
23151953,0
23706889,0
22736197,1
23626082,1
23327372,1
23061934,0
23073197,0
22790542,1
23472732,1
23120147,1
22690088,0
23446711,1
23586651,0
23431637,0
23486729,0
22862240,0
23327354,1
22679370,0
23379148,0
23048243,1
22683589,1
22959960,1
22646472,1
22409997,1
22764554,0
22575501,0
23073251,1
23676650,0
23077071,0
22481919,0
22671867,0
22784369,0
23226704,1
23084137,1
22723456,0
23528016,1
23171132,0
22365869,1
23003348,1
23401489,1
22458921,1
22806168,1
22866603,0
23381343,1
23150409,0
23393846,1
22479165,1
22384330,1
23165418,0
23180768,0
23568554,1
22633938,0
23025714,1
22921685,1
23090132,1
22536891,1
22379917,1
22481967,0
23222083,1
22781174,1
23451935,1
23163921,1
23461097,1
23450581,0
23129509,1
22724290,1
23281286,1
23146396,1
23708214,0
22508305,0
23104824,0
22364638,0
22337464,1
23739215,1
23101257,1
23396279,1
22384555,1
22683161,0
22860083,1
23526075,1
23010124,1
23524878,1
23217059,0
22531233,0
22743679,0
22452552,1
23295846,1
23302858,1
23311201,1
23224173,0
22456673,0
22521123,1
23472889,1
23075547,0
22646863,1
22362234,1
22395664,0
23335263,0
23254030,0
23043709,1
23601415,1
23589892,1
22957735,0
22646201,0
22999536,1
22530821,1
23718729,1
23218721,1
22937034,0
23017204,0
23549290,1
22927867,1
23098211,1
23751511,0
23289054,1
22393579,1
22683423,1
23397067,1
23550188,1
22501830,1
23530491,1
23749985,0
22724253,0
23702811,0
22550898,1
22573081,1
22881977,1
22817738,1
23196275,1
23567583,0
23680491,1
23655821,1
23611939,1
23295872,1
23551364,0
23001527,0
22773533,1
23611130,0
23112138,1
22431154,1
23427242,0
23148150,0
23109910,0
22383402,1
22804400,1
23102518,1
23549592,1
23434916,1
22334632,0
23089184,1
22724908,1
22439569,0
23760488,1
23039303,0
22515882,0
23312423,1
22528058,1
23556103,1
22584560,1
23108158,1
22902418,1
22356304,1
22726301,0
22444390,1
22869619,0
23182664,0
23234360,1
23502183,0
22886822,0
23691451,0
23713948,1
23668116,0
23210017,1
23460141,0
22383099,0
23394466,1
22599881,1
23210993,1
22759005,1
23080562,0
22745604,1
22643118,1
22962892,1
23357336,1
23507084,0
22996879,1
23003476,1
23099161,0
23392083,0
23079242,1
22975623,1
23447603,1
23113245,1
22869048,1
22931854,1
23097427,1
22424273,0
22495070,0
22644882,0
22794601,1
22543308,1
22809649,1
23052852,0
23029834,0
22741390,1
23302420,1
22629057,1
22494852,1
22680281,0
23417170,1
22562263,0
23533108,0
23584205,0
22329669,1
23696376,0
23453785,1
22872415,0
23022739,0
22955360,0
23505924,1
23311593,1
23508642,1
22656733,1
23598982,0
22521031,1
23449112,0
23005540,0
22618613,0
23196239,1
23389213,1
22401017,1
23069635,1
22758268,1
23062635,0
22866645,0
23181841,1
22401908,0
23261081,1
23310849,0
22670331,1
22643645,1
23652475,1
23015820,0
22861269,1
22722787,1
22717826,1
23618021,1
23185291,1
23167817,1
22691299,1
23105021,1
22460833,1
23469850,1
22579823,1
22409079,1
23115588,1
23213526,1
22479929,0
23633807,0
22499232,1
23059796,0
23637203,1
23587845,0
22963034,0
22679805,1
22874130,0
23678432,0
22373819,0
22480396,1
23139501,0
22438062,0
22870948,1
23270171,1
23362609,0
23446970,1
22541080,0
23105801,1
23283805,0
22653711,0
22513938,0
22779768,1
22369771,1
22392312,1
22993766,1
22515403,0
23665974,1
23687615,0
22374833,0
23676097,1
22367425,1
22540686,1
23727496,1
23409337,1
23453093,1
23656151,0
23387418,0
23725885,0
22432228,1
22673729,1
23480112,1
22807727,1
22723289,0
22618039,1
23245430,1
22637741,0
22476840,1
23626134,0
22838805,0
23366159,0
22830828,1
23716888,1
22454459,1
23598067,1
22461158,0
23507182,1
23374498,1
23660412,1
23673268,0
22886759,1
22877676,1
23564811,1
23296101,1
22928838,0
22353225,1
23728683,1
22880881,1
22712811,1
22813140,1
23468590,1
23681808,0
23613857,1
23361253,0
22696624,1
23339719,0
22498152,0
23026236,1
23258532,1
23659126,1
23244638,0
23668214,1
22948912,1
23500403,1
23397914,0
23050694,1
23336836,0
22452836,0
22796614,1
22770835,0
23587042,0
23253490,0
23736615,0
22881212,1
23531191,1
22457154,0
23024447,1
22670173,1
22918235,0
23601953,1
22500826,1
23077237,1
22726707,1
22603234,1
23643422,1
23120369,1
23755632,0
23045592,0
23525259,0
23271681,0
22763815,1
23275326,0
22953864,0
22893611,0
23413343,1
22928583,1
22938505,1
22412501,0
23153556,1
23545218,1
23670959,1
23282917,1
22751352,1
23278231,1
22461973,1
23143580,1
22973003,0
22441077,1
23522776,1
23442317,0
22545966,0
23629925,0
23364384,1
22500981,0
22768768,0
23559745,1
23576529,1
22671173,0
23658771,0
22399076,1
22925905,0
23344000,1
22345864,1
23253269,1
22346102,1
23535331,0
23261062,1
22713125,0
22430721,0
22533612,0
23416134,1
23222737,0
22839742,1
23244124,1
23615701,1
23002065,0
22714176,1
22717959,1
22873761,1
22464263,1
22400086,1
22542128,0
23443060,1
23181299,0
22756806,1
22652813,1
22659916,0
23146676,1
23592741,1
22440879,0
23200198,0
23194664,0
23715510,0
23688799,1
23700143,1
23319540,1
22910886,1
23373365,0
23326546,0
23252158,0
23226974,1
22820711,0
23282680,1
22561257,0
22476005,0
22930043,1
23305664,1
22579979,1
22860092,0
22555837,1
22451506,1
22842996,0
23627717,1
23563408,0
22706437,0
22725721,1
22586491,0
22351498,1
23568430,1
23474173,0
23315941,0
23498454,0
23620693,1
23488999,1
23520322,0
23532638,1
22346079,1
23753132,1
22443288,0
23044434,0
23674221,1
23626429,1
22988635,1
22801173,1
22352664,1
23665069,0
22647880,0
23198137,1
23628578,0
22843000,0
22888783,1
23315110,1
23525681,0
23682791,1
22864096,1
22494417,1
23142236,1
23316634,1
22778046,0
22472449,1
22420086,1
23204344,1
22408265,1
22445954,1
23177922,1
23554385,0
22865685,1
22586346,1
23361785,1
23486823,0
22838804,1
22907097,0
22858143,1
22706985,1
22660907,0
23192110,1
22498641,1
22792799,0
22710866,1
22654642,1
22670401,1
23506533,1
23385656,0
22866752,0
23463867,1
22816118,1
22895481,0
22357520,1
22787080,1
23623557,1
23184743,1
22368266,0
23081478,1
22691210,1
22641421,0
23678944,1
23284667,0
23662563,1
23147389,1
23670086,1
22569629,1
23489152,1
22753024,1
22365430,0
22670523,1
22839784,1
22884420,1
23485413,0
22978068,1
22745245,1
22430937,1
22571199,1
23000350,1
22521738,0
22480456,1
22776539,1
23597169,1
22347869,1
23662258,1
22730890,0
23310916,0
23242807,1
22359711,1
23601972,0
23489540,1
23701760,1
22475257,1
23127594,1
23318151,1
23323588,0
22520538,1
23094122,1
22831197,1
23532536,1
23730932,1
23427372,0
22564291,1
23705151,1
22849230,1
22805023,1
22850933,1
23161677,0
23398164,0
22986764,0
23378760,0
23002608,1
22866698,1
23292879,1
22509925,0
22874651,1
22827230,0
23568837,1
23117053,1
22981366,1
22729856,1
23363481,0
22955624,1
23744935,0
22633794,1
22431153,0
23378906,0
22985049,1
23561749,0
23442332,1
22768499,0
23693835,1
23563649,1
22808214,0
23328078,1
22881103,1
22980113,1
22961873,1
22719042,1
22414392,1
23011247,1
23150856,1
23315694,1
22534027,1
23702532,1
23050954,0
22820311,0
23732380,0
22425049,1
22526442,1
22775370,1
22378980,1
22885598,1
23291999,1
23519144,1
23744159,0
22993529,0
23413906,0
22616541,1
23712598,1
22775563,1
22355081,1
22863712,1
23512773,1
22566626,0
23399526,0
23739107,1
23236747,0
22867879,1
23616390,0
22384751,0
22958630,1
22943630,1
23162640,0
22401655,1
23302962,1
22934117,0
22773194,0
22473999,0
23691235,0
22738819,0
22832854,1
23595174,0
23463871,1
23119972,1
23480720,0
23199496,1
23200522,1
22349521,0
23606388,1
23675297,0
22668041,1
23385558,0
22703527,0
23242260,1
23485982,1
22591063,0
23163211,0
22422272,1
23747797,0
23492090,0
22608021,1
23672444,1
23067078,0
22765874,0
22376702,1
22501824,0
23062926,0
23224812,1
23629230,0
23168758,0
22617676,1
22602669,0
22901596,1
22877552,1
22746686,0
23643981,0
23537855,0
22411783,1
22468281,0
22794451,1
22511654,1
22432126,1
23167068,0
22362010,1
23639580,0
22346512,1
23336231,1
23421269,0
22846392,1
23212441,0
22834518,1
22448050,1
23515361,0
23439060,1
23288698,1
22645545,1
22852008,1
22850133,0
23487369,0
22411287,1
23573521,0
23124943,1
23164025,0
22581555,1
23670532,0
22561060,1
23604905,1
22820287,0
23627744,1
23347680,1
22906243,1
23738175,1
23633763,1
23551816,1
23471463,0
23583429,1
23644669,0
22419518,0
23144787,0
23471762,0
23198623,1
23141115,1
23511574,0
22781087,1
22475656,0
23528934,0
22329827,1
23350558,1
22361074,1
22827635,0
22446835,1
23541087,0
22787329,0
22362948,0
23087992,1
22475178,1
23685371,1
23427984,1
23578612,0
23180342,1
23093187,1
23088540,0
22437111,1
22997988,1
23164901,1
23143705,1
23129978,1
22739791,0
23535121,0
22825489,1
23541899,1
23583976,0
23102209,0
23233842,1
22585332,1
23603193,1
22828957,1
22966249,1
22922271,1
23671635,0
22491472,1
23242684,1
23457652,1
22768383,1
22387688,1
23657352,1
22982503,0
22796080,1
23559001,0
23444909,1
23495664,0
22432293,1
22955668,0
22511240,0
22785737,1
22525222,1
23155900,1
22833576,1
23507829,0
22924011,1
23659494,1
23742672,0
23257414,1
23654908,0
23087590,1
23495808,1
23498934,1
22832773,0
23529219,1
22743580,0
23174017,1
22857815,1
23745096,0
22896838,0
23161514,1
23379959,1
23085969,0
23566269,0
23374298,1
22763944,0
23518015,0
23408182,1
23053582,1
22550357,1
23304229,1
23652462,0
23653574,1
22527912,0
22454057,1
23451696,1
23350555,0
22904168,1
23353050,1
23635256,0
23589736,1
22351028,1
23334797,1
23720427,1
23538643,0
23235159,1
23469639,1
23733135,0
22424511,1
22792803,1
22461312,1
22502798,0
23678701,1
23084624,0
22395984,1
22879479,0
22439207,1
22510124,1
22776208,1
22778958,0
23321917,1
22450148,1
23235067,0
23491037,0
23408223,0
23255080,1
23116066,1
23090825,1
23669174,1
22598113,0
23049087,0
22340776,0
23278661,1
23218066,1
23439005,1
22387769,0
22846538,1
23348164,1
23037434,1
22428773,0
22704401,0
22559091,1
23058998,0
22488384,1
22690208,1
23422235,1
23531487,0
22975348,0
23136043,1
23172205,0
22721408,1
23516052,1
23051041,1
23243688,1
22954378,0
23190239,0
23337718,1
22843744,1
23468746,0
23128749,0
22891348,0
22645693,1
22865225,1
22367047,1
23612182,1
23569096,0
23510402,1
23048670,0
23036243,1
22765212,1
23208283,1
23210395,0
23649045,1
22733497,1
23051928,1
23485750,0
23633202,0
23310573,1
23549217,0
22329259,0
22588015,0
23398886,0
22440996,1
22908222,1
22490768,1
23705197,0
22788267,1
23140561,0
22870108,1
23032046,1
23467483,0
22547496,1
23177491,1
22346179,1
22827180,1
23007910,0
23582507,0
22856008,1
23136076,1
22554315,1
22491708,0
22996884,1
22623569,0
23616873,1
23158936,1
23190309,0
22422951,1
23180915,0
23020441,0
23658635,0
23638462,1
23327964,1
22935737,1
23024369,0
22666113,0
23654327,0
23549418,1
22734965,1
23023761,1
23253846,1
23259876,0
22340810,1
22872382,0
22583307,0
22661257,1
23010367,1
22804241,1
23307632,0
23085983,1
23539257,0
23615352,0
23438944,1
22551861,1
23610857,0
22607960,1
22700270,0
23730158,1
22344259,1
22756822,1
23613893,1
23647433,1
23485096,0
22935077,0
22963690,1
23741310,1
23203259,1
23163953,0
22358420,1
22800904,0
22662845,1
23698382,0
23115681,0
23281572,1
23443671,1
22519913,1
22969992,1
22721839,1
23476643,1
23325965,1
23288694,0
22349005,1
23160803,0
22784254,1
22587586,1
23038936,0
22347510,1
22542464,0
23070912,0
23205699,1
22529559,0
23431948,1
22688867,0
22661208,1
22898033,1
22446310,1
22405936,1
23432026,0
23014932,1
22779439,0
23567845,1
23426818,1
22990017,1
23700446,1
22411366,1
23114989,0
22329923,1
22659600,1
22629462,1
23424911,0
22636038,1
23489424,0
23036276,1
22454965,1
23347561,0
23420147,1
23390063,1
22769185,0
23265956,1
23413880,1
23689397,0
23219293,0
23248574,1
22938055,1
22811699,1
23253465,1
22965185,1
22377065,1
23160817,0
23718182,1
22994035,1
23183520,1
23054797,1
22634647,1
23474331,1
22819082,1
23148652,1
22688567,1
23313908,1
22583838,1
22937269,1
23744456,0
22732846,1
23197517,0
23086802,1
23661650,0
23087307,1
23621392,1
23296573,1
23099942,0
23654289,1
23185012,1
22502553,1
23146085,1
22854453,0
23246700,0
22435105,1
22592200,1
23085149,0
22629099,0
22655945,0
23141532,1
23423507,0
23562471,0
22822445,0
23619553,1
22327875,1
22332080,0
22701555,1
23471692,1
23366443,0
23370640,1
23179415,0
22751533,0
23566104,1
22937333,1
23229046,1
23680418,0
23567425,1
23642270,0
22958467,1
22915113,0
23513843,1
23438691,1
23173870,1
23626263,1
22450003,1
23721256,1
23205134,0
22737136,0
22354154,1
22689399,0
22658731,0
22506978,1
22676768,1
22782691,0
22991023,1
23438258,1
23076263,0
22826869,1
22552866,0
23127917,0
22971324,1
22421326,0
22496084,1
22629496,1
22910795,1
23004477,1
22817793,0
23379324,0
23641382,0
23000315,1
22856147,1
22955579,1
22942453,0
23602009,0
23253885,1
23707954,1
23414676,1
23702197,1
22944065,0
23190545,0
23582781,0
23721644,0
23116746,0
22618869,1
22554512,1
22905578,0
22850492,0
23458718,0
22895846,0
23187715,1
23313984,0
22409986,0
22663795,1
22543083,1
23261935,1
23466222,1
22815328,1
23389306,0
22485324,0
22508719,1
22507680,1
23369871,1
23457721,0
23757835,1
23211935,1
23048099,0
22806367,1
23718179,0
23011366,0
22632463,0
23448208,0
23723352,1
23710625,0
22759439,1
22435564,1
23447365,0
23190518,0
23051820,1
23357841,1
22597615,1
23291907,1
22698430,1
23402071,0
22662543,0
23336400,0
22586490,1
23090325,0
22392464,1
22522956,0
22646142,1
22339697,1
22396930,1
23460415,1
22607490,1
23016121,1
22438655,1
23507673,0
22900991,0
23602313,0
23227035,0
22625862,1
22766008,1
23236217,1
23718540,1
22980671,1
22752913,1
23150984,1
23519665,0
23529495,1
23309467,0
22346875,1
23425704,0
22951044,1
23569596,1
22698728,0
22832148,1
22456632,1
22713957,1
22957936,0
22686561,1
22510936,1
22786490,1
23743314,1
22791896,1
23533843,1
23729457,1
22960428,0
22996494,0
23169254,1
22799738,1
23607139,0
23450696,1
22548216,1
22358841,0
23345584,1
23430793,0
22383620,0
23642332,0
22811922,1
22380699,0
23477764,1
22471976,1
23594634,0
22446503,0
23203929,1
23497346,1
23203884,0
23716770,0
22359108,1
22362709,0
23581372,0
22940498,1
23089442,1
23555743,0
23136117,1
23719706,0
22454479,1
22666975,1
23616110,0
23087374,1
23407504,1
22354591,0
22894820,1
22453000,1
23230487,0
23318279,1
23024757,1
22773497,1
23545725,0
23367337,1
23556990,0
23756945,1
23024444,1
22781028,1
22816058,0
23299510,0
23617870,0
23467911,0
22391813,0
22736046,1
22511403,1
23559400,0
23345589,1
23458084,0
23645149,1
23461241,0
22879084,1
22589942,1
22350831,0
22514568,1
23541717,0
23413394,0
23520200,1
23138491,0
22600782,1
22428803,1
23605717,1
22862358,1
23752007,1
22483450,0
23349689,1
22994983,1
22725020,0
23496306,1
23173020,1
23236319,1
23139518,1
22702424,1
22601692,0
22539228,1
22661627,0
23596674,1
23461415,1
22817905,0
22707035,0
23756897,1
23731806,1
22348784,0
23336715,0
23264155,1
22474711,0
22874163,1
23742283,0
23048792,1
23695389,1
23480341,1
23330910,1
22991074,0
23582619,0
23083907,1
22371056,1
23496276,1
23601177,1
23651937,0
22857582,1
23417878,0
22512581,1
22793993,1
22831422,0
23354420,0
23652135,1
23692380,0
23711259,0
23021046,1
22553577,0
22451679,1
22899553,1
22913701,1
23624490,0
23364567,1
23651887,0
22877484,1
23585645,1
23749333,1
23289208,0
23673421,1
23480434,0
23257396,1
23527462,1
22521192,1
23725327,0
23702955,1
22608037,1
23542571,0
23655471,0
22382777,1
23186128,0
22676748,1
23456514,0
23721100,1
23374769,1
22584471,0
22895377,1
22756160,1
23275584,1
23061525,0
23396771,1
22762651,1
23250027,1
23226085,1
23211904,1
22717198,1
23001452,0
22633826,1
22920760,1
23183807,1
22545541,0
23358964,1
22701610,1
23746426,1
22454276,0
22634667,1
22648447,1
23389323,0
22471853,1
23233060,0
23633350,0
23647261,0
22887541,0
23200615,1
23433311,0
22586902,0
22650928,1
22901961,1
22449291,1
22361255,1
22927339,1
22756575,1
23693936,0
23349768,1
22501622,1
23292409,1
22916928,0
23074272,1
23027964,1
23264429,1
23316774,1
23601106,1
22711205,1
22874699,0
23565142,1
22330152,1
23355045,1
23504151,1
23533304,0
22569639,1
22968460,1
22795371,1
22718838,0
23704427,1
22546615,1
23491543,1
23510389,0
22939968,0
22434974,1
22896322,1
22413705,1
22483314,1
22723171,1
23332511,1
23289169,0
23714578,1
22918025,0
23208111,0
23178976,0
22593340,0
22793353,0
22625493,1
22614411,0
22714069,1
23703629,0
22588079,1
23287232,0
23525721,0
22895492,1
22474952,0
23470493,0
22935572,0
23002138,1
22487171,0
23626458,1
23137193,1
23482952,0
22393727,1
22440540,1
23657912,1
22764624,1
23746804,0
23744828,1
22415968,1
23457400,1
22463299,0
22884425,0
23444759,1
22957814,1
22335384,1
23365231,1
22785067,1
22345871,0
22702830,1
23242120,1
23302425,0
23315394,0
22954015,0
23005279,1
22732004,1
23748590,0
23286585,1
23032676,1
23705608,1
23634965,0
22756426,1
23265202,0
23312875,0
22553072,1
22926173,1
22751069,1
23060407,0
23113906,1
22926904,1
22387187,1
22574843,1
22590702,0
22771596,1
23480205,1
22369540,1
23405487,1
22427330,0
22670853,1
22369568,0
22352303,1
23530952,1
23356563,1
22827784,1
22488935,1
23374745,1
22628156,1
22768906,1
22468255,1
22404454,1
22486876,1
22626769,1
23242168,1
23148047,1
23666497,1
22510382,1
22602028,1
22738776,1
23198208,1
23608589,1
22883466,1
23234298,1
23491125,0
22429052,0
22674943,1
23694767,0
23124596,1
22392040,0
23090682,1
22626684,0
22518241,1
22756212,1
22563088,0
23738056,0
23208688,1
22695723,1
23428863,1
23232713,1
23620038,1
22914400,1
22941373,1
22459440,1
22901297,1
23742604,0
22444398,0
23516174,1
23256645,1
23455234,0
23407226,1
22533015,1
23108560,1
23706491,1
22420696,1
22629017,0
23651995,1
23008327,1
23753307,1
22764644,1
23497130,0
23674052,1
23403864,0
22600620,1
22530930,1
23640007,0
23533661,1
23494489,1
22726118,1
22822047,1
23578174,0
23729183,0
22877561,1
23342384,0
22975280,0
22995735,0
22393825,1
23568913,1
23512826,0
22647293,1
23130899,0
23734938,1
22514024,0
23686517,1
23242816,0
22376628,1
23181243,1
23236097,1
22684778,0
23688896,0
22458872,0
23392461,0
22503192,0
22670053,1
23055848,1
23489414,0
22917771,0
23231442,1
23702614,1
23709532,1
23368994,0
23498578,0
22768366,1
22941692,1
22391552,0
23433224,1
22409705,0
23036091,1
23079575,1
22405056,1
23724532,0
23294498,1
23254111,1
22946237,1
22375463,0
23753308,1
23355731,1
22572570,1
22729402,1
23412074,1
23668532,1
23312300,0
22798725,0
23499707,1
23391568,0
23250486,0
22332051,0
22716982,0
22703789,1
23015439,1
23038686,0
22680442,0
22451589,1
23477415,1
23556028,1
23053239,1
23473764,1
22877501,1
23203880,1
23024265,1
23543992,1
22628430,0
22416159,1
23187666,1
22918277,1
22692402,0
23307713,1
23489145,1
22925500,0
22782713,1
22949788,0
22640163,0
22554299,1
22807850,1
23315078,1
23133945,1
23121329,1
23588751,1
23456908,0
22623364,1
22385907,1
22865465,1
22517685,1
23238423,1
23135744,0
23335442,1
23095916,0
23254941,1
23285241,1
23225560,1
23038289,0
23647273,1
22636555,0
23362499,1
23174313,1
22498331,1
23049574,1
23077888,1
23209101,1
22966538,1
22903529,1
22855965,1
23435643,0
23666570,1
23294824,1
22327372,1
22336484,1
22710956,1
22829535,1
22490208,0
23329887,1
22527429,0
22611131,1
22775464,0
22363844,0
22737647,1
22496179,0
23215445,0
22538874,1
22464696,1
22492121,1
22861717,1
23275603,1
23253660,0
23358142,1
23267390,0
23639564,1
23593595,1
23296236,1
22819340,1
23279539,1
23248449,0
23417406,0
23291548,1
23390478,0
23360002,0
23045122,1
23039379,1
22579686,0
23536764,0
22774674,1
23555795,1
23620512,0
23646494,0
23371825,0
23138215,0
22731429,1
22388427,0
23328535,1
23412177,1
23149169,1
23345462,1
23232700,1
22447367,1
23161955,0
23159244,1
23467333,1
22699035,1
22995327,1
23663365,1
23408555,1
22858469,1
23207325,1
22584229,0
22795719,1
23434797,1
22780994,1
23703645,0
23238119,0
23410033,1
22805294,1
23424612,0
23621269,1
23458937,1
22974889,1
23411246,1
23713904,1
23333664,1
22765017,0
22512148,1
22725597,0
23324221,1
23199947,0
22640119,1
22436847,1
23108934,0
22482967,1
23192344,1
22568195,0
22378752,1
22569333,1
23106273,1
23417528,1
23664214,1
23412898,0
22658138,0
23415434,0
22794058,1
23329590,0
22925505,1
23320592,1
23115188,0
23258380,1
23064264,0
22372960,0
23584794,1
22391598,0
23072205,1
23752742,0
23469169,1
23314291,1
23120271,0
22558581,1
23318832,0
22596373,0
23276817,1
23304140,1
23464329,1
22568902,0
22853025,1
22572335,1
22531283,1
23427391,0
22829748,1
23677166,1
23027191,1
22510028,1
22726595,1
23681123,0
22678671,0
23426989,0
22630393,1
22649490,1
22379095,1
23141176,1
22939654,0
23400821,1
22803198,0
23218612,0
23462785,0
23094620,0
23086372,1
23686405,0
22849246,0
23400225,1
22654643,0
23069505,0
22752910,1
22505258,1
22968356,0
22964074,1
22891416,1
23314517,1
22676321,1
22417076,1
22351311,1
23337812,0
22736347,1
22566962,0
23198996,1
23641042,1
22640062,0
22851479,1
23516041,0
22569037,0
23473247,1
23621267,0
22701026,1
22421742,1
22816151,1
23374412,0
23538570,0
22954365,0
22896071,1
22695863,1
23131170,0
23593473,1
23028998,1
22374147,1
23304683,0
23294000,1
22777914,1
23071774,0
23406051,1
22729693,1
23304549,1
22642331,0
23156886,0
22711523,1
22536859,1
23104240,0
23610728,0
23471735,1
22489950,1
23451629,0
23066496,1
23452382,0
23075499,0
22810869,1
22386928,0
22991647,0
23502385,1
23247919,0
23315466,1
22919267,1
23277063,1
23278832,0
23735510,1
22427374,1
22883047,0
22829473,0
22693062,1
23596283,1
22862344,1
23433084,1
23651090,1
23183997,0
22354374,1
22577605,1
22435037,0
22498182,1
23564861,1
23123632,1
23504604,1
22484324,1
22616328,1
23446242,0
23084682,1
23656306,0
23146563,1
23642483,0
23455369,1
22704621,1
22618589,1
23486134,0
22718230,0
22469088,1
22764287,1
23676227,0
22547369,1
22761839,1
23576556,0
22979878,1
23008333,1
22885247,1
23319605,1
23714114,1
23487160,1
23367483,1
23270002,0
23244802,1
22731982,1
22558766,0
22498430,0
22992809,0
23583657,1
23557605,0
22639450,1
23353712,1
23375181,0
23443887,1
22562174,0
23679649,1
22717334,1
22427025,1
23352072,0
22384721,1
22683429,1
22418421,1
22908167,1
23331596,1
22813908,0
22965657,1
22675458,1
22399458,1
23593700,0
23353347,0
23422127,0
23163230,0
23027411,0
23304411,1
22807822,1
22653570,1
22963369,1
22564555,0
22742736,1
22687016,0
22492873,1
22974443,0
22961501,0
22377554,1
23053653,0
22351442,0
23400311,1
23178794,1
23249548,1
23566134,0
22411236,1
22609210,1
23076021,1
23067315,0
23243941,1
23215016,0
23147098,1
23461669,1
22853851,1
23388638,0
23686158,0
22410918,0
22853303,1
23083862,1
23128582,1
23254227,0
22712976,1
23287137,0
23174747,1
22401504,0
22683493,1
22595375,0
23156901,0
23712668,1
22734016,1
22423364,1
23387480,0
22327166,0
23658128,0
22439952,1
22561623,1
22529492,1
23194810,1
22708853,1
23321003,1
22850122,1
22341568,0
23002044,0
23588934,0
23526384,0
22758670,1
22489344,1
23622133,0
23703328,0
23530345,0
23330195,1
23062585,1
22380051,1
23142488,0
23379581,0
23483533,1
23041721,0
22422792,1
23678552,0
22480918,1
23137660,0
23569713,0
22596887,1
22557268,1
23151287,1
23170299,1
23570106,1
22331985,1
22929745,0
23158339,1
23311358,0
23596799,1
22712834,0
22890513,0
22581324,0
22489223,0
22595354,1
23699981,0
23562242,1
23504879,0
23683781,0
22934654,1
23618354,0
22667301,1
23010777,0
23468886,1
23134834,1
22638741,1
22354779,0
22613672,0
23124557,1
22857356,1
22377141,0
22781134,0
23349088,1
23338749,0
23489319,1
22415162,0
23059576,1
23411278,1
22714784,1
23654205,0
22667599,0
23298942,1
23531286,0
23220342,0
22340808,1
23108273,1
22711709,0
23554922,0
22696770,0
23033677,1
22364518,1
23719412,0
23492046,0
23281290,0
23153652,1
23636785,0
23481948,0
23158329,1
23526917,0
23106695,0
23050291,0
22976222,1
23090361,0
22442941,0
23316286,1
23478561,1
22694727,1
22659268,1
22760738,0
22745502,1
22885638,0
22989407,1
22907518,0
23622594,0
23706966,1
23103604,1
23737556,1
23484661,0
22494514,1
22853814,1
22484914,1
23255715,1
22532979,0
22843009,0
22961516,0
22880019,1
23447495,1
23593670,1
23256667,0
22510389,1
23506215,1
23275291,1
23207635,0
22753409,1
22837746,1
23325548,0
22528440,0
23093665,0
22695237,0
23401989,0
22564466,1
22889632,1
22967544,0
22774118,0
22870631,1
23680583,1
22417210,0
23205050,0
22408782,0
23487609,1
22765793,1
23173788,1
23318394,1
23151321,1
23436988,0
23566849,1
22798099,0
22841272,0
23514157,0
23598343,0
23657967,0
23074547,1
22765809,1
22451866,1
23450735,0
23685449,0
22672634,1
22815639,1
23538488,0
23622949,1
23713678,0
22827156,1
23329656,1
22343271,1
22497686,0
23361222,1
23389332,0
22837918,1
22816391,0
22955819,0
22722869,1
23703769,0
22841906,1
23142233,1
23585880,1
22851865,1
22706440,1
22877756,1
23030404,1
23682029,0
23653476,1
23695375,1
23082020,0
22510323,1
23024912,1
23514194,0
22783882,1
22785562,1
22884212,1
23283306,0
23543057,0
22813594,1
22776880,1
22467333,1
23313826,0
22797032,1
22537323,0
23188167,0
23674591,0
23269950,1
22848244,0
23377118,0
22830346,1
22524723,1
22901817,1
23203309,0
23473405,1
22501953,1
23133543,0
22635701,1
23297058,1
23425428,1
22367509,0
23711482,0
22398541,0
22915896,1
23064008,1
23040199,0
23204721,1
22361817,1
23531946,0
23264737,1
23393374,0
23437855,1
22657291,1
22518000,0
23613984,1
23292610,1
22339924,1
22926444,0
22738971,1
22662996,1
22383725,0
22685871,1
22687722,1
23757721,1
22405689,1
22508058,1
22506730,1
22412556,1
23154932,0
23530401,1
23309473,1
22517517,0
22441506,0
22764235,1
23154170,0
23723967,0
23488522,0
23244671,1
22365932,1
22565863,1
23653935,1
22448913,1
22825142,1
23043803,0
23061867,1
22826988,0
23481983,1
22552049,1
23495005,1
23628871,1
22847685,1
22805866,1
22516906,0
22632772,1
22453560,0
23606727,0
23400792,0
23611644,1
23621172,0
22633851,1
23709516,1
22746391,0
22452041,1
22887743,1
23190718,0
23194489,0
23051958,1
22782215,1
22785826,1
22430370,1
23346985,1
23335385,1
22605167,1
23416137,1
22666673,1
23542097,1
22429281,1
23183230,1
22723586,1
23530661,1
23337121,1
23026549,0
22825250,1
22941501,0
23145732,1
22401109,1
22792239,0
22882710,0
23256673,0
22843539,0
23603590,0
22371661,1
23684116,0
23618285,1
22433574,0
23237432,1
23369516,1
23483873,1
22610986,0
23125426,0
22583648,1
23576760,1
22414879,1
23120810,1
22788068,1
23376617,1
23631886,1
23095421,0
22402844,1
23430709,1
22865325,1
22775727,0
22562486,1
23487799,1
22801719,1
22750059,1
23080154,0
23123784,1
23256658,1
23245180,0
23085355,1
22477750,1
22756782,0
23166015,1
23243932,1
22835847,1
22403437,1
23684436,0
22968514,1
22683484,1
22658004,1
23544576,1
23028972,0
22590192,1
22607725,1
23230350,1
23350307,1
22938626,1
22350306,1
23566364,0
23303498,1
23250660,0
23136993,1
23091065,1
23163493,1
22859186,1
23655735,1
22363181,1
22759305,1
22642305,0
22801794,1
23304947,1
23396273,1
22645017,1
23651741,0
22525873,1
23543621,1
23020574,0
23653601,0
23750288,0
23119227,1
23679987,1
22744804,0
23512364,1
23333401,0
23421170,1
22509840,1
22977474,0
23431123,1
22509219,0
23100640,1
22890986,1
23540636,1
22779443,0
23317022,1
22637565,0
23577326,1
22479695,0
23669181,1
22963901,1
22977034,1
23515838,1
23447854,1
23113580,1
22901692,0
22765686,1
22930487,1
22664290,0
23612828,1
22390748,1
22421252,1
22807434,1
22594957,0
23502330,0
22750647,1
23343689,0
23167250,0
22669009,1
22447069,1
23011478,0
22742565,1
23004689,1
22784861,1
23485689,0
22888476,0
23547526,0
22811307,1
22832428,1
23081419,1
23721830,0
23111199,1
23550123,0
22766674,1
23440328,1
23238353,1
23682867,0
22419091,1
22498693,1
23400002,0
23264887,0
23694357,1
22403166,1
22419247,1
23366814,1
22495446,0
22892806,0
22544692,1
22993495,0
23421283,1
22827862,1
22888270,1
23280372,0
22813543,1
23400976,1
23172587,1
23251405,1
22775072,1
22562074,1
23447219,0
23068889,1
22696149,1
22559483,1
22670130,0
22391792,1
23120741,1
23430658,1
22981905,1
22413383,1
23129632,1
22343619,1
23581922,1
22729660,0
22576177,1
23452066,0
23240833,1
22338498,1
23037900,1
23203004,1
22379525,1
22733596,0
23393743,0
23243956,1
22461899,1
22374927,1
23116734,1
23553603,1
23557733,1
22592031,1
23720765,0
22664309,1
22364213,1
22711813,0
22695287,1
23098972,1
23490597,1
23071581,1
23545131,1
23719199,1
22388908,1
22861730,0
23524332,0
23237637,0
23232029,1
23670486,0
23535031,0
22794498,0
22458041,0
23141773,1
23109709,1
23576265,0
23682051,1
22574074,1
23039369,1
22821591,0
23580319,0
22395671,0
23112259,0
23403469,1
23460126,0
22895084,1
22650974,1
22992303,0
23210931,1
23714803,0
22710038,0
22701061,1
22339196,0
22408957,1
23350612,1
22356865,1
23676273,1
22902094,1
23708859,1
23157625,1
23573202,0
22867240,1
22929937,1
22623453,1
23549810,1
22954344,0
23267954,1
23138716,1
22713608,0
22821729,1
23251580,1
23152502,1
23143815,0
23298290,1
23338131,1
23231502,1
22741687,1
23363082,1
23492272,1
23397634,1
22513095,1
23464586,1
22936242,1
22556834,1
23608571,1
23074434,0
22810146,0
22450393,0
22598110,1
23519893,0
23501731,1
22616410,1
22529779,1
22960196,0
22933113,1
23501232,1
22862989,0
22737722,0
23481698,1
23082934,1
23650031,1
23226260,1
22461144,0
22797630,1
22767052,0
22392632,0
22597211,1
23160023,0
23408435,1
22687492,1
23440005,0
23043496,0
22478582,1
22482386,0
22727386,0
23677355,1
22466879,0
23280984,1
22844978,1
23303710,1
23012746,1
22680085,0
22922120,1
23081974,0
23031382,1
23742180,0
23498424,1
23344860,1
23519412,0
22783521,1
22401329,0
23450109,1
22471873,0
23355976,1
22429404,0
23553459,1
23465440,0
23025640,0
22686694,1
23320667,1
22589337,0
23628775,0
23390362,0
22909012,0
23617258,1
22529727,1
22339032,1
22631155,1
23681949,0
22919077,1
22971831,1
23000685,0
23155670,1
23376012,1
23253519,1
23480191,1
23218097,1
22938965,1
22600081,1
23760398,1
23093742,0
22463304,0
22714899,1
22871339,1
22543845,0
22399546,0
23445114,0
23308409,1
22737989,0
22608824,1
22777590,1
23191146,1
23250186,1
23698156,1
23469455,1
23279807,1
22664563,0
22871748,1
23269759,0
22870023,1
23593885,0
23328424,1
23166977,0
22357845,1
22389883,1
23110977,1
23107444,1
23026362,1
23368038,1
22613114,1
22662528,1
22550311,1
23253695,0
22561374,1
22835815,1
22495151,1
22522634,1
22704575,1
22752225,1
23027451,1
23033632,0
22354491,1
22886104,0
22637427,0
23143369,1
22462604,0
22650029,0
23508708,1
22639033,0
22711933,1
23398979,0
23173191,0
23209971,1
23742455,1
23174553,1
23652977,1
23089665,0
23554938,1
23627389,1
22623410,1
22350389,0
22590926,1
22587396,0
22380612,0
22901901,1
23271587,0
22613689,1
23112380,1
23119110,1
23283364,1
23255452,0
23631676,0
23652687,0
23761729,0
23415698,1
23163686,0
23609553,0
23396678,1
23655067,0
23369152,0
23743706,1
22621683,1
22360153,1
22881221,1
23361316,1
23563972,0
23292274,0
23071669,0
23444692,1
22936636,1
22349056,1
23499921,0
23496518,0
23241371,1
22946985,0
22979417,0
23616109,1
23069359,0
22843260,0
23303479,0
22625720,1
23436602,0
23395773,1
22448146,0
22735439,1
23622735,0
23151752,0
23478853,0
22800893,1
22567816,1
22818113,0
23150918,0
22489930,1
23561906,1
23686369,0
22463072,1
22686659,1
22778477,1
23632141,1
23752387,0
23441257,1
22397054,1
23242930,0
23423851,1
22442598,1
23375085,0
23446229,0
23427791,1
22998020,1
23378062,0
23117973,0
22904683,1
22898711,1
23572471,1
23271888,1
23593612,0
23601526,0
22755627,1
22972653,1
22947253,0
23391570,1
22959539,1
23435078,0
23731607,0
22847888,1
23747874,0
22663214,0
23521356,1
23734985,1
22724321,1
23495604,0
23577932,1
23125014,1
23302513,1
22476165,1
22985820,1
23060641,1
23475187,1
23007107,1
23194131,0
23219528,0
22563001,0
22636742,1
22853311,1
23533797,0
22650809,0
23606266,0
23386454,1
22458171,1
22526815,0
22720162,1
22771237,0
22915964,1
23580666,1
22390384,1
22432520,0
22778591,0
23471894,1
23080240,1
22932895,0
23510076,1
23541850,1
23235792,1
22451424,1
22560393,1
23196807,1
22581844,0
22482405,0
23706219,1
22544784,1
22450558,1
23346287,1
22853087,1
23579033,1
22922316,1
22706143,1
23463172,1
22504722,0
23235098,1
22540552,0
22962730,1
22366226,0
23340897,0
23029409,1
22711052,0
22515981,0
22727279,1
23515742,0
23018421,1
22745731,0
23237832,1
23393199,0
22415293,1
23429016,1
23193903,1
22904213,1
22889283,1
23662970,1
23144126,1
22817058,1
22900505,0
23077072,1
22523784,1
22354849,1
22941969,1
23050515,0
22978607,1
23723082,0
23484323,0
22521093,0
23104331,1
22687220,0
22326568,0
22716210,1
23023602,0
22842256,1
22960625,1
22623347,0
22737797,1
23139972,1
22832307,1
22677774,0
22608077,1
23299516,1
23269742,1
22700374,0
22988140,1
23191976,0
22769604,1
23475021,0
22529379,1
22845947,0
22981020,1
22638293,0
22354834,0
23663109,0
22537378,0
23484314,1
23222370,1
23264537,0
23166582,1
22962795,0
23710202,1
22427936,0
23307967,0
22652967,0
23398244,1
23717634,1
22978459,0
22951716,1
23099812,0
23184416,1
23408090,0
23375658,1
23550957,1
23314578,0
22650760,0
23531198,0
23150639,0
22363835,0
22648428,1
22884903,0
22857570,1
23522307,1
23006222,1
23058567,1
22468333,1
22804434,0
23632732,1
22994074,0
23227266,0
23722519,0
22872027,1
23724078,1
22833875,0
23279514,0
23324153,0
22949853,0
22644492,0
22482190,0
23633280,1
23753186,1
22458533,0
22691456,1
22527160,1
23676645,0
23098260,1
22935144,1
22780980,1
23718924,0
23480626,0
23686513,1
22488308,0
23236703,1
22491073,1
22651213,1
22813336,0
23759276,0
23511344,0
23635143,1
22994292,1
23461866,0
22605362,1
22935759,1
23350264,0
23168382,1
23572528,0
23342710,1
23346842,0
22843819,1
23090928,0
23456178,0
23420083,0
22862379,0
23144606,0
23600059,1
23697222,1
22517292,1
23567783,1
23258818,1
22506108,1
23114174,1
22604067,0
23598427,1
23081509,0
22982878,1
23090744,1
23538626,0
23447611,1
23730824,0
23541294,0
23102428,1
22929145,0
22522193,1
22353208,1
23328787,1
23113602,1
22997043,0
22587660,0
22931463,0
23733649,1
23148160,0
23479273,0
23558480,0
23419934,0
22772358,1
23328539,0
23087438,1
23095457,1
22856304,1
23552291,1
23440286,0
23179846,1
22763763,1
22991578,1
22948869,0
23366043,0
22741912,0
23714025,0
22867176,1
23441678,0
23486667,0
22943673,1
23169336,1
22543240,1
22753446,1
22657813,0
23515829,1
23276223,1
23343742,0
23289769,0
22960039,1
22722717,1
23612848,0
22486230,0
22467004,1
23581622,0
22638996,1
23665590,1
22471361,1
22648017,1
22878752,0
23052536,0
22398173,1
22624939,1
22384502,0
23024397,0
22471723,1
23153355,0
23076950,1
22544254,1
23264428,1
22387200,1
23105099,1
23630713,1
22759404,1
23681000,0
22971476,0
22526639,0
23567172,1
22542643,0
22953571,0
22551680,1
23451049,0
23362256,1
22485099,0
22730009,1
23228713,1
23021402,0
22717180,1
22891419,1
23148937,1
23575538,1
22812600,1
23699521,0
22336431,1
22710263,1
22839129,0
22720018,1
22582141,1
23558185,1
23555563,1
22753651,1
22504495,0
22777160,1
23455314,1
23228509,1
22873918,0
22911178,0
22484026,0
22570338,0
23138202,1
22529706,1
23612926,0
23656143,0
23747411,1
23436290,1
23515016,1
22573537,0
22783202,1
22492914,1
23318757,0
23524293,1
22666244,1
22896232,0
22879913,1
22627542,0
23466608,1
23449456,0
23164607,1
23753692,0
22662560,1
22775096,1
22810067,0
22608705,1
22706880,1
23067840,0
22426347,1
22568242,1
23050490,0
23539335,1
23207210,1
22774503,1
22500271,0
23628449,1
23407806,1
23595098,0
22516601,1
23052512,1
22520326,0
23295306,0
23705019,1
23130639,0
22529887,0
22405481,1
23174090,1
23098532,0
23377596,1
22405339,1
23488905,0
22386424,0
22975258,0
22598406,1
22905988,1
23527069,0
23133402,1
23672702,1
22678609,1
22455061,0
23515752,1
23619548,1
23631098,1
23204670,1
22737213,1
23259052,0
23360986,1
22464232,1
22921325,1
22366641,0
23183747,0
22421573,1
23752127,1
22531463,1
23726017,1
22893961,0
23636693,0
23605456,0
22932051,1
22985929,1
22491794,1
23480752,0
22601051,1
23138303,1
22806127,1
23206703,1
23305494,1
23549496,1
23083654,1
22817683,1
22636766,0
22848803,0
23192060,1
22427262,1
22662711,1
22395355,1
23718213,0
22819435,1
23062595,1
22920641,1
22845201,0
22732099,1
22653678,1
23349513,1
23499034,0
22980995,1
23528973,0
22399226,1
23710859,1
22747689,0
22397898,0
23106681,0
22979737,1
23553822,1
22793171,0
23676239,1
23289035,1
23655936,1
22847142,1
23609614,0
23510520,0
22831854,1
23577151,1
22409636,1
22632460,0
22403778,1
23295507,1
22983597,0
22723210,1
22881384,1
23180438,0
22807119,1
23631613,1
23026823,1
22788916,1
22580219,1
22487092,0
22822398,1
22616079,0
23672193,1
23454164,1
22417048,0
23615741,1
23676685,1
23314594,1
23645515,1
22581393,0
22357511,1
23430983,0
22589380,1
23584256,0
22337827,1
23053180,0
23618734,0
22377459,0
22358211,0
23345297,0
22478964,1
22680686,0
23336886,1
23300160,1
22656019,0
23319475,1
22754744,1
22511096,1
23254172,1
22845836,0
22347207,1
23563914,0
23028850,0
22603184,0
23168889,1
22775853,0
23551453,1
22763967,1
23733817,0
23349428,0
23319778,0
22770071,0
23567358,0
23205553,1
23233837,0
23356793,0
23106285,1
23180257,1
23102665,1
23486264,0
23462665,1
23135572,1
22859043,1
23412515,1
22370011,1
23386704,1
22428604,1
22744175,1
22584880,0
22405190,0
23171775,0
22865112,0
23375592,0
23582405,0
22552281,1
22996757,1
23048228,1
22950547,0
23180349,1
23409555,0
23129055,1
22343160,1
23283707,1
22949754,1
22706671,1
23009568,0
22613156,0
23639049,1
23103739,1
22396026,1
23081325,0
22977926,1
23062221,0
22404028,1
22839090,0
23599743,0
23599374,0
23511553,1
23570693,0
22964359,0
22326635,0
22858776,1
22922872,1
23532812,0
22917211,1
22483281,0
23585247,0
22419571,1
22581544,0
23738773,1
23421346,1
22665816,0
23286462,1
23080839,1
23665312,0
23434573,0
23740982,1
23238077,0
23636047,0
22997845,1
22653352,0
22414977,0
22531363,0
23330752,1
22918110,1
23089809,1
23357900,1
23383484,1
23127115,1
23539925,0
23607514,0
22626868,1
23151082,1
23364553,1
22724061,1
22649423,0
23261456,1
23355681,1
23348910,1
23020363,1
23075905,0
23538823,0
22593700,1
23561819,1
22678149,1
23401080,1
22977508,1
23728443,1
23453874,1
23071952,1
23332136,0
22957733,1
23041583,1
22347132,1
23257809,1
22842338,0
23277826,1
23419307,1
23379194,1
22725370,0
22510580,1
23580608,1
23405796,1
22426870,1
23564092,1
22960983,1
22394752,0
23565585,1
22554565,1
23140732,1
22741874,1
22393491,1
23415800,1
23583727,1
23058546,1
22687133,1
22619764,0
22360372,0
22938325,1
22755916,1
22992353,1
23034012,1
23301048,0
22743132,1
22693804,0
22676045,1
23471619,1
22545586,1
23153070,1
22852186,1
22922308,1
23028645,0
22824416,0
23421141,1
22634352,1
22937282,1
22640747,1
22738785,1
22941808,1
23624001,1
22394089,1
23478289,1
23123503,1
23194869,1
22412871,0
22803175,0
22395492,1
22574863,1
22706757,0
23228122,1
23642329,1
22469423,1
22589819,0
22785598,1
22715667,0
22360909,1
22970630,1
22357468,1
22660052,1
22574087,1
23564759,0
23545848,0
22567918,1
22797614,0
22431062,0
22755612,1
22576352,0
22821854,1
23144552,1
22709231,1
23468373,1
23404365,1
23541622,0
22992450,1
23154826,1
23638021,0
23113608,1
23015612,1
23233425,1
23135117,1
23230275,1
22711730,1
22518614,0
23207343,1
23379357,1
22697495,1
23717940,1
23480936,1
22713054,0
23006470,1
23064624,0
22769850,1
23373779,0
22780436,0
22789674,0
23371068,1
22779861,1
23412282,1
22798750,1
23224658,0
22945013,1
23142862,1
23358199,1
23394345,0
22518799,1
22456547,0
23640430,0
23631530,0
22365741,1
23428321,0
23378443,1
23376115,0
22516202,1
23599327,0
22466532,0
22439619,1
22632514,0
22868997,0
23072278,1
23662158,0
23544526,1
23032118,1
23056169,1
23385278,0
23679754,0
22878612,0
23481100,0
22489751,1
22661639,1
22682086,1
22368968,0
23355037,0
22358202,0
22582757,0
22353678,1
23605442,1
23170370,0
23146156,0
23516189,1
23031351,0
23749353,0
22897018,1
23669235,1
23371234,1
23236291,0
22859599,1
23635340,1
23478100,0
23033490,0
22924380,1
23023367,1
22587441,1
23371801,0
22887389,0
22896404,0
23151496,1
23146650,0
22541304,0
23502899,1
23630732,1
23173817,0
23535440,0
23238848,1
22406924,0
23272323,1
23372429,1
23264671,0
23385163,0
22788123,1
22451603,1
23320166,0
22364435,1
22522377,1
23029944,1
22946822,0
22420320,0
22792705,0
22504346,1
22999463,1
23283997,1
23373131,1
23437954,0
23684230,1
23279249,1
23342917,1
23757833,1
23024527,0
23348943,1
22950746,0
22368158,0
22927482,0
22551599,1
23098251,1
22370281,0
23735999,1
22897953,1
23016693,1
22643992,0
22746229,1
23011455,1
22748925,0
22680071,1
23628228,1
23070109,1
23387143,1
23710499,0
22640252,1
22753330,0
22565695,1
23594207,1
22482586,0
23246035,1
22695083,0
22682723,1
23157518,1
23409410,0
23086504,1
22835418,1
23080941,0
23525583,1
23422132,1
22537409,1
22386511,1
22736522,1
23686613,1
23620113,1
22941367,1
22961431,0
23269480,1
22949660,1
23561287,1
23653837,0
22637200,1
22834489,1
22639438,0
22689515,1
22834018,1
23682273,0
22516499,1
23593447,0
23591772,1
23150791,1
23053651,0
22468824,0
22713533,1
23293828,0
22639245,0
22816996,1
23614671,1
22919376,1
22750598,1
22570124,1
23375205,0
22490378,1
22334932,0
23748420,0
23347065,1
23637143,0
23624635,1
22486575,1
23679029,1
22665702,1
22761275,0
23376464,1
23747566,1
22423266,0
22637175,1
22679009,0
23441222,1
23261477,0
23047968,1
23726163,0
23201609,1
22725243,1
23525665,0
22379792,1
22882294,1
23530618,1
23217288,0
22809196,1
23745694,1
23424252,1
23320413,0
22622193,1
23447519,1
22930876,1
22954956,1
23740920,1
23364363,1
23496925,1
22903275,0
22989335,0
23550417,1
23076435,1
22725274,0
23421851,1
22797694,1
23581631,1
22939887,1
23607748,1
22691357,1
22424462,0
22569259,1
22997554,1
23433166,1
23036099,1
23033937,1
23332921,1
23055971,1
22676884,1
22599813,0
22590029,1
23106718,0
22741140,0
22728117,1
22955536,0
22905135,0
23051234,1
23222011,1
23065921,1
23632186,1
23342866,1
23294756,0
23242480,1
22406200,0
23014413,1
22503848,1
23093563,0
22612377,0
22530121,1
23241503,1
22858937,0
22511908,0
23530553,1
22460226,1
23493400,1
23541818,1
23070186,1
23221724,1
23518626,1
23001385,1
22600193,1
23691745,0
22510902,1
23395386,1
22886446,1
23412052,0
23315675,0
22467389,1
23380717,0
23698523,1
22474545,1
23632812,1
22427067,1
22473905,0
22549628,1
23186661,1
22370542,1
22729233,1
23023727,1
22959615,1
22983443,0
22786072,0
22647455,1
22614879,1
23135879,0
23403439,0
22613848,1
23579222,1
22593583,0
22813380,1
23384420,0
23086798,0
23621531,1
22368176,0
23222003,1
23269297,1
22873176,1
22578283,0
22538607,1
22967891,1
23506296,0
23244105,1
23722148,0
22850558,1
23258195,1
23274508,1
23252553,0
23051201,0
22859167,0
23440807,0
23577034,0
23720618,0
23639508,1
22960269,1
22975552,1
22631289,0
22480056,0
22543927,1
22702248,1
22834952,0
22363742,0
22494853,1
23087854,1
23379684,1
23322528,0
23750154,1
22547718,0
23603557,1
22791617,1
22391268,1
22536702,1
23566979,0
23347264,0
23200271,1
23577894,1
22776014,1
23122515,0
23754142,1
23643407,0
23633910,0
23491925,1
22574546,1
23022296,1
22386987,1
22562102,1
22814303,0
22635053,0
23124570,0
23236339,0
22930719,0
22614959,1
23146977,1
23534018,0
23674777,1
22617273,0
22499283,1
23705650,0
23342089,0
22404165,1
22449404,1
23375188,1
22843333,1
22854805,1
23686546,1
22723441,1
23555588,0
23027484,1
23391822,1
23730230,1
23593207,1
22546424,1
22959338,1
23520479,0
22969233,0
22524869,0
23350054,1
23055605,0
23212082,1
22937164,0
22629410,1
22753883,1
23671336,1
23474270,0
22672775,0
23245175,1
22827066,1
23367183,1
23240620,1
22708041,1
23283051,1
22646134,1
22895873,1
22961576,0
23435404,0
23021246,1
22567958,1
22891958,0
23623746,1
23127021,0
23705680,1
22557778,1
23610496,0
23256331,1
22625892,0
22846023,1
23526942,1
23457766,1
22777779,1
22850451,0
22743406,1
23464880,1
22658724,1
23682135,0
23629971,1
23395519,0
22685929,1
22600459,0
23503478,0
22658890,1
23236415,0
22577435,1
23132939,1
23440452,1
23239803,1
23642444,1
23159452,1
23035949,1
23703961,0
22913915,1
22502131,1
22396447,0
23623075,0
23190351,1
23102899,0
23605275,1
23382081,1
22748038,1
23566914,0
23581623,0
22554814,1
22751016,1
23125303,1
23285030,1
22547894,0
23308431,0
23319009,1
23020163,1
23084599,0
23090955,1
23745117,1
23339370,1
23466938,0
23330018,0
22720464,1
22632822,0
23329153,0
23473788,0
22763386,0
23395849,0
23324385,1
23620602,1
23418060,1
23301110,0
23247761,1
23112316,1
23619797,0
22927354,0
23229080,1
22825922,0
23357830,1
23648401,0
22830338,1
23758962,1
22903375,1
23269849,0
23394220,1
22385078,1
22824661,1
23572017,0
23288538,1
22630812,0
22448929,0
23007227,0
22853137,0
23400320,1
23169717,1
23238362,1
22553059,0
22655819,0
23142938,1
23133319,1
23337499,0
22422809,1
22644546,1
23090009,1
23426589,1
23202724,1
23135602,1
23442327,0
23325263,0
22542941,0
23343096,1
23754478,0
22659056,1
23472771,1
22467791,0
23267479,1
23544176,0
22360433,1
23131037,1
22668721,0
23260396,1
22734436,0
23701655,1
22574140,1
22556706,1
22791210,1
23145993,0
22871995,1
23075958,0
22357566,1
22937449,1
23569343,0
23380346,0
22660166,1
23111191,0
23267761,1
22680318,0
23309398,0
22619956,1
22992394,1
22452839,1
23658640,1
23646979,1
23320398,0
23255619,0
23174940,0
22433309,0
23361793,0
23051559,1
22388743,1
22962117,1
23118571,1
22345883,0
23628278,1
22393982,0
22674459,1
23347024,0
23156934,1
22382491,0
22580393,0
22576920,1
22597150,0
23616064,1
23684894,0
22631217,0
23512915,1
23372526,0
23093729,1
22400374,0
23665183,1
23671320,0
23597171,1
23038460,1
23427860,1
23676639,0
23115372,1
23334614,1
22368474,1
23296396,1
23457602,1
23011393,1
22678669,0
22473024,1
22640170,1
23540016,0
23759821,0
23515893,1
23199053,1
23224918,0
22519788,1
23703732,0
23223678,0
23493270,0
22498040,1
22699040,0
22856883,0
22449601,0
23570844,0
23173134,0
22868630,0
22369174,1
23014934,0
23374863,0
23718078,1
23337965,0
23429713,1
23230557,1
23462526,0
22460677,0
22724685,0
23188702,1
23185687,0
22472914,1
23112490,1
22951780,0
22990621,0
23104179,1
23119180,1
23382299,0
22706494,1
22766021,0
22952242,1
22572429,1
23670092,0
23626821,1
22570808,1
22828234,1
22772751,1
23727923,0
23304483,1
23732943,1
23436596,1
22621610,0
23161376,0
23497447,1
22679252,1
23009662,1
22699590,0
22904696,0
23326987,0
23553076,0
23626841,1
23677416,0
23750447,1
22955789,1
23492524,1
22801534,1
23105166,1
22430140,1
22775285,0
23285992,0
23319583,1
22591969,1
23037061,1
22373803,0
23598454,0
23275563,1
22390456,1
22390616,0
22897482,0
22366527,0
22820341,0
22973117,1
23535599,1
22558487,0
22495880,1
22791448,1
23652806,1
23015913,1
22757847,0
23301549,0
23539609,0
22648832,0
22529815,1
22558994,1
23655287,0
22547449,1
23630291,0
23500267,0
23601306,1
22850657,0
23009292,1
23409310,0
22668359,1
23036340,1
23078652,1
23674725,1
22666812,1
23744290,0
22789759,0
22677576,1
23109658,1
22936875,0
22920982,0
23208504,1
23083220,0
23662925,1
22776631,0
23133797,0
23383652,1
23412990,0
23273923,1
22898064,1
23251338,0
23085201,1
22366665,0
22460430,1
23226682,1
23253485,1
22829408,1
22728417,1
23665938,0
23142847,0
22395645,0
22863350,1
23013468,1
23123808,0
22660359,1
22652562,1
23261008,1
22637177,0
22424542,0
23761135,1
22454962,1
22765273,0
23166642,0
23629594,1
22755007,1
23732857,0
23710901,0
22873966,0
22532375,1
22711667,0
22555028,1
23436232,0
22919968,1
22508561,0
22815546,0
22457319,1
23720924,1
22924552,0
22867323,0
23318320,1
22913963,0
22707411,1
23062586,0
23619473,1
22866958,1
23309116,1
22398796,1
22399247,1
22597558,0
23638141,1
22736176,1
22329275,1
23215984,0
23634714,1
22797629,1
22885063,1
22505552,1
22439975,0
22949860,1
23031845,1
22454128,0
22629447,0
22825918,1
22990201,0
22683705,1
22427704,0
23721096,1
23278176,1
23371221,0
23582768,0
22988275,1
22400243,0
23445642,0
23224872,0
23075848,1
23741017,1
22654741,0
23174418,0
22760011,1
23368802,1
22360154,1
22870998,1
23499300,0
23262498,1
22712504,0
22482088,1
23609177,0
22444099,0
22659611,0
22765764,1
23622798,0
23541785,1
23115918,1
23498491,0
23349851,1
22361972,1
22470081,1
22966183,1
23140314,1
23166355,0
22387666,1
23279335,1
23067122,1
22499567,1
23179296,0
23250037,0
23065660,1
23141850,0
22592382,1
23564773,0
23232782,1
22639645,1
23107038,0
23684147,0
23597870,0
23109488,1
22665753,1
23010257,1
23123761,1
22482755,1
23032777,1
22914759,1
22576191,0
23614806,1
22682945,0
22708034,0
22756620,1
23197689,0
22441336,1
22856757,1
23253940,0
23478270,0
22779871,0
22751760,1
22563112,1
23101132,1
23393189,0
22760979,1
23381448,0
23382629,0
22515185,0
23728530,1
22682414,1
22918273,1
22410995,0
22893882,0
23351637,1
22386710,1
23499683,0
23656168,1
22359346,0
22662351,1
23716477,1
22495197,1
22437528,1
22386560,1
23586134,1
22580508,1
23577364,0
22642046,1
22783682,1
23318266,1
23067251,1
23404219,0
22394515,1
22329407,1
23342146,1
23553307,0
23445552,0
22504317,1
22967520,0
23461255,1
23024258,0
22734331,1
22961661,0
22807765,1
22706055,1
22450688,1
23357182,0
22424617,1
22713994,0
23366429,1
22756747,1
23240762,1
22753868,1
23722885,1
23147216,1
23707130,0
22464959,0
22563635,1
23633115,0
23680444,0
23579306,0
22701064,0
22637544,1
23019273,1
22458763,1
22377729,0
23327214,1
22460349,1
23534660,1
23397906,1
22709008,0
22562500,1
23657783,0
23644938,0
22768263,1
22560335,0
22832119,1
23437938,1
23421741,1
22522525,1
23618348,0
23255737,0
23376134,1
23277210,1
22785172,1
23606208,0
23322690,1
23493981,0
22907280,1
22794318,1
23277424,0
22535492,1
23334996,1
23752942,1
23410169,1
23396067,1
23320914,1
22813325,1
23398556,1
22808793,1
22712358,1
22900434,1
23490603,1
22765674,1
23050877,1
22874368,1
23714389,1
22768949,0
23525195,1
23733316,1
23603090,1
22485602,0
23435121,0
22614933,1
22331403,1
23270194,0
22878150,1
22541319,1
23636679,1
22793290,1
22479614,1
23491250,0
23595194,0
23025809,1
23093948,1
23045702,1
23423509,1
23462314,0
23328163,0
23145685,1
23667578,1
23026660,0
23342765,1
23713849,0
23642735,0
22665289,0
22932306,1
22777204,0
23061732,0
23081983,0
22504308,1
22528009,1
22466029,1
22439637,0
22818591,1
22889741,1
23239335,0
22732464,0
23275093,0
22617368,1
22345575,1
22698086,0
22753119,1
23105958,0
22991426,1
22477019,0
22869411,1
22351421,1
22895799,1
22736557,0
23514694,1
22967125,0
23269990,0
22327346,1
23037863,1
22688283,0
23056124,0
23599370,1
22484672,0
22388836,1
23010425,1
23358328,1
22494019,1
23617028,1
23237438,1
22849981,0
22725379,1
22919370,0
23608351,1
22981640,0
23542865,0
23515748,1
23126437,0
22804909,0
22901890,1
22430199,1
23017967,0
23016163,1
23187116,1
22422400,0
22711557,1
23544244,0
22941038,0
22475311,1
22837449,1
22503707,1
23589665,0
23078295,0
23020434,1
23123987,1
23252368,0
22575092,0
22943712,1
22515162,1
23342011,0
23089128,1
23568906,0
23206682,0
23153843,1
23190554,0
22359786,1
23554628,0
22673145,1
23680269,0
23685872,0
22733158,0
23632035,1
23015552,0
22573481,1
23003908,1
22481929,1
23200671,1
22871277,1
22540489,0
23207070,1
23157794,1
22784979,0
22602684,1
23694748,0
23733537,1
23203996,1
23325827,0
22898861,1
22433130,1
23069625,1
23400116,1
22346312,1
22371019,1
23711648,1
22946339,0
23050676,1
22631008,0
23616505,1
23594680,0
23027959,1
22458095,1
23077408,1
22681118,0
22628006,1
23381983,1
23493121,1
23731823,0
22527514,1
23261255,0
23019991,0
22741501,1
22723702,1
23063547,0
23682341,1
23343329,0
22457315,1
22386726,0
22850863,1
22329464,1
23649700,0
23753741,0
22396839,0
23475965,1
22377774,0
23445701,0
22908537,0
23293952,0
23032963,0
22792650,0
22486568,0
22461256,1
23759559,1
23144263,1
23131780,0
23566828,1
23637743,1
22447896,1
22478334,1
22885592,1
23421676,1
23231677,1
23012898,1
22767328,1
23207597,1
22844350,1
22955611,0
22333894,1
23133109,0
23355174,1
22535374,1
22345016,0
23623794,0
22859685,1
22912148,1
23479280,0
22723845,1
23427762,0
23594876,1
23269365,0
22761046,0
22362405,1
23405441,0
22658165,1
22669587,1
23059509,0
22935212,0
23254513,1
23017249,0
22655323,1
22620044,0
23341787,1
23689426,1
22859169,1
22980777,0
22595454,1
23678225,1
23379450,0
23583396,1
22333449,1
22900677,0
22457825,0
23012162,1
23034849,1
23010789,1
23210517,1
22921530,1
22714598,0
22957335,1
23542654,1
23442811,0
22787687,1
23497643,1
22751114,0
23043771,0
23199571,1
22495996,1
23027281,1
23362696,1
23529124,0
23646071,0
22657399,1
23649995,1
22549798,1
23150550,1
22384035,1
23652124,1
22399046,1
23413164,0
22773339,1
23102544,0
22963125,0
22785208,1
22370172,0
22712334,1
22744981,0
22425970,0
22852066,1
22870430,1
23458487,0
23123593,0
23263603,1
22619636,0
23356248,1
23667067,1
22394822,0
23240693,1
23639756,0
22790108,1
22892585,1
23530001,1
22834754,1
22504260,1
22442118,1
22685354,0
23442612,1
22481889,0
22464330,0
23355756,0
23348428,1
23398627,1
23689599,1
23418752,1
22370027,0
23032880,0
23267637,1
23684375,1
23671486,1
22792962,1
22966956,1
23018262,1
23225880,1
22355909,1
22638697,1
23545832,1
22367085,1
22595597,1
22486454,0
23446759,1
23086441,0
23333189,1
22657377,0
22751827,1
22670302,1
22998535,0
22483678,1
23326385,1
22467685,1
22936303,1
23253298,0
22805689,1
22617999,1
23112104,1
22692107,1
22959966,1
22633695,0
23715408,1
22760707,1
22859696,1
23598992,1
23493714,0
22608831,0
23258966,1
22328155,1
23565639,1
22422578,0
23282166,0
22503156,0
23676015,1
22727028,0
22438834,0
23412498,1
22714215,0
23683134,1
23256508,0
23742363,0
22390170,0
22993427,1
22424680,1
23761564,0
23230826,1
22441347,1
23050968,0
22389447,1
23284466,1
23237939,0
23519070,1
23585947,0
22375432,1
23060313,1
22475956,1
22850345,1
23173758,1
23321009,0
23613147,1
22679724,0
23217918,1
22724122,1
23518798,0
23339383,1
23351604,1
22621705,1
23241642,0
23213518,1
23082541,1
23657463,1
22385975,0
23658220,0
22338251,1
23738183,0
22978692,1
22803782,1
22342021,1
22994343,1
23323783,1
22593202,1
22397199,0
23199391,1
23498409,0
22930993,1
23193238,1
23169800,1
23074288,0
23565486,0
22547423,0
23697580,0
23166906,0
23214900,1
22789588,1
23358637,1
22653574,1
22838988,0
22831549,1
23644630,1
23409010,0
23702896,0
23031296,1
22525377,1
23705570,1
22332084,1
23703593,1
23550922,1
23493577,0
23659308,1
22826098,1
22843367,0
23186345,1
23750810,1
23070942,1
23219482,1
23170492,1
23391543,1
23483530,1
23660528,0
22574818,0
22920340,0
22555640,1
22496361,1
22907284,1
23606895,0
23540859,0
23550747,0
23665149,1
22887246,1
22962463,1
22890423,1
22793301,1
22883337,1
22765377,0
23358661,0
23641362,1
23173915,1
23637915,0
22565782,1
23080835,1
23383085,0
23378819,0
22681805,1
23692861,1
23317951,1
23702316,1
22360565,1
23573114,1
23615892,1
22624164,0
23350534,1
23131180,1
23228102,0
22958404,1
22345224,1
23376720,1
22985611,1
22377091,0
23664094,1
22971587,1
22423104,1
23044999,1
23434113,0
23154524,0
22992231,1
22887907,1
23433079,1
22364218,1
22874938,1
22901275,0
23049821,0
22377435,1
22443520,1
22861304,1
22765328,1
22483496,1
23212640,1
22739978,1
22472382,0
22597514,1
22990159,0
23450991,1
23416657,1
23473125,0
22917358,1
22894229,1
22883455,1
22549341,1
23261034,1
22651691,1
22390277,1
23734169,0
23678787,1
23165738,0
23290943,1
23402316,1
23107287,1
23081305,0
22596425,1
23038586,1
22430820,1
22775015,1
22767549,1
23527036,1
23720525,1
23097988,1
22457641,1
23372234,1
23331619,0
22851341,0
22852719,1
23623939,0
22578280,1
23006974,1
22850882,1
22756026,0
22396810,1
23172212,0
23600741,0
22601078,0
23619811,0
23201552,1
22927967,1
23252863,0
23233816,1
22537297,1
23211383,0
23304580,1
22517031,0
23308993,0
23617809,0
23186279,1
22879994,1
22901770,0
22989255,1
23670472,1
22748239,1
23753219,1
23571768,0
22351175,1
22475520,0
23630841,1
22753791,1
22897499,1
22468622,1
23703973,1
23553898,0
23014619,1
23452959,1
23372091,0
23384436,1
23639384,1
23303394,0
23740932,1
22349625,1
23298409,0
22395218,0
23711703,0
22604885,0
22456205,1
23061160,1
23583600,0
22675703,0
23639071,1
23201940,1
22650101,1
23445437,1
23059296,0
23483608,0
22949274,0
23151107,1
23241569,1
23170847,0
22670825,1
22647582,0
22694059,0
23582360,1
22670504,0
23170341,1
22671398,1
23029623,1
23351713,0
22882718,1
22454102,1
23718021,1
23610172,0
22826732,1
23225032,1
23281214,0
22407708,1
23086298,0
22873741,1
23482818,0
23129723,0
22650706,1
23556263,0
23289552,1
22402665,0
22442089,1
23585770,0
22886095,0
23213685,1
23383728,1
23547431,0
23489202,1
23580013,1
22987054,1
23435119,1
23171160,0
23139623,1
23279265,1
23345783,1
23409716,0
22971481,0
22881763,1
23022239,0
23630881,1
22775863,0
23234010,0
22432134,1
23491998,0
23458147,0
23344152,1
23345915,1
23606230,0
23285332,1
23598484,0
22340241,1
22599183,0
22608520,0
22447374,1
23265936,0
22927705,0
22994890,0
22798898,1
23218701,1
23602574,0
23499703,1
22861514,0
22819846,1
22633911,0
22425849,1
23107625,1
23424735,0
22646812,1
23252383,1
22801742,0
23052335,1
22770044,1
22504206,0
22948122,0
22548678,1
22603413,0
23606798,0
23065817,0
23587398,0
23329700,0
22352792,1
22883768,0
22519458,0
23015869,1
23273963,1
22612955,1
23041867,0
22340041,1
23744873,0
22411887,0
22358311,1
23058943,1
22575412,0
23457438,1
22980504,1
23690538,1
23562675,1
23146953,0
22603650,0
23572169,1
23036336,0
22413593,1
22477294,0
22649570,0
22840648,1
22835710,0
23094609,1
23208788,1
22984408,0
22547697,1
23102335,1
23642935,1
22893755,0
22359670,1
23549575,0
23224805,1
23357991,1
23680629,0
22520540,1
23386594,1
23732928,0
23592193,0
23068626,1
22421274,0
22579058,1
23382068,1
23126682,1
23170886,0
23461568,1
23653849,1
23275544,1
23100663,1
23147951,1
23111428,1
22691553,1
23469806,0
23480423,0
23061681,0
23248080,1
22976951,1
22432616,1
23107421,0
23362766,0
22750471,1
22517892,1
23701665,0
22347788,1
22512992,0
23272196,1
23018628,0
23331848,0
23602065,0
23745914,1
22922181,1
22473507,1
22819613,0
23008413,1
22531162,0
22566147,1
22719402,1
23710230,0
23354928,1
23384037,1
23638633,1
22617649,1
23251678,1
23441262,1
22995426,1
22435794,1
23657028,0
22563823,0
23750801,0
22629612,1
23061225,1
22380103,1
23457742,0
23523285,1
22488021,0
23284002,0
23563002,1
23367541,1
22807642,1
22893949,0
22476384,1
23426369,0
22566776,0
23138522,0
23602331,1
22818659,1
23733300,1
23507243,1
23174044,0
22447025,0
23088490,0
22962326,1
22677037,1
23662724,1
22364455,1
23745296,0
22513952,1
23738419,0
22498324,1
22763542,1
23694776,1
22580964,1
23712833,0
23395050,0
22951371,0
22686552,1
23382139,0
22924264,1
22891424,1
22523130,1
23275587,1
22874136,0
22795971,1
22972740,1
22440241,1
23514687,0
23128798,1
22423938,1
22374735,0
22608709,1
23367236,0
22352877,1
22367539,1
23463375,1
22458752,1
23742848,0
22874966,1
22791856,1
23209988,1
23268645,1
22892364,0
22903323,0
22901500,1
22888357,1
23185527,0
22543748,1
22847869,0
23004295,1
22729197,0
23551347,1
23590261,0
23486001,1
22768704,0
22938625,1
23176918,0
23134963,1
23597290,1
23299138,1
23521298,0
23047951,0
23356719,0
22680691,0
22427987,1
22401500,1
22428197,0
23371272,1
23032834,1
23406124,1
23169046,0
22580501,1
23290501,0
23042898,1
23145879,1
22842734,0
22445639,1
22926902,0
22505720,1
23274971,1
22747928,0
22372525,1
23572994,1
23234069,1
22855638,0
23396816,1
23398650,1
22615849,1
22943725,0
23576206,0
22704863,1
23354264,1
23679065,1
23432808,1
23304029,1
23149792,1
23482040,1
22880315,1
23031379,1
23678175,1
23280758,0
22641956,1
23679781,1
23317939,1
23232312,1
23508307,1
22826822,1
22426034,1
22619000,1
22614255,1
23033421,1
22344896,1
23246787,0
23450903,0
23737935,1
22439491,0
23465911,1
23472453,1
22868133,1
22911121,1
22698209,1
23380643,1
22541431,1
23280299,0
23280996,1
23650668,1
23359065,1
22940690,1
23316211,1
23341642,0
22896201,0
23644182,0
22898179,1
22329875,1
23135802,1
23667289,1
23351120,1
22663544,1
22712633,1
22569344,1
23627416,0
22502279,1
23056725,1
22923285,0
23759847,0
23645256,1
23675492,1
23204561,1
22508379,0
22778214,1
23630141,1
23255952,0
22654810,1
22520023,0
22391435,1
23438843,1
23572352,1
23363722,1
23633442,0
22628688,1
22878651,0
23570514,1
23679059,0
23379266,0
22599779,0
22695106,1
22841368,1
22647523,1
22975183,0
22553778,0
23570299,1
22767579,1
22925605,1
23139253,1
23577837,1
23065224,1
22674007,1
23213693,0
23360256,1
22725798,1
22670484,0
22375385,1
22592405,1
22391940,0
22608355,0
23590171,1
22662783,1
23486364,1
22959680,0
23718905,0
22772176,1
23613400,0
23151086,0
22873983,1
22775742,1
22400431,1
23734051,1
22440043,0
22376752,1
22565445,1
23300703,1
23198792,1
22862890,1
22664449,1
23068434,1
22512467,1
23242267,1
23131706,1
23405345,1
22830691,1
23296062,1
23544682,0
22529293,1
22371324,1
22362559,0
22646557,1
22853901,0
23387998,1
23212228,1
23671024,1
23196103,0
23478216,0
23190736,0
22972684,1
22780960,1
22960963,1
22648803,0
23083053,1
23328023,0
22665799,1
23222989,0
23723377,0
22928181,1
23332144,1
22772420,1
22676519,1
23256852,0
23008121,1
23731434,1
22950886,1
23351684,0
23632252,1
22907053,1
22334229,1
23147534,1
22678525,0
22374562,0
23708655,0
22931528,1
23130843,1
23366551,1
23313783,1
22355362,1
22968578,1
22732504,1
23089743,0
22792663,1
23101017,1
22745758,1
23245616,0
23181570,1
22404561,1
22494111,0
22894059,0
23151970,1
23456128,0
23716715,0
22498894,1
22550115,1
23505119,1
23310095,1
22821872,1
22439092,0
22335413,1
23605518,0
23078038,0
22778147,1
23062823,1
22728105,1
22979766,1
23037118,1
22818282,1
23183528,0
22816681,1
23398411,1
23024586,0
22581921,1
23538380,1
22599904,1
23718559,1
22827846,1
22712881,1
23586234,1
23347271,1
22748560,1
23192807,1
22333056,0
23207302,1
22963437,1
22973509,0
23448164,1
22648127,1
22636636,1
22963794,1
22474442,1
22950515,1
23671453,1
23373202,1
23370092,1
23071988,1
22948534,1
23299899,1
22603777,1
23097665,1
23132971,0
22529673,0
23738266,0
23131707,1
23246374,1
22772459,0
22661552,0
22359747,1
22348845,0
23089805,0
23228645,1
22509526,0
22581631,0
22934760,1
23378096,0
23154671,0
23375767,0
22397712,1
23591777,1
23445832,1
23299436,1
23709142,0
23469956,1
23606678,1
22915071,1
23304655,0
23165197,1
22415091,1
22917339,1
22866617,1
22557063,1
22926192,1
23455778,0
22494844,0
22507399,0
22724596,0
22634103,1
23127820,0
23208001,1
23678251,0
22832656,1
23096059,1
22662467,0
23050798,0
23196672,1
23124507,0
23435998,0
22342689,1
23483465,1
22535289,1
23297780,0
23648426,1
23586372,1
22785817,0
23663809,1
22564617,0
22393840,1
23176064,1
22904642,1
22457171,0
22988253,1
23253932,1
22458462,1
22397273,1
23118937,1
22919639,0
23635399,0
23750183,0
23047026,1
23373813,0
22755157,0
22632136,0
22943129,0
23736063,1
22491626,0
23140867,1
22616986,1
22679328,1
23333750,1
22689112,0
22771659,0
23312452,1
23552346,0
23016258,0
23324564,1
23756763,0
23456830,1
23692266,0
23125947,0
22504698,1
23596718,0
23325602,0
23658787,1
22885796,1
23739616,1
22736449,1
22829730,0
22747613,1
23260904,1
22381809,1
23492346,0
23195978,0
23725632,1
22708865,0
23653334,1
22510056,0
23127433,1
23317404,1
23607203,0
22747279,1
23710072,1
22926131,1
22453772,0
23544804,0
23535925,0
23442872,0
22476401,1
23131204,1
23607149,0
22486902,1
22403673,1
22777574,1
23619717,0
23535224,1
23423848,1
23193145,0
23101087,1
22850490,0
23104436,1
22592769,1
23453612,0
23348375,1
23308493,0
23039416,1
23474991,1
23313049,0
22841359,0
22855682,0
23582221,1
22354657,1
23240954,0
22828841,1
23469807,0
23366644,1
23008766,0
23302872,1
22890813,1
23625159,1
22335307,1
23318218,0
23257264,0
23413936,1
23336479,1
22601138,1
23597873,0
22366475,0
23332068,0
22432856,0
23380688,1
22917288,1
23136385,1
22979458,1
23410535,1
22406003,0
22491281,0
23299375,0
22484052,0
23458677,1
22665677,1
23208749,1
23127106,1
23083734,1
23423820,1
22858797,1
22904913,1
23032922,1
23677625,0
23115464,1
23358800,1
22494969,1
23033406,1
22847225,1
23156575,1
23721702,0
22973504,0
23135293,0
22476518,1
22406554,1
23021688,1
22687801,1
23632637,0
22906095,0
22548030,0
22735691,0
23344206,0
23256439,1
23099091,1
22815172,1
23619452,0
22363897,1
23449083,1
22617682,1
23509384,1
22501280,1
22820690,0
23432330,1
23412190,1
23093482,1
22571639,1
23030098,0
23653525,0
22997944,0
23297621,1
23339484,1
22715020,1
22965647,1
23382810,1
23727858,1
22864656,1
23364658,0
23405537,0
22942228,1
23579796,1
23215565,1
23589719,1
22845669,0
22857008,1
22991516,0
22378517,1
22527430,1
22682149,0
23695913,1
23464247,0
23448581,1
22583369,0
22880843,1
23252576,0
22478167,1
23512721,1
23473570,0
22675264,1
22837284,1
23734823,1
23640018,1
22547638,0
23082337,1
22858931,1
23092081,0
23208217,1
23610627,1
22577286,1
22619555,0
23485934,1
23058019,1
22589022,1
23378299,1
23515456,0
23621673,0
23468892,1
22665935,1
22877485,0
22633849,0
22478932,0
23632768,1
23674707,0
23292905,1
23338158,1
23440580,1
22469730,0
22588732,0
23507989,1
22429214,1
23507436,1
23498813,1
23589999,1
23249527,1
22517778,1
23416117,1
22735008,1
22907665,1
23686664,0
22976233,1
23451109,1
23398512,0
23665148,0
22423827,1
23542106,1
22538114,1
23589992,0
23605237,0
23625958,0
22356232,1
22714841,1
22889130,0
22442825,0
23709098,1
22780246,1
22521285,1
22614503,1
22993461,1
22990086,0
22796806,0
22807156,0
22573217,1
22380877,0
23090160,1
22783762,0
22812236,0
22526577,1
23355311,0
23759441,0
22611868,1
23657401,1
23437702,1
23720951,0
22958988,1
23272161,1
22584486,1
23758204,1
22586771,1
23686653,0
23597979,1
23724887,1
22591705,1
22405166,1
22581855,1
23188920,1
23259111,0
23402521,1
22683563,1
22574560,1
23422392,1
23549159,0
23418730,0
23091515,1
23569849,1
22446446,1
23114537,0
23723779,0
22879929,1
22990402,1
22353935,0
22386519,0
23342522,1
22699806,1
23234611,0
23549918,1
23338318,1
22696193,1
22364875,1
23734841,1
22586570,0
23420488,1
23100339,0
22677002,1
22583737,1
22427210,1
23324815,1
23189293,0
22400933,0
22548813,1
23231867,0
23460416,1
22934852,1
22745483,1
23493679,0
22342158,1
23547470,0
22651591,1
22684218,1
23098990,1
22783607,0
22959108,1
23691786,1
23374177,1
23560704,1
22790582,0
22581673,0
22648816,1
22836944,0
23758088,0
22708777,1
22571033,0
23422794,1
22561021,1
23206199,1
22345722,1
23694297,0
22683103,1
22728531,1
22775346,1
23438495,1
23274463,1
23122976,1
23033630,1
22686344,1
22558865,1
22367067,0
22909761,1
22409390,1
23725009,1
23171265,1
22520257,1
23146336,1
22789665,0
23492145,0
23190007,1
23357220,0
23328345,1
23584917,0
23400253,1
23366009,1
23152661,1
23454204,1
22656282,1
23329004,0
22925521,0
22689278,1
22791054,1
23182751,1
22749959,1
22484909,1
22369123,1
22951316,0
23460509,0
22574874,0
22759582,0
23712547,1
23761855,0
23051302,1
22647080,0
23577361,1
22350482,1
23292913,0
22910074,0
23038481,1
23735925,1
22450485,1
23667480,0
22932876,0
22430605,0
23202390,1
23483940,0
22789167,1
23221346,1
22838411,0
22957006,1
22436219,1
22710492,1
23703642,1
23418793,0
22552113,1
23695127,0
22435715,0
23229249,1
22368940,1
22629110,1
22435586,0
23518150,0
22443908,0
22644041,0
22377376,0
22700093,1
23018887,1
23353484,1
22454898,1
22706237,1
23261849,1
23450522,0
22410139,0
23727853,0
23380739,0
22461453,1
23485899,1
22893727,1
22564402,0
22913413,1
22650458,1
22601863,1
23578703,0
23038667,0
23250366,0
22810058,1
22949224,0
22849662,1
22327178,1
23085004,0
22895288,1
22950766,1
23672587,0
22951926,0
22494432,1
23568773,0
22445479,1
23604698,0
23530655,1
23518574,0
23611359,0
23751716,1
22739923,1
23465638,1
22385406,1
23650125,0
23645984,1
23428806,0
22346364,1
23338147,1
22970131,0
22454634,1
22755633,1
23237016,1
23437565,1
22596175,1
23103639,1
22413902,1
23654898,0
23538212,1
23572374,1
22660329,1
22343944,1
23708133,1
22812251,1
23382421,0
23078631,1
23639995,0
22413083,1
22401540,0
22627465,1
22888655,1
23685601,1
22893893,1
22584990,1
23041459,1
23568918,1
22375004,1
23754681,0
22935428,1
22931592,0
23008612,1
23178853,1
22458736,1
22462455,1
23039750,0
23539936,1
23143011,1
22732218,0
23664392,0
23275791,1
22922738,1
23118610,0
22499997,1
22885260,1
22723365,0
22433597,1
23405078,1
22467155,1
22391659,1
22603828,1
23470704,1
23720355,1
22678539,0
22916964,0
23659443,1
23508484,1
22590736,1
23190179,1
23223022,1
23713675,1
23027010,1
23188752,1
22727064,0
23754832,1
22910642,1
23533919,1
23191755,1
23488011,0
22632960,0
22435429,1
23009364,1
23599386,0
22954013,1
23051309,0
22448166,1
22386330,1
23740965,0
22994260,0
22761920,1
23396072,0
23045816,1
22807712,0
23706872,0
23222731,0
22685466,1
23625510,1
23315631,0
22941609,0
23152471,1
22385322,0
22950477,0
22997579,0
23278037,1
22466682,0
22611738,0
22976503,0
23740224,1
23035034,1
22461850,1
23415080,0
22673027,1
23542637,1
23346067,1
22494707,1
23128935,0
22419632,1
22577564,1
22570154,0
23334389,1
23601659,1
23351243,1
23129413,0
22444179,1
22676423,1
23287351,1
23537371,1
22715195,1
22536331,1
22822217,1
22465632,1
23502400,1
22491376,0
23250323,1
23660620,1
22560890,1
23038011,0
22406558,1
23186517,0
22546788,1
23275960,0
23579789,1
22825027,1
23594530,0
23164419,1
23325580,0
22882701,1
22647502,1
23441711,0
22405538,1
22689901,1
22605105,0
23072285,1
23117238,1
22978180,1
22386324,1
23225329,0
23685273,0
23317310,1
22532637,1
22745385,1
23294625,0
23004174,1
23461628,0
22779143,0
23063992,1
23474959,0
22442811,1
23567615,1
23301761,1
23704199,1
23568389,0
23137936,1
23749232,0
22581501,1
23103907,0
22708441,1
23052768,1
22457955,1
22753476,0
22723029,1
23409433,0
23163833,1
23148377,0
23610222,1
23020963,1
22602695,0
23667800,0
23375710,0
23215072,0
23467077,0
22720324,1
22442394,1
23624112,1
22555466,1
23277249,1
23288234,1
23603301,1
23056324,1
23036460,1
23429239,1
22895178,1
23522650,1
22379859,1
23240590,1
22939902,0
23082556,1
22757125,1
23280408,1
23440599,1
22652102,0
23571450,1
23699907,0
22566192,1
23372999,0
23312134,1
23450169,1
22727607,1
22496595,1
23240797,1
22863176,0
22872695,1
23467092,1
23327537,0
22542965,1
23054057,1
22495713,1
23018180,1
23246151,1
23219110,1
23636920,0
23300812,1
23594599,0
23363808,0
22608009,1
22373725,0
22768334,1
23124677,1
23244489,1
22999792,1
23501493,1
22785506,1
22627335,1
23521609,0
22898683,1
23219474,1
23284408,0
23220268,0
23224336,0
23231347,1
22668743,0
22859010,0
23220653,0
23659761,1
22894892,1
22379057,1
22484160,1
23479985,1
23682015,1
23195634,1
22970255,0
23518716,0
22604632,1
23375447,1
23331260,1
22341152,1
23637402,0
22851648,0
23430743,1
22755611,1
22428555,1
23403591,0
22920652,1
22519366,0
22717756,1
23325093,1
23396757,0
22989229,1
22778747,1
23111596,1
23734212,1
23426553,1
22726410,1
22471464,1
22592049,0
23105939,1
22570356,1
23101565,0
23660604,0
23430872,1
23665731,0
23100819,0
22927526,0
23711373,1
23585773,1
22975722,1
23665687,1
23300737,0
22786274,1
22613872,1
22452395,1
22479085,1
22326736,0
23650709,1
23219063,0
22708585,0
22946463,1
22992929,1
22637165,1
23698327,1
22593033,1
22762592,0
23713396,1
22845517,1
23019438,1
23356297,0
22830626,0
22745322,1
23155626,1
22394520,1
23046162,1
22341874,1
23112801,0
22501595,1
23195655,1
23663195,1
22625097,1
22624193,0
23664559,1
23527852,1
23155087,1
23260353,1
22488536,0
23277633,0
22592080,1
23302430,0
23616358,0
22383932,0
23256488,0
23243971,1
23164266,1
22814011,1
23287950,1
23287317,1
23094321,1
23192512,0
22803864,1
22466258,0
23061859,1
23386555,1
22443659,0
22829265,0
23689758,0
23258443,0
23514930,0
23486363,0
22838477,0
22719400,0
22566278,0
23503679,0
23064551,1
22692151,0
22448025,1
23212195,0
23712989,1
22899586,1
22801718,1
22721980,1
22442828,1
23118630,0
23317322,0
22486238,0
23161686,1
22899132,1
23282443,1
23008935,0
23415798,1
23190749,0
22540694,1
23479890,0
23297046,1
23382129,1
22934763,0
23392737,1
23164967,1
23023649,1
22961157,1
23381898,0
23183224,1
23316138,0
22617236,0
23178380,0
22758157,1
23508059,0
23595165,0
22609946,1
23757445,1
22428986,1
23441659,0
23160775,0
22627975,0
22335265,1
23415368,0
23407814,1
22541079,0
22777306,1
22354370,1
23081585,1
23470019,1
22978892,1
22364752,1
22401687,0
23410244,0
23751899,0
23623194,1
22577879,1
22738365,1
23072153,0
23676242,1
23139408,0
22567551,0
23729357,0
22555103,1
22511625,1
22904767,1
23006133,1
22964146,0
23535002,1
22824917,1
23655951,0
23444135,1
22687100,1
22712333,1
22874969,1
22359417,1
22954363,0
22789449,1
23332851,1
22779629,0
23131966,1
22684798,1
22350856,1
22737237,1
23689751,1
23586882,0
22398238,0
22529207,1
23364235,1
22823205,1
22540389,1
23275404,0
23050584,1
23148841,1
22784869,1
23047502,0
22355764,1
23104614,1
22344103,1
23404517,0
23226665,0
22946393,0
22393767,0
22866219,0
22936806,0
22608686,1
22626754,0
22437206,1
23365940,0
23179634,1
22378274,1
22839463,1
22571532,0
22376137,1
22426482,1
22945074,0
23513512,0
22885122,0
22435353,1
23730344,1
23455437,1
22504145,1
23595369,1
22906729,1
23033222,1
23760196,1
23389155,1
22544720,1
23664145,0
23323116,1
23361215,1
22869777,0
23652888,1
22469278,0
22356067,1
22404768,1
23478123,1
22829492,0
23610307,0
23021576,0
23344402,0
23336181,0
22817836,1
23532907,0
23386887,1
22385664,1
22437032,1
23104157,1
22481347,1
22406250,1
22441027,1
22753332,1
22899913,0
23508748,1
23667664,1
23319019,1
22642003,1
22541834,1
23511716,1
23334126,1
22338472,0
23729729,1
22717335,1
22938326,1
23341226,1
22795848,0
23347013,0
22893107,0
23398145,0
22566669,1
22994196,1
22596555,1
22826652,0
23301098,0
22854114,1
22555828,0
22719032,1
22567675,1
23290351,0
22504425,1
22749119,1
22698035,1
22504465,1
22501447,0
23127391,1
23535901,1
23681938,1
23508458,0
22819764,1
22672955,1
22462201,1
22392533,1
22962212,1
23256804,0
23723064,1
22613856,0
23600792,1
22463146,1
22371265,1
22946179,1
23050782,0
22703018,0
23431850,0
23424433,1
23276989,0
22711191,0
22643989,0
22917369,1
23497926,1
23479060,1
23226489,1
23070466,1
22592670,1
22796695,1
22436157,1
22663789,0
22539292,1
22865468,1
23574873,1
22867730,1
23302919,1
23754841,0
22982584,1
22857416,0
23618662,1
23606381,0
23211870,1
23212764,1
22937878,1
23409810,1
23132000,1
23385545,0
22709972,1
22474406,1
22756641,0
23591060,0
23487047,0
23088319,0
22850989,1
22706383,1
23419581,1
23371091,1
23494446,0
23090320,1
23749589,1
23415122,0
23055492,1
23147747,0
23637637,1
22962122,0
22394448,1
23394141,1
23436580,1
22431419,1
22812490,0
22619948,1
22436103,1
22953274,0
22690716,1
23526404,0
22629093,1
23684266,1
22764932,1
22783808,0
23290090,1
23604534,0
22983110,1
23262299,1
22619043,1
23021184,0
23694837,1
22566180,1
22650734,1
23065799,1
23084436,1
22956762,0
22615661,1
23451104,1
23142754,1
23467973,0
23626567,1
22848768,1
22883755,0
23144449,1
22499845,0
22592554,1
22687517,1
23687776,0
22350961,0
23136110,1
23544788,1
22711044,1
23664245,1
23095062,0
23505844,1
22491251,1
23698554,1
23041914,0
22783451,1
22586249,1
23412735,1
22590691,1
22685776,0
23382517,1
23427783,1
22348104,1
23492386,1
23393186,0
23262605,0
22951743,1
23484501,0
23634150,1
22673172,1
22546156,1
22686727,1
22413107,0
23672306,0
23586500,0
23639967,0
23757392,1
22806245,1
22654911,1
23064278,1
23435950,0
23497839,1
23100992,1
23232554,1
22352885,0
22937680,0
22488995,1
23753475,1
22658718,0
22371184,1
23245646,1
23741124,1
23749627,1
22589041,0
22512181,0
23589685,1
22773002,1
22923265,0
22787382,0
22608889,1
23474150,0
22424905,0
22554836,0
23107503,1
23699392,0
23313560,1
22856301,1
23145334,1
22825195,1
22857637,1
22949776,0
23195014,1
22828938,1
22461618,1
22972834,0
23298066,1
22950994,0
22622545,1
22594090,1
23049338,1
23461441,1
23067137,0
23450339,1
22813530,0
23229389,1
23080462,1
22539886,0
23725527,1
22630391,0
23197535,1
22872789,0
22432927,0
23344689,1
22560731,0
23523401,1
23735414,0
23725231,1
22834106,1
22595721,0
23617879,1
22940017,1
22860200,1
23702632,1
23613306,1
23551686,0
23449750,0
23344446,1
22437246,1
22869381,1
22828261,1
23620753,1
22721252,0
22976194,0
23697858,1
23022460,1
22545011,0
23425013,1
22538880,1
22975882,0
23191626,1
22433076,0
23065269,1
23077241,1
22978639,1
23039068,1
23585501,0
22689919,1
23283548,0
23370438,1
23400104,1
23537308,1
22931429,1
22794914,1
22519171,0
23310845,1
22343479,1
22808060,0
22513208,1
23403196,1
23344047,1
22878660,0
23557783,0
22431467,1
22898911,1
22791313,1
23537403,1
22657381,0
23713048,0
23263905,1
23304629,0
22785793,1
22632190,1
22397846,1
23077893,1
22883453,0
22674335,1
22673086,1
22526965,0
23646936,1
23549586,1
22925710,1
22503323,0
23705966,1
23009478,1
23523022,1
23426360,1
23198713,0
23193543,1
23411693,0
23525965,0
23071266,0
22927137,0
22926721,0
23094835,0
22754658,0
22456922,1
22910743,0
22407621,1
23620268,1
23391244,0
22709754,0
23393766,0
23014828,1
23324229,1
23582794,0
22917509,0
23272970,1
22636313,1
22982951,0
22727470,0
23418390,1
23241103,1
22509186,1
22368953,0
22389744,1
23395440,1
22733112,1
22716625,0
23411835,0
23645100,0
23160708,1
22756787,1
22546201,1
22850174,1
23605436,0
22916806,0
22699926,1
23595886,0
23095890,0
23001616,1
23028526,1
22477644,1
23058732,0
23085096,1
22586873,1
22501771,1
22607398,0
23525700,1
22601395,0
23321764,1
22751480,0
22764065,0
22486711,1
23018609,1
23183748,1
22525360,1
23238912,1
23127265,1
22440498,1
22984065,1
23224210,0
23267437,1
22331697,1
23285270,1
23619482,1
23647956,1
23034392,1
23449551,0
22602174,1
23218017,1
22771331,0
23403451,0
23213253,0
22857923,1
22867204,1
22487694,1
23522989,0
23600706,1
22833575,1
23094300,0
23600072,0
22867093,1
23494164,1
23611542,1
23256903,1
23518011,1
23242465,1
22657378,1
22846872,0
22404345,0
23515156,1
23655382,1
23201821,1
22660238,1
23328625,1
22594686,0
22865001,1
22574581,1
23093830,0
23676363,1
23357855,1
23620301,0
23535254,0
22921804,0
22638128,1
22410385,0
23102568,1
22458955,1
22416146,1
23257289,1
23659717,1
22931378,0
22860988,1
23131389,1
23122865,1
22539569,1
23627265,1
22981290,0
23394866,0
23503335,1
22356735,0
23576648,0
23623991,1
23724712,1
23041478,0
23224541,0
22590803,1
22937665,1
23037302,1
22390691,1
23240401,1
22764831,1
22691733,1
23264585,1
23486201,1
23354840,0
22453669,1
23622121,0
23743626,1
22488645,0
22636164,1
23636041,1
22338621,1
22843047,1
23495510,1
23578336,1
22334689,0
23559393,0
22817206,1
22937409,0
22615483,1
22413682,1
23205796,0
23531419,0
22363996,0
22712848,1
22705254,0
22522002,1
23445400,1
22847310,1
23127381,0
23264402,1
22581258,1
22382583,0
23467207,0
22520523,1
23613279,1
22550263,1
23002263,0
23263340,0
22466403,1
23255882,1
22941476,1
22877597,1
22831480,0
23554408,0
23056200,1
22841283,0
23266012,1
22653152,1
23757148,0
23346608,1
22966475,1
23701678,0
23054346,1
23349573,1
23669744,1
22416520,1
22627413,0
23295876,1
22790954,0
22390409,1
23060776,0
23747672,1
22939451,1
22612003,0
23159034,1
23324988,1
23085844,0
23666493,1
22602916,0
23577316,1
22421399,1
23411992,1
22874987,1
23607293,1
22534636,0
23362667,1
23274137,1
23411565,1
23087907,0
23530796,0
22483506,0
23278834,1
23502199,1
22917433,1
23500960,0
22454430,0
22438763,1
22936212,1
23493281,0
22701337,1
22501773,1
23559335,0
23306670,1
22611054,0
22913516,1
23393108,0
23634902,1
23197315,0
23161305,0
23292609,1
23498289,0
22926136,0
22928335,1
22618874,1
22570454,1
23177650,1
22786763,1
23266877,1
22908755,0
22716313,0
22942398,0
23352244,0
22571140,0
23092794,1
23396301,1
23089203,1
23111961,1
22901533,1
23272258,1
22902559,0
23514748,1
23716086,0
22989262,0
22490807,0
23147873,0
22919989,1
23141636,1
23422776,0
23637654,1
22389058,0
23306985,1
23702251,0
23630467,0
22811550,0
23378733,1
23523113,0
22994503,0
22429322,1
22661896,0
22894634,0
23354907,0
22947132,1
22558896,1
23647408,1
23428696,1
23491390,0
22681676,1
23637038,1
22471041,1
22873503,1
23508319,1
22912713,1
22495081,1
22933588,1
23165937,1
23433254,0
22673720,1
22583348,1
22572391,1
23674484,1
23080456,1
23255216,0
23184095,0
22370785,0
22469525,0
22900154,1
23016998,1
23410163,0
23577487,0
23032983,1
23472207,1
22463109,0
22446770,1
22559218,1
23156627,1
22794139,1
23021734,0
22460360,0
22892413,0
23333550,0
23554079,1
23311804,1
23038175,0
22408868,1
23299131,1
22643390,1
23459318,0
22660519,0
22613670,0
23604945,0
23591675,1
22989857,1
22384436,1
23132343,1
23257222,1
22861805,0
23720550,1
22702751,0
22905040,1
22739248,1
23033671,0
23538126,1
23411864,1
22919362,0
22505230,1
22642457,0
22353700,1
23246623,1
23673014,1
22418502,1
23319471,1
22618963,1
23327340,1
22796899,0
22399285,0
22925612,0
23023611,0
23186065,1
23344757,0
23177385,1
23681270,1
23233189,1
23693898,1
23269904,1
23243252,1
23326493,0
23515149,1
22492522,1
23105281,0
23246369,1
23055069,1
22697201,0
22866437,1
22528026,1
22444586,1
23717561,1
23328845,1
23608963,1
23318641,1
22665026,0
23221153,1
23510669,0
22376492,1
23223913,1
23328631,1
22361322,0
23222694,1
23164165,1
22523470,1
22838086,1
23322242,1
22495014,1
23470705,1
22807539,1
23603321,1
23529013,1
23130727,1
23114922,0
23512061,1
22741779,0
22931645,0
22813751,1
22939070,0
22447401,0
22975191,1
23691578,0
23301575,0
23142354,1
23688191,1
23249868,1
22570191,1
22335982,1
22840030,1
23142810,1
23526833,1
22802880,1
23015632,1
23586343,0
22997505,1
22729576,1
23355812,0
23472296,0
22801487,0
22561306,1
22562403,1
23509713,1
23400746,1
22418632,1
22335057,1
23340344,1
22996000,0
22911833,1
23756650,1
23247435,1
22608957,0
23730423,1
22704381,0
22525710,0
22416299,1
23202712,1
23385740,0
23500717,1
22973348,1
22916732,1
23148361,1
22745870,1
23566874,1
23443543,1
23720562,1
22931152,0
22625894,0
23719984,1
22856313,1
22584685,1
22425916,0
22702095,1
22533838,1
23064476,1
23441987,1
22387788,1
23365797,1
23223537,0
22408198,1
22569450,1
23570177,1
22457799,0
23378285,1
22387636,1
22498401,1
22429977,0
23629300,1
23212404,1
23615360,1
22408749,1
23655702,0
22653581,1
23194280,0
22455320,1
22410027,1
22699583,1
23141526,0
23017971,1
23075595,0
23326331,0
22546660,1
23583766,1
23416554,1
23276500,1
23269838,0
22380595,0
22677410,1
23331625,0
22861899,1
23101085,0
22559093,0
23470585,0
22560964,1
23302702,1
22498433,1
22931417,1
22731257,0
23345553,0
23593453,1
23470489,1
23452989,0
22402541,0
23539410,1
22642931,0
22891922,1
23303926,1
23751958,0
23097164,1
23230769,1
22955833,0
23599434,0
23558551,0
23329096,1
22581131,1
22353081,1
23634257,0
23357450,1
23478926,1
22861505,1
23178833,1
22925562,1
23738544,0
23302562,1
22866092,0
22548668,0
22812909,0
23269773,1
23124620,0
22647506,1
23673978,1
23554940,1
23362372,1
23351781,0
22920043,0
22556275,0
22409091,0
22358592,0
23483279,1
23588211,1
22567875,0
23510204,0
23718143,1
23220385,1
22807247,1
23209527,1
23725805,0
23746731,0
22532031,1
22524994,0
23334418,1
22361667,1
23495295,1
23414354,0
23339183,1
22432384,0
23151947,1
23452318,0
22572522,0
22986987,1
22726634,1
23051989,0
23637781,1
23440339,1
23755655,0
22753812,1
23654652,0
23564952,1
22512337,1
22917285,0
22331805,1
22592292,1
23330344,1
23301493,1
23719240,0
23184926,1
23394107,0
22908996,0
22644702,0
22847455,0
23578015,1
22997352,0
23469035,1
23350491,1
22723481,1
23147220,1
22832957,1
23426970,1
23278119,0
23061062,0
22657567,1
23540731,0
22830006,1
22742132,0
23601203,1
23439127,1
23413320,0
23017061,1
23568790,1
22737714,0
23472029,1
22835549,1
23219724,0
23694098,1
22623104,0
23213057,1
23536287,0
23024292,0
23565944,0
22701730,0
23002432,0
23739306,0
22968906,0
22601271,0
23049602,1
22927792,1
23597533,0
22774285,0
23089385,1
23466632,0
22932313,1
22653411,1
22490559,1
22676861,1
22428514,0
23220584,0
22838974,0
23373982,1
23101240,0
22700461,1
23084430,1
23302041,1
23071700,0
22425632,0
23370860,0
23435811,0
23194922,0
23061852,0
23235791,0
23513949,0
22475239,1
22600290,1
23205527,1
23395904,1
22401359,1
22753563,1
22527065,1
23585027,1
23637522,1
22878448,1
23634323,0
22720440,1
23357247,1
23255137,1
23012135,0
23175746,1
22947906,1
23465528,1
22683753,1
23239837,1
22561318,0
22764323,0
23142137,1
23089479,0
22385235,1
23462751,0
23593540,1
23662153,1
23620609,1
22672119,1
22711959,1
22866371,1
23364501,1
22922643,1
23141963,1
22385373,0
22330532,0
23020704,1
23411416,1
22813660,0
22810321,0
22551079,1
22488114,0
22977599,0
22709220,0
23643963,1
23600983,0
23694642,1
22391056,1
23306697,1
22597625,0
23401064,1
23355654,0
23724212,0
22345859,1
23474079,1
23462796,1
22761876,1
23201534,0
22464391,1
23663374,0
22593500,0
22851310,0
23628682,0
22598276,1
23341396,0
22384251,1
22601541,0
22593659,1
23095559,1
22498674,1
23386358,1
22884922,1
23285275,0
23173743,0
23715968,0
22741632,0
22419845,1
22970704,1
22649183,1
22858859,0
23552066,0
23720854,1
22343366,0
22459368,0
23151016,1
23135989,1
23230577,1
23115435,0
23714397,1
23044516,1
23235633,0
22841485,1
22521190,0
23064756,1
23043849,1
23095830,1
22713721,1
23091925,1
23539948,1
22721739,1
22830118,0
22434622,0
22583861,0
22678668,1
23245605,0
22764137,0
22399519,1
23280354,0
23415231,1
22828533,1
23372756,0
22506923,1
23514060,1
23199909,1
22527562,1
22838743,1
23065803,0
23590136,0
23309633,1
22529781,1
23272775,1
22888440,1
23025860,0
23242039,0
23367690,0
22451305,0
22448433,1
23356292,1
23448391,1
22633149,0
22522647,1
23760456,0
22909336,1
23347154,1
22739767,1
22892151,1
22449004,0
22816401,0
23675672,1
22528292,1
22827847,1
23572677,1
23476226,1
23550212,0
23337503,0
22549081,1
23301333,1
22775039,0
23544727,0
22330750,1
22609945,0
23671976,1
22793506,0
22333308,1
23729030,1
23659371,0
23141538,1
22507847,1
23378601,1
22741710,0
22943402,1
23685122,1
23528076,1
22402223,0
22957121,0
22696324,1
22947495,1
22542942,1
23406276,1
22859739,1
23014960,1
23017715,1
22474066,1
23597364,1
23638479,0
22616429,0
23705870,0
23359466,1
23535138,1
22676382,0
23686669,0
22464864,1
22716485,0
22557429,1
23224144,1
22471038,1
23029711,0
23354426,0
22772445,1
23329107,1
22942059,0
23220713,0
23114004,0
23181671,1
22377947,1
23048820,0
23060440,0
23517260,0
23193730,1
23624865,0
23736308,1
22442951,0
22694856,1
23066278,0
22683325,1
23068289,1
23680757,1
23016259,1
23587105,0
23257469,0
23260956,0
23176726,0
22463731,0
22701070,0
23257368,0
23270248,1
22336246,1
23686248,1
23517420,1
23358229,0
23339489,0
23205003,1
22340757,1
23461719,0
23171890,0
22849704,0
22998833,1
22929609,0
22584387,0
23675156,0
22401318,1
22523827,0
23250534,1
23260114,1
22459341,1
22808257,1
23372443,0
23525044,1
22542193,1
23201899,1
22554159,1
23568211,0
23455330,0
22817845,1
22410248,1
23542386,0
23177409,1
22988148,0
23187901,1
23741207,1
22526939,1
23144054,1
23603863,0
23310649,1
23697045,0
23649147,0
22536112,1
22913687,0
22880025,1
23372128,1
22505269,1
22766235,1
23407805,1
23420710,1
22828525,1
23535339,0
23050790,1
22369948,1
22649573,1
23166260,0
23140856,0
23379449,0
23009068,1
22681954,1
23437464,1
22797010,0
22676201,0
22810454,1
23503745,1
23615703,0
23515625,1
23619199,0
23535180,0
23554998,1
22543863,0
22506480,0
23516908,1
23616828,0
23271328,0
22441115,1
23655935,1
22668798,0
23165924,1
22418813,1
23582155,0
23159411,1
22423094,1
22702689,0
22624253,1
22522773,1
22494638,0
23578577,0
22868055,0
23708707,0
22444085,1
23151405,1
22483471,1
23660296,1
22691384,1
23512111,1
23112135,0
23462525,1
22564161,1
22930976,1
23040792,1
22737354,0
22777516,0
22918424,0
22447969,1
23367821,0
23166019,1
22743971,0
22880398,1
23388755,1
22598238,1
22805667,1
23116985,0
23629521,0
22741842,1
23314184,1
23474672,0
22329987,1
23673443,0
23319016,0
23361211,0
23648658,1
23570810,1
23584359,1
23560442,0
23467206,1
23079385,0
23215178,1
22979038,1
22711774,1
22804274,0
22543004,1
23305224,1
22518636,1
23501056,0
23754337,1
22344897,1
22987957,1
23019691,1
22832254,0
23627059,1
23362560,1
22575742,0
22665676,1
22440993,1
22487632,1
23418889,1
22348572,1
23731596,0
22380314,1
22420927,0
23228870,0
22693774,1
23549699,0
23749484,1
22452559,1
23048111,1
22865789,1
23377521,0
22567120,1
22778744,1
23668485,1
22692742,1
22981304,0
23632696,0
22686409,1
23260302,1
23359387,1
23051587,0
23533979,0
23100659,1
23696290,0
22988280,0
23605256,1
23408699,0
23240500,1
23554447,1
23280771,1
22981256,0
23296135,0
22890569,0
22812737,0
23597926,1
23494106,1
23091713,1
22733763,0
22583837,1
23610245,0
22910020,1
23566989,1
22439289,0
23059854,0
23072249,0
22436256,1
23403507,0
22437822,1
22705783,1
22698126,1
22946212,0
22684187,1
23043090,1
23153660,0
22400494,0
23063707,0
23208233,1
23472435,1
22521105,0
23323880,1
23119228,1
23534404,1
22867762,1
23322320,0
23303243,0
23647010,0
22863367,1
22504697,0
22453088,0
22484641,1
22626564,0
22650967,1
22577810,1
22328948,1
23157661,1
22479427,0
23029184,0
23409413,1
23510002,1
22548689,1
22953371,1
22748368,0
22523411,0
22559730,0
23553063,0
22976026,0
23512932,1
23436968,0
22343503,0
23188057,1
23280919,1
22421715,1
23023470,0
23353801,0
22950529,1
22433865,0
22842954,0
23076184,1
23182236,1
23718362,0
22465608,0
22459068,1
22354728,0
22904582,1
22656371,0
22896398,1
23287650,1
23154904,1
22983735,1
23248963,1
22731827,0
23737310,1
23581960,1
23133899,1
22533998,0
22505853,1
23414578,1
22901511,0
23460969,1
23509475,1
22488291,1
23172819,1
22765369,0
23711839,1
23032634,0
22565144,1
22371707,1
22726136,1
23625001,1
22459473,0
23577393,0
22541069,1
22486525,1
23479144,1
22418567,1
22929055,0
23262973,0
23117904,1
22663981,1
23008497,1
22339745,1
23507806,1
22402842,1
23490331,0
23040971,0
23371396,0
23023081,1
23542815,1
23613105,1
23505725,1
23513147,1
22338149,1
22935312,1
23476955,0
23286070,1
23559090,0
22479410,0
23635386,0
23315992,1
22859471,0
22502893,0
22528374,1
23170567,0
23664401,0
22434999,0
23526357,1
22954772,0
22595626,0
22873813,1
23117565,0
23658246,0
23234191,1
23265630,1
22550881,1
22534038,0
22638648,1
23018235,0
23088527,1
22825950,0
22510359,0
22746525,1
22994075,0
22370576,0
22565801,1
22567026,0
23036515,0
22926555,1
22796879,0
22363139,0
22599960,1
23050000,1
23721971,0
23713637,1
22741697,0
23209463,1
22502599,1
22835761,1
22980444,1
22510450,0
22924113,1
23267745,1
22559825,1
22730311,0
23522506,1
23302167,1
23527350,0
23081309,1
22747078,1
23462214,1
23173668,0
23501194,1
22767498,1
23181348,1
23581180,0
23300098,1
22773983,0
22496543,1
22383368,1
23734336,1
22349039,1
22870521,1
22983578,1
23063756,1
23097697,1
22639381,1
23692515,0
22978373,1
22347172,0
23278928,0
23543663,1
23502061,0
22697551,1
22917624,1
23262904,1
22960660,0
23440223,1
22974864,1
22353790,1
23372298,0
22365805,0
23181100,1
23431861,1
23072585,0
23241651,1
23594996,1
22754967,0
23033631,1
22640724,0
23017563,1
23557297,0
22436919,1
23714973,1
23465890,1
22770379,1
23389196,1
22555753,1
23336671,1
23082976,1
22470363,1
23506371,0
23587952,1
22840827,1
23623967,0
23657900,1
23502333,0
23250724,0
23568360,1
22982147,0
22736641,1
22772372,1
22782803,1
23448946,1
22502784,0
23224876,1
23009118,1
23731481,0
23728850,1
23713646,0
23054796,1
23323939,1
23076767,1
22489390,1
23106542,1
23718457,0
22972645,0
22570272,0
23207075,1
23481265,1
23049310,1
22995347,0
22736076,0
23534635,1
22716246,1
23564018,1
22428745,1
23230281,1
23234853,1
23327861,0
22496190,0
22649242,0
22377226,1
23383747,0
23653959,0
22491878,1
22698359,1
23183205,1
22710010,1
23558744,0
23175277,0
23012353,1
23028665,0
22747083,1
22897849,1
23105184,0
23595800,0
23080963,0
23108988,0
22592582,1
22463626,0
22555698,1
22337131,0
23226557,1
23290208,1
23712658,1
22754637,0
22687948,1
23130842,0
22821143,1
22846976,1
23689691,0
23511045,1
22606551,1
23502494,0
23666807,1
22687552,1
22690915,1
23236206,0
23712887,1
22474724,1
22442940,0
23426136,0
22555062,1
22362542,0
22371819,1
23669185,1
22695482,0
23415370,1
23512498,0
23522098,1
23336175,1
23717432,0
23409056,1
23186450,1
23582830,0
22509447,1
22619128,0
23564530,1
22627824,1
22726072,1
22760696,1
22384343,0
22364688,0
23670713,0
23423142,1
23717393,0
22982252,1
23002989,0
23650447,0
22612353,1
22347271,0
22998360,1
22603821,1
22520709,1
23614653,0
23324956,1
22818676,1
23002721,1
22700715,1
22330774,0
23447284,0
23548599,0
22720584,1
22361822,0
23354421,0
23016182,1
23733231,0
22496535,1
22690269,1
23424568,1
23161367,1
23426384,1
23623217,0
22377129,1
23393475,0
22967222,0
23515957,1
23059444,0
23118477,1
23595305,1
22971907,1
22588387,0
22430449,1
22962349,0
22611755,1
23372377,0
22638024,1
22388828,0
23308899,0
22804511,0
22498199,0
23675134,1
22389835,1
22496707,1
22845754,0
23185816,0
23394695,1
22708238,0
23061441,1
22794731,1
23110048,1
23166953,0
23114011,0
22713687,1
23052602,1
23182247,1
23212452,0
23499439,1
22692659,0
22586226,1
23330408,1
23434036,0
23258077,1
23186904,0
22466402,0
22684978,1
23603659,1
23670991,0
22746844,0
22768417,0
23604764,0
22867453,1
22578316,1
23525003,1
23584662,0
23123205,1
23140300,1
22837348,1
22368231,0
23583758,1
23446085,0
22493999,0
23757217,1
22885966,1
23438330,0
23345820,1
23270507,1
22799814,1
23059029,1
23389649,0
22594086,1
22743421,1
23245960,0
22921360,0
23553911,1
22516577,1
22650530,0
23550168,1
23139175,1
23524810,1
23674375,1
22827271,0
23394582,1
23626475,0
22358448,1
22374550,1
23637757,1
23084841,1
22449675,1
22568339,1
22781381,0
22596249,0
22838235,1
22739303,0
22931252,1
23521998,0
22618115,0
22661734,1
22811706,1
23383854,0
23232634,0
23516407,1
22968416,0
23563814,0
23681523,1
22906359,0
22947446,0
22416933,1
23531155,1
23749300,0
22420036,0
23728772,1
23304134,1
22721177,1
23503673,0
22638732,1
23190090,0
23604433,0
22904600,1
23155320,0
23076778,0
23169149,1
23195302,1
23359366,0
22912333,1
22670574,1
23302898,1
22911606,1
23443068,1
23070496,1
22466522,0
23445375,0
23218731,1
23596139,0
23142516,0
22752154,1
22731052,1
23420889,1
22353885,1
23347992,0
22609718,1
23456558,0
22982158,0
22348054,0
22405983,1
23718133,1
23319367,1
23074954,1
23599765,0
22465915,1
23431066,1
23097041,0
23472471,0
23542968,1
22385294,1
23546652,1
22609549,0
22556069,0
22659976,1
22578584,1
22558944,1
23485790,1
22778661,0
23628518,1
23750732,0
22885873,0
22711525,1
23271554,1
23645835,1
22578785,1
23291295,1
23581638,0
23120296,1
23714856,1
23754313,1
23065946,1
23703405,1
22772954,1
23686462,1
23140649,1
23553188,0
22599860,1
23525995,0
23689334,1
22458017,0
23536186,0
22926093,1
23128850,1
22391303,0
23441360,1
23482051,1
23192250,1
23198635,1
23455919,0
23035641,1
23307299,1
23667654,1
22572966,1
22838851,0
22714162,0
23738535,0
22540805,1
23394289,0
22770702,1
22685029,1
22564097,1
23305020,1
23074870,1
22651350,1
22847931,0
22517855,1
22675091,1
23661463,1
22554006,0
22773282,1
22373077,1
23206454,0
23618380,1
22708307,0
23441781,0
23401407,1
23626390,1
23493005,0
23002994,1
23051306,1
22339823,1
22948448,1
22477337,1
22756534,1
22892489,1
22535530,1
22830227,1
23236448,1
23151781,1
22458455,0
22444241,1
22936108,1
22906677,1
22641648,1
23421361,1
23219522,1
23073778,1
22569315,1
22551124,1
23138028,0
22537454,1
23069507,0
22638931,0
23521430,1
22496603,1
22468631,1
23577356,0
23325301,1
23511873,0
23711717,1
22969780,1
22702383,0
23631265,1
22498018,1
23328509,1
22357659,0
23129089,0
23105733,0
23405901,1
23380884,0
22562342,1
23304055,1
22968450,1
23632398,0
23150667,0
22843469,0
23046039,0
23080651,1
22902866,0
22805704,1
22938677,1
22645926,1
22508269,1
22375475,1
22366980,1
22760358,1
23554964,0
23516806,0
22605278,1
23124336,1
22442403,1
23303070,0
23404449,1
22764617,1
23238610,1
22533270,1
23093530,1
23302206,1
22470435,0
23120623,1
23079739,1
23390897,1
23057733,0
22505012,1
23699350,1
23609861,1
22952414,0
23354050,1
22671811,0
22876883,1
23604082,1
23071795,1
22927243,1
23671950,1
23694746,1
23338481,1
23111804,1
22986995,0
23013219,1
23677909,1
23524775,0
22384519,0
22365187,0
23138848,0
23690970,0
23321793,1
22937819,0
23447741,0
22699570,1
22539839,1
22432993,1
23686657,0
22624281,1
23095432,1
22566313,1
23658403,1
23464296,0
22782173,0
22684010,1
22908675,0
22924136,1
23652776,1
22853711,1
22910401,1
23226213,1
23162662,1
23521680,1
23714412,0
22672481,1
23668200,1
22768218,0
22851952,1
22763005,1
22744107,1
22492763,1
23229144,0
22891369,1
22996157,0
22402650,1
23396672,0
22864633,1
23648527,1
22534686,1
23553859,0
22728442,1
23299947,1
23524235,1
23678782,1
23141045,1
23136283,1
23373790,1
23260449,1
23432096,0
22935091,0
22646294,1
22497273,1
23488828,0
22334190,1
22528521,0
22845223,0
23491828,0
23296992,1
22586408,1
23596096,1
22567017,0
23213408,1
22387484,0
22831056,1
23482755,0
23574561,1
23077697,1
22474788,1
22674810,1
23323888,0
22701264,1
23562485,1
23299400,1
23258943,1
23157945,0
22846771,0
23060899,0
23189598,1
23375557,1
23378379,1
22824302,1
23022382,0
22358657,0
22370108,1
22651560,0
22975048,1
23648919,1
22384294,1
22646798,1
23505571,0
23629793,1
23228077,0
22679231,1
22571846,0
23475081,1
23135585,1
23742758,1
22692599,1
22703105,1
23373596,0
23573302,1
23625896,0
22579447,1
22382728,0
23345571,0
22786518,1
23364517,1
23373375,1
22532388,1
22523806,0
23434971,0
22937775,1
22561687,1
23386585,1
23372626,1
22626554,1
23550977,1
23602825,0
22505523,1
23100798,0
22698457,1
22373135,0
22919208,0
22338824,1
22690712,0
22825991,0
23257430,1
22385477,0
23417984,0
23553341,0
22995791,1
23668407,0
23739129,0
23064662,1
23252401,0
23007780,1
22787497,1
23260104,0
23207309,0
23602944,1
22355950,0
23235375,0
22688679,0
22382399,0
22794891,1
22512019,0
23479938,1
22991613,1
22752459,1
22375396,0
23620721,0
23470858,1
23596355,1
23008285,1
22620581,0
22885099,1
22892757,0
22607523,0
23506226,0
22726656,1
22912723,1
22431487,1
22752420,1
22589031,1
22636365,1
23613969,0
22821484,0
23296923,1
22690280,1
23655811,1
22925355,0
22898543,1
23736795,0
22364012,1
23004938,0
22789314,1
23583473,0
22606761,1
23590535,0
23304628,0
22873022,1
22554174,1
23356227,1
23151718,1
22516861,1
23512967,0
22943123,1
22826729,0
22358522,0
23350068,1
22549346,1
23016517,1
22776584,1
23185505,1
22758851,1
22797564,0
23233246,0
22380942,1
23718439,1
23165714,0
23644645,0
22718557,1
23120568,1
23222006,1
22830683,1
23305807,1
22887287,1
23599350,0
23272397,1
23589883,0
22919721,1
22334080,0
23099409,0
22924072,1
23756352,0
23536521,1
23407597,1
23240886,1
22523307,1
22728122,1
22556274,1
23070022,1
22669117,1
23731721,1
23709323,1
23399579,1
22561478,0
23601355,1
23008703,0
23696603,0
22375393,1
23701293,0
23203584,0
23660607,1
23053106,0
22531134,1
23201834,1
22736849,1
22768693,1
22888129,0
22733949,1
22435034,1
22611388,1
22523397,1
22827905,0
23738086,0
23620988,1
22950821,1
22581755,1
22354069,1
22802643,0
23078617,1
23561143,1
22360089,1
22533147,1
22814644,1
22499788,1
22589046,1
22854576,0
22419723,0
23429389,0
23335253,1
22901950,0
22403522,1
22976001,0
23583991,0
22343208,1
23277314,1
22746881,0
22947868,1
23236331,1
23292135,0
23726802,1
23049695,0
23578883,1
23039682,1
22892435,1
23371262,1
23504542,1
23455392,0
22334524,0
23426399,1
23037907,0
23059141,1
22839488,0
23062502,0
22890495,1
23540951,1
22671212,0
22494343,1
22951377,0
23666635,1
22410164,0
23239752,1
23065172,0
23503252,1
22575089,0
22555438,0
23244746,1
22818519,1
22713920,1
22759166,1
22735475,0
23492635,1
22898699,0
23477799,0
23434194,1
22928084,1
22886718,0
23014703,0
22402614,1
23493290,0
23061708,1
22855726,0
23704953,1
23416917,0
23309172,1
23187024,1
23189005,1
22802413,1
23199655,1
22349304,0
23731861,0
23233247,1
22406447,0
22418713,1
22966380,0
23051863,1
22418066,1
23259391,1
22963477,1
22780200,1
23260895,0
22851144,1
23601959,1
23662977,0
23035825,0
22548188,1
22873059,0
22518589,0
23640107,0
23727727,1
22489448,1
22425307,1
23427763,1
23033640,1
22864035,0
22396364,1
23064014,1
22882541,1
23642799,0
22573920,0
22721448,1
23071728,0
23189137,1
22872367,1
23002075,1
23227716,1
23408606,0
22763041,1
22741120,0
23105138,0
22910341,0
22510595,0
22988817,1
23007732,0
23694946,1
23515446,0
23045658,1
23243786,1
22676471,0
22331830,1
22536036,0
23173979,1
23574449,1
23079364,1
22989801,1
23307992,1
23054087,1
22362752,1
23380735,1
22605424,1
22463937,1
23250346,1
23530920,1
22460503,1
22619933,1
22745144,0
23579963,1
23722843,0
22478669,1
23327764,0
23592245,1
23039228,0
23023902,1
22367314,0
23501894,1
22333595,1
23521649,1
22906195,1
22392453,1
22821097,0
23226469,1
23259432,0
22545511,1
23585615,1
23447900,0
23625193,0
23584681,0
22950602,0
22850713,0
22721997,0
22337407,0
22750012,1
22393834,1
23470951,0
22338789,1
23670544,1
23297458,1
23202086,1
23325372,1
23497119,0
22464069,1
22640564,1
23061993,1
23145331,1
22631677,0
22859489,0
22498150,1
23313548,1
22868603,0
23017530,1
22573310,0
23432907,0
22496563,0
23471106,1
22987258,0
23399832,1
23515324,0
22358316,1
22557588,1
23476901,1
22640164,0
23602560,0
23025712,0
22359363,0
23327806,0
23092852,0
23342612,1
22595477,1
22745469,1
22996475,1
22673985,1
22332282,1
23745931,1
23724774,1
23284982,1
22341114,0
22908490,1
23235689,1
22794206,0
23725037,1
23415096,0
23551269,0
22966281,1
22875410,0
22537987,1
23239320,0
22888549,0
23571310,0
23591498,1
23120219,0
23609167,0
23285388,1
23367903,1
23634273,1
22442615,0
22502700,0
23414809,1
22500213,1
23557953,1
23345159,1
23596458,1
22668826,1
23699199,1
23574721,1
23514726,1
23227805,0
23351680,1
22726507,1
22629799,0
23551673,1
23579229,0
23041829,0
22832326,1
22888111,1
23452269,1
22341648,1
22714519,0
22669543,1
22721395,0
22691271,1
22788526,1
22537358,0
22650089,0
22627917,0
22366809,1
22688486,1
23424440,1
23758732,0
22868732,1
23388487,1
23626758,1
22632228,1
23687592,1
23391529,1
23293972,1
23544610,1
22344594,0
22612525,1
23549448,1
23757333,0
23681075,1
23710085,0
22680866,1
23451403,1
22525161,1
23154625,1
23451606,0
23001720,0
22994406,1
23192503,1
22373507,0
23322582,0
23246642,1
22667258,0
23197920,1
23724531,1
23351665,0
22441114,0
22680286,1
23440183,1
23581377,1
23706332,1
23148699,1
23464668,1
22377143,0
23334117,0
22552901,0
23084211,0
23698479,0
22998781,0
23001548,0
23003391,1
22390687,0
22726320,0
22665282,0
23628013,0
22619418,0
23405908,0
22798815,1
23616762,0
23449340,1
22553125,0
23324652,0
23228471,1
22459350,1
22362887,0
23428834,1
23121677,0
23509311,0
23335183,1
23094213,1
22567245,1
22898701,1
22741860,1
23629640,1
23641269,1
23507972,1
23091922,1
22709433,0
22353794,0
22680783,1
23253657,1
22600388,0
23101662,1
23339163,0
23355469,0
23693167,0
23061094,0
23026526,1
22516403,1
23501281,0
23747065,1
22490654,0
22502682,1
23657739,0
23180308,1
22607450,0
22514533,1
23000402,1
23677075,0
22856220,1
23112441,0
23497231,0
23225603,0
22906884,0
23442093,1
23088719,0
22865508,1
22999526,0
22874252,1
23364168,1
22332047,0
23391391,0
22965826,0
23118397,1
23742847,0
22376914,0
22755406,1
22361472,1
23202851,1
23037794,1
22761813,1
23750606,1
22957802,0
23688655,0
23314749,1
23619543,0
22359941,1
22759402,1
22350447,1
23338814,1
23294586,0
22665855,0
23482412,0
23754479,0
23322173,1
23370190,1
23092454,1
23138845,1
22963526,1
22861669,1
22965363,1
23206648,0
23501864,1
23317665,1
23310003,1
23124494,1
23294818,1
23338256,1
22415076,1
22593248,1
22689786,1
23534489,1
23505208,1
22839045,0
23051837,0
22587341,0
23030905,1
22869012,1
22748679,1
23399376,1
22802327,0
22430247,0
22687508,1
22991667,0
22440830,1
23668242,1
22505313,1
22545004,1
22771459,0
23571253,0
23270569,1
23395829,0
22374032,1
22525933,1
23141121,0
23457743,0
22448607,1
22430886,0
22474636,1
22395378,1
22569415,1
23517278,0
23244051,1
22965563,1
23071868,0
23315887,0
22328149,1
22954426,0
23724276,0
22595056,0
22603654,1
23523917,1
22834443,1
22464152,1
23432726,1
22898746,1
22794660,1
23301193,1
22434795,1
23471472,1
22867509,0
23659144,0
23559635,0
23604488,0
23386197,1
22685068,1
22900290,1
22693237,0
22851629,1
23598719,1
23321181,1
23414321,0
23426631,1
23171942,1
23660424,1
23300616,1
23120486,0
23125623,1
23370738,1
22397295,1
23080575,1
22341056,1
22961185,0
22390420,0
23137947,1
22810583,0
23279085,1
22797248,0
23484939,1
22399542,1
23554337,0
23223640,0
22992806,0
23202631,0
22720790,0
22959911,0
22709998,0
23118026,1
23585063,0
23298341,1
23582423,0
22368261,0
22354615,1
22839487,0
23739561,0
22533065,1
22398656,1
23279838,1
22955953,1
22869240,1
22924581,1
23744592,0
23587160,1
22559595,0
23416526,0
22936078,0
23133378,1
22967183,1
23321608,1
22848248,1
22432626,1
23549856,0
23284225,0
23504965,0
23731491,0
22792468,0
22557929,1
23221411,1
23354965,0
22935235,1
22830755,0
22849625,1
22616712,1
23201260,1
22721812,1
23212618,1
22440688,1
23129754,1
23043129,0
23670652,0
23261837,0
22708035,1
23315389,1
23607811,1
23147986,0
23741127,1
23375547,0
22332752,0
22578164,1
22838808,1
23530633,0
23034826,0
23720615,1
22809992,0
22559604,0
22932829,1
22510486,0
23747418,1
23612478,1
23518512,0
23177132,0
22707158,0
23437864,1
22859770,0
23656372,1
23649330,1
23273259,1
22372100,0
23212943,1
23521393,0
23715492,1
22689648,1
23569157,0
23190489,1
22925492,1
23573031,0
23223338,0
22781956,0
23751216,1
22442436,0
23605950,0
22475222,1
22356088,1
23256685,0
22921075,1
22474308,1
23157585,0
23587676,1
23580554,0
22795675,1
23671560,1
22611198,1
23051643,1
23181151,0
22505371,1
23228784,1
23084472,0
22564930,1
23207476,1
22813870,1
23670051,1
22949567,1
22455202,0
23054664,0
22571565,0
22980572,1
23531763,1
23002320,1
22471715,0
22810936,1
22888886,1
22539279,1
23129209,0
23732623,0
22357786,0
22408817,1
22483903,1
23468578,1
23409247,1
22386317,1
22744739,0
23063421,0
23399736,1
23754983,1
23467836,0
23593441,1
23514594,0
22781802,0
23745654,0
23357490,1
22379183,0
22925082,1
23163899,1
22973698,1
23634329,1
22503543,1
22430657,0
22401672,1
22776866,1
22411610,1
23020528,0
22713021,0
22694265,1
22509521,0
23003210,1
23519298,0
23302060,0
22974288,1
23652392,0
23020131,1
23145419,1
23429637,1
22643883,0
23355908,0
22371172,1
23744296,0
22579729,0
22391345,1
22446513,1
22655917,1
22621574,0
23182657,1
22947953,1
22664893,0
23073581,0
23759495,1
22506228,1
22820231,0
22517941,1
22593097,1
23195811,1
23263330,0
23441653,1
23332877,1
22971234,1
22614755,1
23386580,1
23058648,1
23008197,1
23214262,0
22679449,1
23098814,0
22521914,0
23315750,0
22736903,0
23184748,1
22869083,0
22866407,1
22897265,1
23236950,1
22684565,0
23384927,1
22521503,0
22510725,1
23216444,1
22744000,1
22630735,1
23600029,1
22475375,0
23428613,1
23592167,0
23337863,0
22426636,0
22450085,1
22548212,0
23718694,0
23577253,1
23132212,0
23714905,0
22972550,1
23193872,1
23180063,1
22458516,0
23432509,1
22473116,1
22935547,1
23535119,0
23082752,1
22520789,0
23725299,1
23513156,1
23224443,1
22486032,1
22907795,0
23532017,0
23087949,0
22949123,0
22875950,1
23387080,0
23698417,0
22513833,0
23081278,1
23365281,1
23027390,1
22972663,1
22801201,1
23502502,1
23544144,1
23593088,0
23183481,1
23364478,1
23202424,1
23204976,0
22671121,1
22515980,0
23598997,1
22842215,0
22756424,0
23180529,1
23347776,1
22636159,1
22859081,1
23391935,0
23333645,1
23346630,0
23092028,0
23597573,1
22344973,0
22411731,1
23648195,0
23737216,1
22964089,1
22453461,0
23178928,1
23714446,1
22899565,0
22509033,1
23113287,1
22719941,1
23671417,0
22943713,1
22638233,1
22710119,1
23622755,1
22787766,1
23497622,0
22776997,0
22857973,0
22623129,0
22419647,0
22549822,1
22845757,1
23542579,0
23163907,1
23489671,1
22503901,1
23092929,1
23715077,1
23130027,1
22399153,0
22776455,0
22878763,1
22635890,1
22722307,1
23706386,0
23662785,0
22495699,1
22537377,1
23570826,1
23678806,1
23130949,1
22698256,0
23267458,0
22369805,0
23122321,1
22655063,0
22412296,1
23457257,1
22963683,1
22694853,1
22879862,0
22511900,1
23201008,0
23043874,0
23014912,0
23385061,0
22880301,1
23425577,0
22937557,0
22454699,1
22865407,1
23323286,0
23129908,1
23418154,1
22691207,1
23306816,1
23586662,0
22467294,0
22841256,1
22618905,1
23739536,0
22813636,0
22396068,0
23368750,1
23066953,0
22904992,1
22710370,1
23379460,1
23518778,1
23468693,1
22638923,1
23153788,0
23610721,1
23458606,0
22997041,0
22378127,1
22387722,0
22603208,0
23756388,0
22532844,1
23525284,1
22417532,0
23366853,0
23591212,1
22485399,0
23359950,0
23641947,0
22900456,1
23088131,1
23650835,0
22635978,1
22623995,0
23167522,1
23342598,0
22970280,1
23497441,1
22466065,1
22339613,1
22980323,0
23496684,0
23233983,1
23601267,0
23223685,0
22860938,1
23520800,0
22785289,1
22948205,1
22853096,1
23011684,1
23555328,1
22989754,0
23493325,1
23287774,1
22932096,0
23217955,1
23259974,1
22782763,0
22896586,0
23101453,1
22581482,1
22511134,0
23574828,1
22864321,1
22924495,1
23376092,1
23350735,0
23609477,0
23714783,0
23690628,1
23091912,1
22372748,1
23443147,1
23537989,0
23362646,0
22796456,0
22661334,0
22552073,0
22717492,0
22627736,0
22949046,1
22794372,0
23602120,1
23034385,0
22699877,0
22919190,1
22842055,1
22358796,0
23263498,0
23122162,1
22598231,0
22415780,0
22597331,0
23052033,1
23012804,1
22845711,0
23266602,0
23466453,0
22502909,0
23272275,0
23305429,0
22889096,0
23421037,1
23145938,1
22451953,0
22557943,1
23152542,0
22703682,1
22481434,0
23259304,1
22585237,1
23201430,0
23134986,1
23343867,1
23001842,1
23339505,0
22956728,0
22980196,1
23289988,0
23338798,1
23458467,1
23056762,0
22400969,0
23146251,1
23155010,1
22596722,0
23062600,1
23627786,1
23062297,0
23184847,1
22831352,1
22722167,0
22773867,1
23667985,0
23590869,1
22337583,1
23345397,1
22347648,0
22792457,1
23136313,1
22726358,0
23386947,0
23364723,1
23137101,0
23446445,0
23289110,1
22684385,1
23723023,1
23583990,0
23470467,0
22573089,0
23210368,1
22652014,0
22864039,1
23465288,1
22416079,1
23298175,1
22345036,0
22824801,0
22667898,1
22410226,0
22382041,1
22384756,1
22676725,0
23714868,0
22575996,0
22725793,1
23295574,1
22843956,1
22652030,0
23625637,0
23282080,0
22773713,0
22399804,1
23032771,1
23695135,1
22533384,0
22569980,1
22905138,1
22670515,0
22563978,0
23316616,1
23391642,0
22578596,1
23589415,1
23018873,1
23045830,1
23619993,0
22670400,0
23176078,1
23582877,1
23136268,1
23734450,0
23647041,1
22673030,1
23493997,1
23252766,1
22775712,0
23516634,1
22585111,1
23615295,1
22817239,0
22387105,1
23619911,0
22500671,0
23501331,0
22665834,1
22532347,0
22915010,1
23190415,1
22779654,0
23274836,0
22616639,1
23284688,1
22779844,0
22835688,1
22570950,1
23707440,1
23273865,1
22739631,0
23607490,0
22488243,1
22720915,0
23314634,1
23722284,0
22923356,1
23494238,1
22405456,1
23721122,0
22957926,1
22421386,0
22409941,0
22778209,1
23662438,0
23721813,0
22956748,0
22879275,0
23075614,1
22856397,1
22746800,0
22446910,1
23542913,1
22335804,0
23251460,1
23560949,0
22609515,1
22907721,1
22557668,1
23612192,0
22859915,1
23656332,0
23348832,0
23029216,1
22795864,1
23408895,0
23654504,1
22355478,1
23591850,1
22730900,0
22564856,1
23360052,0
23288210,1
23392374,1
22579809,1
22941514,1
23487075,1
22327604,1
23181659,0
23571816,0
23516814,0
22475108,1
22382039,0
22860679,0
23112290,1
23648131,1
23585412,1
22862712,0
23721248,0
22916086,1
23305983,0
22652178,0
22568423,0
23551828,0
23761713,1
22927038,1
23683519,1
23261125,1
23301094,0
23355014,1
23335118,0
23045268,1
23366246,1
23704595,0
23193080,1
22888785,0
22877790,0
23600841,1
23410227,0
23527112,1
23402686,0
23477214,0
23636045,0
22937462,0
23157036,0
23665755,0
22702482,0
23654331,0
23388465,1
23561513,0
23735514,1
23155550,1
22396092,1
22953806,1
23714383,0
23488259,0
23535012,0
22793672,1
22592090,1
22835105,1
22592747,0
23414802,1
23432557,1
22875318,0
23717555,1
23586836,1
23346693,0
22634892,0
22730931,1
23435403,1
23504253,1
22926035,0
23508456,0
23607368,1
22754928,0
23378472,1
23419234,1
22688379,1
22435172,1
23596753,1
22757975,1
22477973,1
22976370,1
22597196,0
23665322,1
22567440,1
23476898,1
23745036,1
23431846,1
23553852,1
23028875,0
22747669,1
23505031,0
23335051,1
22552213,1
23679007,0
23608648,1
23585397,1
23406632,0
22532585,0
22728760,0
23655307,0
23600587,0
22863930,1
23122942,1
23071606,0
23345960,1
23541923,1
23605312,1
23479146,0
23427642,1
23472261,0
22577388,1
22442177,1
23395525,1
22672683,1
23314555,1
22911016,0
22842569,1
23672974,0
23388913,0
22953310,0
22744722,0
22960669,0
22841631,1
23637384,0
23509314,0
23335527,1
23405354,0
23748740,0
22691094,0
23036850,1
22422478,1
23747811,0
22836740,1
23497051,1
22516071,1
23084623,1
23125905,0
23359985,0
23566332,0
22402048,1
22884580,1
22421641,1
22546158,1
23678997,1
22945025,1
23462108,1
23738051,1
23375463,0
22944767,1
22838225,1
23471954,1
23227902,1
23419161,0
23626867,0
23729959,1
23760523,1
22361032,1
22896495,0
22642111,1
22586552,1
23569462,1
22395668,0
22419040,1
23012838,1
23633041,0
23313920,1
22515435,1
23514350,0
23614324,1
22932035,0
22388827,1
23710405,1
22787875,0
23748408,1
23259687,1
23462195,0
23039845,1
23169575,1
23750658,0
22417164,1
23069005,1
22857986,1
23586363,0
23196417,1
23342411,0
23476837,1
23209532,1
23033599,0
22792680,1
22818984,1
23548900,1
22403770,1
22475207,0
23167443,1
22687216,1
22632716,0
22425015,1
23671306,1
22411509,0
23617178,1
23513517,0
22689133,1
23742115,1
23046102,1
22958184,1
23090544,1
23597286,0
23445813,1
23617004,1
22751600,1
22386986,1
22581287,0
22485977,1
22616269,0
23681582,0
22408009,0
23717221,0
22808222,1
22542910,1
23220544,1
23565296,1
23724961,1
23052030,1
22753118,1
22605166,1
23068761,1
23284737,0
22369713,1
23087153,0
23735303,1
23423037,0
23511281,1
22350295,0
23502740,1
22663418,1
22433235,1
23540783,1
22968442,1
23441362,0
22789849,1
23328574,1
23732394,1
23050677,1
23441094,1
23057496,1
22332968,0
22626921,1
23208552,0
23497481,1
22944417,1
23492309,0
23185928,1
22637163,0
23517271,1
23631001,1
22540272,1
23487315,0
23151817,1
22642461,1
23640555,0
23574245,1
23274240,0
22917804,1
23315338,1
22396078,0
22343362,1
23284800,1
23295295,1
23547872,0
22740891,0
23158099,1
23266054,1
23010094,1
22537965,1
23617281,1
22906431,0
23614921,0
22986902,1
23067215,1
23674112,0
23598058,0
22548005,1
22566709,0
23574754,0
23686328,0
23737538,0
22560108,0
22817318,0
23057465,0
22446183,1
22374883,1
22689773,1
23341484,0
23280488,0
22836231,1
22691753,1
23300168,1
22889675,0
22524007,1
22380812,0
22747049,0
22714703,1
22998356,1
23353868,1
23033996,1
23525511,1
22717740,1
23143904,1
22901987,0
22762113,1
22438941,1
23105765,1
22446492,0
22397974,0
23126016,1
22385355,1
22461874,1
23646295,0
23278619,1
22634582,0
23051889,1
22935753,1
22418859,1
22364504,1
23005633,0
23105979,1
23341398,1
23337664,1
23528207,0
22431947,1
23458586,1
22817016,1
22735775,1
23480565,0
22853261,0
22809244,1
22956036,1
23423488,1
22838584,1
22709435,0
22429442,0
22982332,1
23203070,0
22676951,1
23629933,1
22352272,1
22947494,0
23328340,1
23721684,0
23714834,1
22480630,1
23072159,0
23658027,0
22437793,0
22876870,0
22670030,1
23150669,1
22878765,0
22381876,0
22811466,0
22356966,1
23285610,1
22847251,1
23597959,0
23057643,1
22703106,0
23384228,1
23691223,0
23523672,1
23268345,1
23610121,1
23344474,1
23570506,1
23711123,1
22868531,1
23258406,1
23274787,1
22649816,0
23719491,0
22757579,1
23252178,1
23618162,1
22804063,1
23691297,1
23013058,1
23641592,1
23239532,1
23734053,1
22975595,1
23437438,1
23415696,1
22668377,1
22904151,0
22643093,0
23587393,0
22571529,0
23383646,0
23146576,1
23568111,1
23536696,0
23629173,0
23537294,1
23408871,1
23441077,1
23071144,0
22497359,0
22372613,1
22956609,1
22991193,1
22927277,1
22328768,1
23015068,0
22422845,0
22931912,0
23614379,1
23001873,1
23746773,1
23607676,1
23688061,0
22574284,1
22344843,0
22630886,1
22710179,1
23063723,1
23697673,1
22961732,1
23227529,1
23638168,0
22384009,1
23478861,1
22606006,0
23589355,1
23531133,0
22359702,1
23619353,0
22617237,0
23036580,1
22515713,1
22958248,0
23383467,0
23531339,1
22587136,1
23403693,1
23152184,1
23287129,1
23416065,1
23331814,0
22691401,0
22854026,1
23696101,1
22497426,1
23091814,1
23504179,0
23011223,0
23668275,0
23312631,1
23141060,0
22790564,0
22542633,1
22595908,1
23042616,0
23674016,1
22754808,0
23385274,1
23191789,1
22423526,0
22375543,1
23690812,0
22507052,0
23481882,1
22837218,1
23175385,1
23691013,0
22809786,0
23505804,0
23692864,1
23164759,0
23475480,1
22625791,1
22598968,0
22964387,0
23406335,0
22901587,1
23716039,0
22606652,1
22533680,0
22947290,1
23394715,1
23582177,1
23003401,1
22551757,1
23025469,1
22500066,1
22764209,0
22929855,1
22394945,1
23041414,0
23589071,1
22373858,0
23021816,1
23217502,0
23469776,1
23565866,1
22756935,0
23085243,1
22411439,0
23148883,0
23708379,1
23414020,0
22682763,1
22931457,0
23415548,1
23062978,0
22607791,0
22733315,1
23385291,1
22663251,0
23342255,1
23507254,1
22517151,0
23319899,0
22998826,1
23146680,1
22838556,0
22698485,0
23727304,0
23275145,0
22725754,0
22847669,1
23245807,1
22337255,1
23658474,1
23701130,0
22863240,0
23226324,1
22537957,0
22416643,1
22338918,1
22947903,1
22717795,1
22857513,1
22778818,0
23691788,0
23504804,0
22408787,0
23663877,1
22729676,1
23207341,1
22833494,0
23053190,1
22661772,1
23138472,0
23662292,1
22488140,0
22980973,1
22496007,1
22383308,0
23693609,1
23173611,1
23496408,0
22977356,1
22856992,1
22627420,0
22665474,1
22898841,1
23746269,0
23491371,1
22424417,0
22411448,1
23056036,0
23230619,1
22556835,0
22701082,1
23733345,1
23170250,0
22673389,1
22329219,0
22348752,1
23202540,1
23376694,0
22613203,1
23516213,0
22668685,1
23275160,0
22531725,1
23551617,0
23058626,0
23024171,1
22349072,1
23578053,1
22507245,0
23008345,0
23141512,1
23102794,0
22355697,1
22559849,0
22352283,1
23183006,0
22619637,0
22610040,0
23730284,1
23302505,0
22735351,1
23310747,1
23027785,1
23732378,0
23386463,1
22661989,1
22575372,1
23078420,0
23697878,1
23486341,1
22426027,0
22618036,1
22339553,1
22772257,0
22528808,1
22886444,1
23609939,0
22638310,1
23612494,1
23297722,0
23149414,1
22555884,1
22842164,0
23450575,1
23441209,1
22820411,1
22349695,1
22823463,0
23304633,0
22380596,0
22619250,1
22896162,1
22417407,1
23593830,1
23206832,1
22574588,1
22576400,0
22456963,1
22927197,1
23585682,0
22687166,1
22860328,0
23662995,0
23403905,0
22391109,1
23407901,0
23729006,0
23428235,0
22994394,1
22487417,0
22994622,1
22871910,0
23718323,0
22606963,0
22844911,1
23027629,1
22925958,0
22391337,0
22974514,0
23226815,1
22526180,1
23556876,1
23171679,1
22898285,0
23282548,1
23594130,1
23360737,0
22763728,1
23022455,0
23526381,1
22846138,1
23643185,1
23389582,0
23502399,0
22752595,0
22543488,0
23447873,1
22444746,0
22467118,1
22512247,0
23459289,0
23700430,1
23059040,1
22585217,0
22345870,1
22557096,1
23445420,1
23051399,0
23503028,1
23607683,1
22659522,0
23396778,1
23308470,1
23381680,1
23672956,0
22851632,1
23215686,1
22441486,0
22367143,1
23295887,1
23420008,1
23008068,1
23122991,1
22725227,1
22511251,1
23496152,0
23213651,1
22840145,0
23443516,1
22404323,1
23375462,1
23254373,1
23597671,0
22957364,1
22853266,1
22795165,0
22782539,1
22814277,1
23723157,1
22470182,0
22966151,1
22776244,0
22649447,0
22752668,1
23486626,0
22380970,0
22893855,0
22554196,1
23032032,1
23534582,1
23329221,1
22420037,0
22915490,0
22740889,1
22367982,0
23205613,0
22581374,1
23501806,0
22934382,1
23179209,1
22331214,1
22671418,0
23596150,0
23276697,0
23262650,0
22408150,1
22948988,1
22992156,0
22886480,1
22368927,0
23186475,0
22375128,1
22517379,1
23676049,1
23278567,0
23532390,1
22955083,0
23681535,0
23639887,0
23614597,0
23386482,0
23116567,0
23209115,1
23515419,0
22837513,0
22884183,1
22985840,1
22436613,1
23495665,0
22555066,0
23177257,0
23052125,0
22830723,1
23005521,1
22601962,1
23425952,1
23262576,1
22745066,0
23046181,1
23181726,1
22894481,1
22847326,1
22690569,1
22871259,0
22838499,1
23297055,0
22730781,0
23143016,1
23172881,0
22632137,0
22620205,1
22611582,0
22489145,1
23260521,1
22499728,1
23100586,1
23211929,1
23756334,1
22392974,1
22835184,1
23486825,1
23033307,1
22938962,0
23581520,0
22985385,1
22615139,1
23264204,1
23363197,1
22764756,0
23165263,0
23618577,1
22718758,1
22506477,1
23394842,0
22965781,0
23059998,1
22859963,0
23315086,1
22972506,0
22460017,1
22437985,0
23666895,1
22815068,0
23226601,1
22963341,1
22998103,1
23490236,0
22823808,0
23210958,1
22329762,1
23343100,0
23272503,1
23409977,0
22957143,0
22615712,0
23675481,0
23710948,1
23436051,0
23228355,0
23182024,1
23018752,0
23501405,0
23584306,0
22570508,1
23604699,0
23229826,1
23563598,0
23188699,0
22414530,0
23516555,1
23622223,1
23720088,0
23354429,1
23622063,1
23025983,1
23077741,1
23607919,1
22331285,0
22538946,0
23115705,0
23670443,0
23674788,1
23280388,1
22682834,1
22864901,0
22962733,0
22986568,1
22548469,1
23336226,1
22512177,1
23156509,1
22696994,1
23754414,0
23635486,0
23092410,1
23127561,1
23033850,1
22547828,1
22916487,1
23410920,0
22483521,1
23428576,0
23471253,0
22711253,0
22494004,0
23623744,1
22856438,0
22353386,1
23408613,1
23446969,0
23300119,0
23709316,1
22701753,1
23221876,0
23758978,1
23311097,0
23426103,0
22392391,1
22897740,1
22734730,0
22964220,1
23747253,1
23382903,1
22797537,0
23078853,0
22627921,0
22896184,1
23536449,1
22607998,1
22929074,1
23407145,1
23391480,1
23308735,1
23628020,1
22692691,1
23529455,1
23479458,0
23728423,0
23579886,1
22485856,0
23524959,0
22357426,1
22650446,0
22583775,1
22836890,1
23636898,1
22347407,0
23243143,1
22991197,1
23521000,0
22748973,1
23190334,1
22398744,1
23204471,0
22767342,1
23354987,1
22569670,1
22823636,0
22438749,1
23029440,0
22619903,1
22500516,1
22411651,0
22554891,1
22438617,1
22544135,0
22930256,0
23022227,1
22350471,1
23303755,0
22906675,1
23114051,1
22876099,1
23579861,0
22519542,0
23547825,1
23188563,0
22361768,1
23312186,1
23430261,1
22851126,1
22605028,0
23253272,1
23570601,1
22559886,1
23240551,1
23107394,1
22391783,1
22600548,1
22736454,1
22743279,1
22374956,1
22575548,0
22819736,0
22931317,1
23340041,1
23042152,1
22536755,1
22382180,1
22551470,0
23565652,1
23482449,0
22571539,0
22887848,0
22628325,1
22848620,1
23118396,1
22381663,1
22678892,1
22435963,0
23673762,0
23414355,1
22888659,1
22575378,0
22675862,1
23114317,0
23204143,1
23169473,1
23528961,1
22878861,0
22606724,1
23146699,1
23535687,1
22670378,1
23025076,1
23002274,0
22828553,1
22858723,0
22678775,1
22659514,1
22617053,1
23314121,1
22397771,0
23160867,1
23236920,1
22436036,1
23100288,1
22954161,1
23594016,1
22864354,0
22667748,1
23259734,0
22338058,0
23548027,1
23477882,1
22717868,1
22980483,1
22585712,1
23374382,1
23452071,0
22611996,1
23370029,1
22486604,1
23565922,1
22880863,1
23742365,0
22346464,0
23376019,0
23235021,0
22606934,1
23027167,1
22812880,1
22414270,0
22333294,1
23508379,1
22649943,1
23464433,0
22950820,1
23237756,1
22796602,0
22753533,1
23475730,1
22762373,1
22663927,0
22341906,1
23003165,0
23295357,1
23742770,1
22769438,1
23518827,1
23613911,0
23662351,1
23180315,1
22681463,1
23504318,1
23638708,1
23157127,1
23509116,1
22407815,1
22587900,1
22564049,1
22550340,1
23669040,1
22608754,1
22414763,1
22874972,1
22642533,1
22862103,1
22657342,1
23723077,0
23213592,0
22908404,0
23680059,1
23364439,0
22720843,1
22432385,1
23320137,0
23379344,1
23357856,1
22680311,0
23346770,0
23023630,1
23268259,1
22934895,1
23735496,1
22566716,1
23306548,0
22726587,1
23217810,1
23078538,1
23396222,1
22373040,1
23645307,1
23209817,0
23582458,0
22937249,1
22940338,1
23072727,1
22489836,0
22427675,1
23261131,0
22439497,0
23209807,1
22683775,1
23280526,0
22448404,1
22596130,0
23755148,0
22453036,1
23490449,1
23202647,1
23640114,1
22623946,0
22745617,0
23369542,0
23145115,1
23321341,1
22509464,0
22562048,1
22938757,1
22435148,0
23334646,1
23019090,1
23663583,0
22638362,1
23044708,1
23323284,1
22622535,1
22796422,0
23083203,1
23513347,1
22440757,1
22959200,1
22468835,1
22662847,1
23046149,1
22634992,1
23750213,1
23426492,1
22963003,1
22354470,1
23162712,1
22900315,0
22808035,1
22972531,1
23158176,1
23175272,0
22593409,0
22749389,1
22572435,0
23723427,0
23597821,1
23528582,1
23526077,1
23487874,1
22394421,1
23550846,0
22818878,0
23080954,0
22756890,1
23325760,1
23246753,1
22381265,0
22586267,0
22957136,0
23688770,0
23631041,0
22932993,0
22654404,1
22381061,1
23457880,0
22693066,0
22590136,1
23299504,0
22666541,1
23581361,1
22484652,1
23741852,1
23658081,1
23422231,0
22507077,1
23400527,0
23270088,0
22377284,0
23067398,0
23036238,0
23545511,0
23266097,1
22779275,0
22762342,0
22473949,1
23242261,1
23626786,1
23336394,0
22852194,1
22592996,0
23627172,1
22977902,0
22512708,0
23163896,0
23727990,0
22974799,1
22525111,1
22840717,0
23044529,0
23652371,1
22474552,1
22778120,0
22668020,0
22616008,1
22455170,1
22803656,0
22497142,1
23457687,0
22883197,1
22349558,1
22632839,1
23349131,1
22976767,1
23602530,0
23231094,0
22907576,0
23286715,0
23486722,0
23144231,1
23094777,1
23368856,0
23067481,1
22707021,0
23300730,1
23627974,0
23459926,1
23458782,0
23506863,1
23606189,0
23451819,1
23734797,1
23668142,0
22724460,1
23279942,0
23739786,1
23468933,0
22678088,1
22653884,0
23172322,1
23711792,0
22990997,1
23636770,1
22530360,1
23426294,0
23288843,1
22424739,0
23239151,1
23296416,1
22663609,1
23590246,0
22610368,1
23001531,1
23413917,0
22991097,1
22660524,1
22688004,1
23344970,1
22423753,0
22481719,1
23285121,1
23318518,0
22782469,0
23406719,1
23274928,0
23656804,0
22845496,1
22455149,0
23142315,0
22742741,1
22387787,0
23575791,1
22884887,1
23537964,0
23309501,1
22628505,1
23714726,1
23271284,1
22406930,1
23042039,0
23360877,1
23099243,0
23273834,0
23330900,1
22892796,1
22886984,1
22996806,0
23450270,1
23690965,0
22808655,1
22424788,1
22596634,0
23514529,0
22333772,0
23587811,0
22397363,1
23455621,1
23039899,1
23223395,0
23549393,1
23371411,0
23088513,0
23026705,0
23194383,1
23687902,1
22367845,1
23621438,1
23385222,0
23278280,1
22946093,0
22976663,1
23168558,1
23671788,1
23594060,1
23643703,0
23379867,1
23561193,1
23658935,0
23327467,0
23287287,1
22998992,1
23407697,1
22542178,1
22910335,1
22961817,1
23502327,1
23590135,0
22454218,0
22649068,1
23594611,1
23204058,1
23553617,0
23642808,0
22587035,0
23646962,1
23599752,0
22486523,0
22454381,0
22869796,1
22709682,1
22953647,1
23475862,0
22644067,1
22993656,0
23421628,1
22633634,1
22360053,1
23027707,0
22922315,1
22821013,1
23019229,1
22806694,0
22631062,1
22644699,1
22566988,1
22405592,0
23281957,1
22910308,0
23718885,0
22911743,1
23751851,0
22395175,0
22359435,0
22891292,0
22981945,1
23496001,1
23232193,1
22683767,0
22663821,1
22689502,1
23606409,1
22594691,1
22859765,0
22980360,1
23060925,1
22729203,1
22813035,0
22546900,0
22949325,1
22947820,0
22836759,1
22603214,1
23477325,1
22985153,1
22345190,1
22825080,1
22333973,0
22972401,0
22956906,1
22582047,1
23111922,1
23476971,1
22654188,1
23740659,1
23467312,0
23753887,1
23066470,1
22515048,1
22511456,1
22697370,1
22716644,1
22853140,1
23563209,1
22613273,1
22397849,1
23170680,1
22999873,1
22365550,1
22870268,1
22434539,1
23422401,1
22723004,1
22864191,0
23483236,0
22990674,1
23425908,1
22636541,1
23060995,1
22908021,0
23235284,1
23401613,1
22927527,0
22818275,1
23576714,1
22974308,1
22528368,1
23112152,1
22924825,0
23030602,0
23022660,1
23506416,1
22615959,1
22896023,0
23715976,1
23508246,1
23510690,1
23554526,0
22625216,1
22793147,0
23499906,1
23071703,1
22609083,1
22405555,0
22717802,0
23260945,1
23274000,1
23253858,1
23753467,0
22939437,1
23465543,1
23703798,0
23633885,1
23080529,1
22467521,0
23351408,0
22689022,1
23575675,0
23108104,1
22564430,1
22610329,0
22800976,1
22768909,1
23189228,0
22618497,1
23572164,0
22781937,0
22444249,1
23505292,1
23421280,0
22361753,1
22857824,1
22433675,0
22395243,0
23146791,0
22912238,0
22345110,1
22734852,0
23008075,1
22935375,0
22918103,1
22991619,1
23721994,0
23297846,0
22484031,1
22364965,0
23757885,1
23531633,1
22372241,1
23328837,1
23687858,1
22394729,0
22977298,1
23475194,0
22537397,0
23184946,1
22676754,1
22958827,1
22513411,0
22814164,1
23189370,0
22424685,1
22852563,1
22327547,1
23093067,1
23606468,0
23698797,1
22651271,1
22524805,1
22548644,1
23695363,0
23294866,0
22799053,0
23626413,1
22399355,0
22736446,1
22553076,1
23022108,0
22358918,1
23137035,1
23518687,1
23388712,0
22925422,0
22427386,1
23624764,0
22574580,0
23191482,1
23475976,1
23233883,1
23019305,1
22885584,0
23461620,1
22730820,1
23181962,0
22737956,0
23056134,0
23625818,1
22902948,1
22664123,0
22937974,1
23308317,0
22684580,0
23649975,1
22602325,0
23644189,1
23300689,1
22566815,0
23178620,0
22665042,1
23364952,1
23544386,0
22701242,0
23457148,0
22608156,1
23164353,1
22645152,1
22371902,1
23703574,0
22362969,1
23298263,0
22638588,1
22882456,0
22566629,0
22890547,0
22557128,0
23383409,0
23361900,0
22335121,0
23361070,0
23462177,1
22947271,1
23437328,1
23667819,1
22517825,1
23612584,1
23190071,1
22555665,1
22779022,0
22491463,0
23719401,0
23446586,1
23662564,1
22682208,1
22394825,1
22607181,0
22793156,1
22906421,0
23679094,1
22731644,1
22797613,1
23187059,1
23558947,1
22877781,0
23213862,1
23593815,0
23331607,0
22994067,0
22715903,1
22625590,1
23627760,0
22833405,1
23281928,1
23022911,1
22847490,1
22350919,0
23034813,1
23571465,1
23422314,1
23587888,1
22745471,1
23189805,1
22802877,0
23747550,1
22735451,0
23317220,1
22621860,1
23366420,1
22848467,0
22867318,1
22798545,0
23041119,0
22664585,0
23042699,0
22562055,0
23335700,1
23397957,0
22817408,1
23003859,1
22634420,1
23671307,1
23151877,1
23370476,1
23512128,0
23343156,1
23275285,0
23621483,0
22457444,0
23668119,1
22922792,0
22697958,0
23496942,0
23292628,1
23703566,0
22488273,0
23575870,0
22960828,1
23526620,1
23384594,1
23664645,0
22624838,1
22780785,0
22862962,1
23002309,1
23485468,0
23431706,1
23720949,1
23669448,1
23548780,1
23642832,0
22499995,0
22656017,1
22653256,1
22781382,1
22380716,1
23370632,1
22706152,0
23181526,0
23225108,1
22653068,1
23217542,1
23239255,1
23234130,1
22762638,0
23041833,0
23039088,0
23214221,0
22831203,1
23342927,0
23043529,1
22958161,1
22438425,0
23146724,1
23746216,0
23183495,1
22959078,1
23193310,0
23560064,0
22713045,1
22626262,1
23347008,1
23208062,1
23108855,1
23691070,0
22844159,1
23093291,1
23641260,0
23100559,1
23289518,1
22452179,1
23025426,0
23459838,1
22367684,0
22746981,0
22602079,1
23322522,0
23298306,1
22655199,1
23429812,1
22907166,1
22892590,0
23259893,1
23090834,0
23575875,0
23250142,0
23496698,1
23384407,1
22668728,1
23329815,1
23535219,0
22955823,1
22376671,0
23164617,0
22660355,1
22523456,1
23070530,1
22339975,0
23125556,1
23472775,0
22613589,1
23018925,1
22390947,1
23638103,0
22534039,0
23217508,1
23229580,1
22612901,0
23642409,1
22767779,0
23011953,1
22592893,1
22425376,0
23241268,1
23333354,0
22971120,1
22641191,0
23295604,1
23693373,1
23085870,0
22484539,0
23674794,0
23252877,0
23708832,1
23264485,1
22746894,1
23011316,1
22983090,1
22652782,1
22482717,0
23227060,1
23473701,1
23607161,0
23045250,0
23118103,1
23344460,1
23423735,1
23498446,1
23494437,1
22732380,1
23008787,0
23223836,1
23542351,0
22993937,0
23075376,0
22381540,1
23051804,1
22609403,1
23061359,1
23664991,0
22677887,0
23128909,1
22485172,0
23490277,0
22373453,0
23563152,1
22475625,1
22743082,1
23036516,0
23507973,1
23436661,1
23138473,0
22805356,1
23465833,1
23496604,0
23141164,0
23194947,0
23303272,0
22654769,1
22548688,0
22668664,1
23145452,1
22741016,0
23558841,0
23275067,1
23309139,1
22837029,1
22611165,1
23347881,1
22787930,0
22812062,1
23413271,1
23670576,1
22613337,1
23012784,1
23378326,1
23306829,0
23477562,0
22889964,0
23641401,0
23691762,1
22692614,1
22480847,0
23687435,0
23387009,1
22517563,0
23429397,1
22347273,1
23273490,1
22887999,1
22675991,1
23090907,0
22903724,1
22874292,1
22501747,0
22631722,1
23129926,1
22593144,0
22375882,1
23104859,0
23185624,1
23068507,1
22546787,1
23137392,1
22395146,1
23322488,1
22358370,1
22822305,1
23609536,1
23467153,0
22572314,0
23527444,0
22901984,0
23024001,0
22475806,1
22722134,1
23611087,0
22752379,1
23494227,1
23171728,0
22697679,1
22798568,0
22638021,0
22395594,1
23183410,1
22868408,0
23025788,0
23119672,1
22431562,1
23249143,1
22821598,0
22991632,1
22705160,1
22631509,0
23565781,0
23643830,0
23513104,0
22956277,0
23478651,0
23262118,0
22520408,1
22849178,1
22830984,0
23069345,0
22873999,0
23697033,1
23375705,0
22413247,1
22942369,1
22984826,1
22851009,1
23104546,1
22423522,1
23631342,1
22525758,1
22942127,0
23410278,1
22374696,1
23042890,1
23107062,1
23267926,1
23518712,1
23140042,1
23664049,1
23279328,1
22564264,1
22815355,1
23582941,1
23109797,1
22583459,1
23549525,0
22353705,1
22466947,0
22765235,1
23273078,1
23656859,1
22370675,1
23179539,0
23140903,0
22508955,1
22474130,1
22406062,1
22582108,0
22420938,1
23727585,1
23084117,0
22980369,1
22595118,1
22412472,0
23293296,1
23180159,1
23525335,0
22462823,0
23730080,1
22821385,0
23524985,0
22752411,1
23140944,0
23693577,1
22574952,1
22613861,0
23110971,1
22663129,0
23096249,1
22792023,1
22335157,0
22373310,0
22475760,1
23431499,0
22752156,1
23410456,1
22603724,1
23254398,0
23395685,1
23039144,1
22712129,0
23490847,0
23086546,1
23034442,1
23466978,0
22560991,1
22965309,1
22779951,1
23415658,1
23626674,1
22574728,1
23003497,0
23410148,1
22411358,1
23443139,1
22803471,1
23557906,0
23564391,1
23096475,1
22884807,0
23323295,1
23282860,1
23349619,1
22886211,1
22541007,1
22409637,0
22615325,0
23591064,1
23213620,0
23081020,1
22836851,1
22894898,0
22616090,1
23696332,0
22378758,0
22981031,0
22837705,1
23731447,1
22467266,0
22720746,1
23643145,1
22831968,1
22968300,1
23166168,0
23456315,1
23624657,1
22534717,1
23343391,1
22496990,1
22838081,1
22798955,0
23311851,0
23698017,1
22716926,0
23320762,1
23208187,1
23108099,1
22688096,1
22578816,1
23684260,1
23153668,1
23167750,1
22992020,0
23597154,0
22343436,1
22916033,0
23049163,0
22333033,1
22483958,1
23529173,1
22955059,1
22769606,1
22799921,1
22635757,1
23600203,0
22943287,1
22680645,0
23686351,1
23591805,0
23716816,0
22353609,0
23432949,1
23094728,1
22637022,1
22606301,1
23670495,1
22591863,1
22356049,1
23358980,1
22386639,0
23165326,0
22510093,1
22559045,1
23322881,0
22529201,0
23200457,1
22560634,0
23615472,1
22834904,1
22720742,1
23637149,1
22892753,1
22374626,1
22436541,1
23171600,1
23472495,1
23539302,1
23531938,1
22556783,1
23089173,1
23760419,0
22664198,1
22380142,1
23419199,1
23327076,1
22392283,0
22500073,1
22601493,1
22376108,1
23649370,1
22460649,1
22398114,1
23228421,1
23581381,0
22514291,1
23150448,1
22820569,1
22628363,1
23430153,0
23149822,0
23416690,1
23616831,0
23191880,1
22546632,1
22447813,1
23512905,0
23166567,0
23144655,1
23039810,1
23065109,0
22909822,1
23265340,1
22732550,0
22617738,0
22714361,1
22511517,1
22740859,1
23231492,1
23048954,1
23323809,0
22591035,1
23553547,1
23604365,0
23668369,1
23254095,1
22992536,1
23541192,0
22363136,0
22710997,1
23171347,1
22749827,1
22986422,0
23058446,0
22704024,1
22925827,1
23110505,0
22456052,0
22830458,0
22877406,0
22693278,0
23142139,0
23095153,1
22572277,0
23431121,0
22930272,0
23276987,0
23051918,1
22754461,1
22659289,1
22828182,1
23234950,0
23225425,1
23565802,1
22674553,0
22585898,0
22555380,1
22471128,1
23724011,0
23548944,0
22392230,1
22692079,1
22334633,1
23694007,1
23699542,0
22910249,1
22848258,1
23259526,1
23190009,1
23541416,1
23386815,1
22731961,1
23472201,0
23473354,1
23336651,1
23261722,1
22510776,1
23217740,1
22938510,1
23579688,1
22927518,1
23316037,1
23198506,1
22772289,1
23460674,1
23659035,0
23070489,0
22601185,0
23111023,0
22426197,1
22545342,1
23652632,0
22984307,0
22998482,0
22730932,1
22410175,0
23124101,0
23401040,1
23540357,0
22791253,1
22343033,1
23420769,1
22685868,1
23178224,1
22418178,0
22900519,1
22918394,0
22575893,1
22348680,0
23232220,1
23142654,1
23376473,1
22795378,1
23391748,0
22819139,1
23661340,0
23613260,0
22538830,0
23590004,1
23213470,1
22417135,1
22341838,0
23056270,1
23309891,1
22488019,1
23001627,1
22990126,0
23750032,1
22945662,1
22907115,1
23456237,0
23611295,1
22809572,0
22593851,0
22561126,0
22671781,1
23338876,1
23178740,1
23498553,0
23597648,0
22884952,1
22945276,1
23487005,0
23639935,0
23323695,1
22931501,0
23133989,1
22767985,1
22771171,1
22335029,0
22792497,1
23743615,0
22655711,1
22618538,1
22335349,1
23555046,0
23012876,0
23027325,1
22485599,0
22909371,0
22899669,0
23307553,0
22646282,1
23258908,1
22614699,0
22908733,1
22402179,0
22854462,1
23041383,1
23417188,0
22966859,0
23514763,1
23203800,1
23002733,1
23571314,0
22988274,1
23195469,0
23730280,0
22567923,1
22462226,1
22574320,1
23516488,0
23047622,0
22657251,0
23544631,0
22574251,0
22619456,1
23160707,1
23122980,1
23382071,1
22915928,0
22706082,1
22657071,1
23297308,0
22570444,1
23338929,1
22540879,0
23055111,1
22681782,0
23734119,0
22866853,1
23158846,0
22830578,0
22396983,0
22994234,1
23130443,1
23422866,0
22586548,0
23481664,1
22523340,1
23672247,0
22762993,0
23317408,0
23209458,1
22764809,1
22809363,1
22340165,0
23426235,0
23067747,1
22494647,1
22998607,1
23275473,0
23427152,0
23543739,0
23115842,1
22359781,1
23309691,1
23615383,1
23326182,1
23202501,1
22340829,0
22801637,0
22758193,1
23470573,1
23498323,0
23399220,1
22763882,1
23260064,1
23076939,0
23050336,0
23685816,0
23240795,1
23674383,0
22787307,0
23393810,1
23391829,0
22538217,0
23048875,1
23168443,1
23472215,1
23742646,0
22821722,1
23288815,0
22735591,1
23553464,1
23578930,1
23447993,1
23047716,0
23426977,0
23095471,1
22623606,1
22528403,1
23018227,1
22330167,0
23516622,1
22769874,0
23476432,0
22936527,1
23744306,1
23586304,0
22651369,0
22551064,1
22541825,1
23059452,0
23480207,1
22888088,1
22677434,1
23206934,1
22640584,1
22480981,1
22501690,0
23470931,1
22483327,1
23102439,1
22882007,1
22857641,0
23043517,0
23031986,0
22734475,1
23218786,1
23284535,1
23406999,1
23405550,0
22601707,0
22949965,1
23562440,1
23440540,1
22536256,0
22522347,1
23192531,1
23260397,1
22408044,1
22938004,1
22449879,1
22470904,0
23232911,0
23254820,1
23368233,0
23057140,1
23369502,1
23719125,1
22466469,1
22858117,1
23270422,0
23471732,1
23440242,0
22741661,1
23072659,1
22923283,1
23128458,1
22903485,1
23060162,1
23193237,0
22338280,1
23436658,1
22679143,1
22430916,0
22771725,1
23617669,1
23459772,0
22398407,0
22486312,1
23283310,0
22476980,0
23574698,1
22472028,0
22577673,1
23577116,0
22928884,1
22371078,1
22536393,1
23574334,0
22720027,1
23348046,1
22661014,0
22399731,0
22619152,1
22940220,0
23194678,1
23263373,1
23181875,1
22924474,0
23163735,0
22786860,1
23171565,0
22740107,0
23418346,0
22427941,1
23472596,0
22735823,1
23262147,0
23144271,0
23292613,1
22692758,1
23357958,1
23068523,0
23574286,0
22511310,1
23568236,1
23712869,1
23458951,0
22722969,1
22696764,1
22785318,0
23366242,0
22880212,1
23252396,0
23432139,1
22668340,0
23056844,0
23233048,0
23504462,0
22993975,0
22571374,1
23146431,0
22771992,1
23104403,1
22880361,1
23581161,1
23161926,1
22492367,1
22815058,0
23435368,1
22690642,1
22680275,0
23353170,1
23522756,0
22593652,1
23315722,1
22995759,0
22797982,1
23571381,0
22470887,1
23607791,1
22754444,0
23729000,1
23352257,0
23150877,0
22822602,0
22800959,0
22647612,0
22770271,0
22965286,1
22462344,1
23222087,0
23049908,0
22345244,0
22804857,1
22835458,1
23446462,1
22583489,0
22967459,1
23023608,1
22585432,1
22584869,1
22569281,0
22682675,1
23027229,1
22912242,0
22373789,0
22682715,0
22963442,0
23345234,0
23616426,1
23065095,0
22556852,1
23258990,0
23556545,1
23178852,1
23204643,1
23707357,1
22562997,1
22779789,0
23482408,0
22588865,1
23415179,1
22657999,0
23424784,0
22339670,1
23600204,0
23714527,0
22487463,1
23680453,1
23667918,0
22672210,0
22443369,1
22354111,1
22553809,1
22625483,1
23492404,1
23285387,0
23046424,1
23472968,1
22855802,0
23435664,0
22585117,1
22392375,1
23568995,1
22632855,1
23349887,0
23099698,0
23077894,1
22548381,1
23620780,0
23447358,1
23236473,1
23692926,1
23724591,1
22427463,1
23144807,1
23288442,1
23509088,1
22802995,1
23698245,0
22862780,1
22491677,0
22403871,0
23427650,1
23315860,1
22996615,1
23685936,0
23500895,0
23583502,0
22484961,1
23665668,1
22566095,0
23337810,0
23710361,0
23124751,1
22981141,1
23034236,1
23496772,0
22907828,0
23728014,1
22375581,0
23023306,1
22591044,1
23124607,0
23018665,1
22414217,0
23662911,0
22400959,1
22442899,1
23711377,1
22886083,0
23186724,1
23301491,0
23275443,1
22507983,0
22600493,0
23730729,1
23346977,1
22806828,1
22964078,0
22335951,1
23039411,0
22882799,1
23129124,1
22556406,1
22609939,0
22622732,0
23277988,1
22570577,1
22461546,0
22456289,0
23381620,1
22953846,1
22504004,1
23324787,1
22415842,0
23624637,0
22424295,1
23084262,0
22345168,1
23249357,1
23415912,1
23504519,1
23448956,0
22867209,1
22974358,0
23519566,0
23354670,1
22531590,1
23565123,0
22881928,1
22457941,0
22814599,1
22636243,0
23215042,1
23392100,1
23296465,1
23544663,1
22820109,0
23405970,1
22855819,1
23115012,1
22819434,1
23019776,1
23488825,1
23746344,0
22442942,0
23420614,1
22523990,1
22339141,0
23252077,1
23760009,1
23646554,0
22954358,1
23687139,1
22952626,0
23275511,0
22966470,1
23040829,0
23405119,1
23507726,1
22789021,0
22715847,1
22722792,1
23350965,1
22758155,1
23697242,1
23072126,0
23051079,1
22789435,1
22369620,1
22434757,0
22427550,1
23349888,1
22771761,0
23558716,0
22970388,0
22931049,0
22489535,0
23368566,1
22685931,1
22804416,0
23611803,0
22724959,0
23080605,0
22739206,1
22599714,1
23098874,0
22590966,1
22493228,0
23572053,0
23186406,0
23283414,0
22423525,1
23194352,1
22738287,1
23069711,1
22715791,1
23524283,1
23608416,0
23653753,0
23155747,0
23545864,1
22569893,1
22677412,1
23659517,0
22406722,1
23216811,0
22948746,1
23092227,0
23103519,0
23283935,0
22907020,1
22671056,0
22607477,1
23566809,1
23698882,0
23290878,0
23480060,1
23583137,1
23638657,0
22494589,0
22716203,1
22372021,1
23180457,0
22771441,1
23611256,0
22803204,1
22934665,0
22738620,0
22683225,1
22750943,1
22401879,1
22768453,0
22329179,1
23085739,1
23201451,1
23528194,0
23120300,0
22848052,0
22728894,1
22601353,1
23080491,0
23283597,1
22509940,1
22391498,0
23516712,0
23489177,0
22630743,1
23645858,1
22519793,1
23433203,1
22662220,1
23069937,0
23550840,0
23276757,1
23167170,1
22851305,1
23239176,1
22747385,1
23635832,1
23240923,1
23198156,1
22520844,1
22427264,0
22516669,1
22945020,0
23035741,1
22730565,1
23352604,1
23224270,1
22703638,0
23463045,1
23410424,0
23379690,1
22943294,1
22441419,0
22756738,1
22662814,1
23496806,1
23412945,1
23070484,1
23702529,1
22756613,1
22507237,0
23053864,1
22814823,1
22741194,0
22412123,1
23564708,0
22333131,0
23342616,1
23073924,1
23756233,0
23336353,0
22817085,1
23240613,0
22336475,0
23746909,0
22962924,1
23088979,1
22377694,1
23155246,0
22898569,1
23281668,0
22934120,1
23598377,1
23108326,1
23510434,1
23570879,0
23439210,1
22333947,0
22650748,0
22414152,1
22586065,1
23502117,0
23579674,1
22571219,1
22839428,0
22754863,0
23640300,0
22727609,0
22362575,1
22712399,0
23725492,1
22931130,0
22438731,1
22837267,1
23264274,1
23705147,0
22951625,1
22831606,0
22392106,1
23295426,0
23579179,0
22796472,0
22463820,0
23424241,0
23023993,0
22672719,1
23183237,1
23488699,0
23296869,1
23118051,1
22722252,0
23597920,0
23266485,1
23573869,1
23327289,0
23710856,0
23518654,0
22913505,1
23286589,1
22589900,1
22864931,1
23707573,1
23608445,1
22520633,1
23688130,1
22682751,1
22984323,1
23751366,1
23137544,1
22607141,0
22490515,1
23487994,1
23271105,1
22835222,1
23226228,1
22492080,1
23741296,0
23389923,0
23367187,1
23407198,1
22851113,0
23584324,0
23620434,1
22401544,0
22899756,1
22762692,0
22875849,0
23036227,1
23085911,0
23131311,0
23605804,1
23607601,1
22390449,1
23266210,0
22481057,0
22916865,1
22599569,0
23298274,0
23696520,1
23663341,0
23285717,1
22846377,0
22989506,1
23548545,1
22525378,1
23438253,1
22789206,1
22418949,1
23124510,1
23124612,1
23560747,0
22869980,1
22842394,1
23515727,1
22725286,1
23122464,1
23555655,1
23610429,1
22962968,1
22529441,0
22762451,0
22910142,1
23292853,0
22813688,1
22691300,1
22594464,1
23205276,1
23580480,1
23635588,1
22895001,1
23393206,0
22495539,1
22616066,1
23309632,1
23445781,1
23074385,1
22705675,0
23361669,1
23437664,1
23687072,0
23474735,1
22459868,0
23151984,1
23108955,0
22520583,1
22420900,1
22696815,0
23259028,1
22583686,1
23634276,0
23479085,0
22563328,0
22770029,0
23031789,1
22952959,1
23103202,1
23374494,1
22947302,1
22386528,1
22797210,0
22468607,1
22475303,0
23029072,1
23451737,1
23293504,0
23578453,0
22949784,1
22960506,1
23143317,0
23347240,0
22513996,1
23020723,1
23219534,1
22560806,1
22664851,0
22342217,1
22588587,1
22553539,0
22711834,1
23152234,1
22986485,0
22663192,1
22717609,0
22640863,1
23003447,1
22562705,0
22695693,1
22585765,1
23529856,1
22997741,1
23149901,0
22541986,1
23692939,1
22932375,1
22665334,1
22359571,0
22753520,1
23625790,0
23038523,1
22381695,1
22500778,1
23578160,1
22486543,1
22703749,0
23397247,1
22995517,0
22980947,1
23388795,0
22601768,0
23303521,1
22794750,1
23524682,0
23695562,0
23596776,0
23709259,1
23517045,0
22708353,1
23593582,1
23168561,1
23680078,1
22539393,1
23067005,0
23093908,1
22576174,1
22560554,1
22704720,1
23388981,1
22808354,0
23149699,1
22480544,1
22908399,1
23055563,1
22629443,1
22386617,0
23233438,1
23248682,1
22947677,0
23472267,0
23580794,0
23166128,0
22854880,0
23242163,0
22564238,0
22882678,1
22436660,0
22554598,1
22477724,0
23583363,1
23212787,1
23312726,1
22776886,1
23183771,1
23076794,1
23725544,1
22652737,1
22643233,0
23314249,1
22570306,0
23747346,0
23328157,1
22481713,0
22541413,1
23184198,0
22450354,1
22940255,0
23358828,0
23689671,0
23720259,1
23663837,1
23467927,0
23537791,1
22581160,1
22888490,0
22504238,0
23396824,1
22447792,1
23586434,1
23571773,1
22548641,0
22992343,1
23015763,1
23242128,1
23123964,0
23617149,1
22691325,1
23488880,0
22763473,1
23340247,0
23073287,1
22728265,1
23178854,0
22478873,0
23703056,0
22360895,0
23760961,1
23297502,0
23096774,1
23197010,1
22436214,1
22845110,0
22614850,1
22579159,1
22716621,0
22333440,0
22753961,1
23413613,0
22785590,1
23628156,1
22995206,0
22679369,1
23148034,1
22710270,1
22340140,1
23497226,1
22471493,1
23461766,1
22393597,1
23000887,1
22536224,1
23441260,0
23548762,1
22748111,1
23055708,1
22973152,0
22397840,1
23179384,1
23146274,1
22881956,1
22638038,0
23667302,1
22710360,0
23609143,0
22798342,0
23665119,0
23651044,1
22641742,0
23072737,1
22352257,1
23650112,1
22857898,1
22652830,0
23281234,0
23741453,1
23165403,1
23612407,0
23544801,0
22780809,1
23367218,1
23714229,1
23732481,1
23536532,1
22562948,1
22473002,1
22727101,1
23328624,1
23175658,1
23521219,1
22580165,1
22599903,0
23055780,1
23257621,1
23325248,0
22343956,0
23447750,0
22968766,1
22386254,1
23310907,0
23722936,1
22688988,1
23510883,1
23728896,1
22453034,1
22626367,1
23386738,1
23075720,1
22902736,1
22542384,1
23370723,0
22470863,1
23295856,1
22517860,1
23244230,1
22626866,1
23524432,0
23290340,1
23050674,1
22690987,1
23697254,1
23126332,0
23398150,1
23288949,0
23480491,0
22757403,1
23159898,1
22532613,0
22852303,1
22348041,0
23183210,1
23566548,0
22943422,0
22340026,1
23473362,1
23499023,0
23141294,1
22984382,1
23636089,0
22601190,1
23578665,1
23670244,1
23061804,1
23578849,0
23010642,1
23102765,0
23517487,0
23620372,0
22987016,1
22794651,1
22730815,0
22714152,0
23553788,1
22340899,1
22546920,1
23613397,1
23625087,0
23202859,1
22899961,1
23246959,0
22897659,0
22721621,0
22611395,1
22809070,1
22532556,0
23223111,0
23442225,1
23071081,1
22617789,1
22426238,1
22902739,0
22771234,1
23643149,1
22591453,0
22874685,0
22777115,1
23273069,1
22451152,1
23507961,1
22962357,0
22444326,0
22637793,1
23755836,1
23604108,1
23584972,1
22972607,1
22916376,0
22529088,0
23726519,1
22540553,1
23265166,1
23335393,0
22561968,1
22539466,1
23170412,1
23122461,0
23352233,1
22994775,0
23627787,1
22933435,1
23095251,0
23445790,1
23566432,1
23243767,1
23712854,0
23442385,0
23452774,0
22417837,1
22710528,0
22414924,1
23717727,0
23071188,0
23103251,1
23301941,1
22604969,0
23455908,0
23683480,1
23000668,1
22457455,1
23174292,0
23547304,1
23544237,0
23022157,1
22607229,1
22602303,1
23506983,1
22641553,1
23720504,1
23613714,1
23449562,0
22949662,1
23160677,0
22466078,0
23347456,0
23761570,1
22984023,0
22979859,1
22342241,1
23204954,1
22443012,1
22795017,1
22917966,0
22641136,0
23252022,1
23274544,0
23167150,0
23423211,1
22901252,0
23052761,1
22500804,0
22384289,1
23234094,1
23298305,1
23748874,1
22601146,1
22928577,0
22420211,1
22666890,1
23219056,1
23021487,1
23419842,0
22866120,1
22916067,0
22667740,1
23550083,0
23326601,0
23159204,1
23649972,1
22359876,1
22551951,0
23669966,1
23387612,1
23087402,0
23590886,1
22737059,1
23214683,0
23748707,0
23572939,1
22478529,1
23605732,1
23501133,0
22661416,0
23420409,1
23717290,1
22903583,1
22688627,1
22679504,1
22980216,0
23683586,1
23062224,0
22964929,1
22859794,1
23733737,1
23050498,1
23131265,1
23626337,1
23252817,0
22371534,1
23604329,1
22509113,1
23342887,1
23573517,1
23620337,1
22745583,1
23442761,1
22539647,1
23628632,1
22578997,1
22852206,1
23078394,1
22345660,1
22974388,0
22329873,1
23308503,1
22667624,0
22873015,1
22479015,1
22379687,1
23276653,1
23559492,0
22390725,1
22375961,0
23347257,0
23663486,1
22541637,1
23063354,0
22526586,1
22751296,1
23718188,1
23695464,1
22807130,0
23665784,1
22717477,0
23702180,0
23151397,1
22544531,1
22398726,1
22412047,1
22655068,1
22754270,0
22436427,1
22980411,1
23321915,0
23394565,0
23169089,1
23427341,0
22796950,1
22696344,0
22458107,0
22388530,0
22936251,0
22934386,1
22983374,1
22399823,1
23639449,1
22580241,1
23651394,1
22464342,1
22600777,1
22563745,1
23177406,0
23134518,0
22345141,1
23133486,0
23439153,1
22831892,1
23354866,0
23291829,1
23365775,1
23638520,1
23495031,0
23210247,1
23115991,1
23245885,1
23130292,1
23575214,1
23509381,0
22777626,1
23659398,0
23068078,0
23211534,0
22568918,1
23455887,0
22694415,0
22332111,0
22597031,1
22750124,1
22654178,1
23669123,1
23376441,0
22994274,0
22939793,1
22397340,1
22387179,0
22580408,0
22693417,1
23469630,0
22754866,0
22349235,1
22727117,0
23155223,0
22745831,1
22488853,1
23170506,0
23333026,0
23033041,1
22666081,1
23600213,0
22763329,0
23564228,1
23330186,1
22970072,0
22694870,0
23551343,1
22333585,1
23440856,1
23228816,0
22387379,1
22793962,1
22900578,1
22511755,0
23564659,0
22366591,1
22963648,1
22548198,0
22850127,1
23503622,0
23422885,1
22661845,1
22883708,1
22706247,0
22990454,0
23644219,0
23382564,0
22491400,1
23190547,1
23008654,0
22835322,1
23390984,1
22434125,1
23328022,0
23403363,0
22741288,1
23652618,1
23134962,1
22380841,0
22784383,0
23575122,1
22936467,1
23011995,1
23661328,1
22971646,1
23093418,1
23319044,1
22906895,1
23374268,0
23496228,1
22343385,1
23645270,0
23490232,1
22903342,0
22578797,0
22881810,1
22466769,0
23069038,0
23036383,0
22542391,0
23501069,1
23019326,1
22980105,1
23251463,1
23225777,0
22848865,1
23244229,1
23498871,1
23529811,0
23576576,0
23238755,0
22534934,1
22490904,1
23028387,1
23702653,1
22526296,1
23215632,0
22890166,0
23171812,0
22542380,1
23273775,1
22632386,0
22972007,1
23756591,0
22929404,1
23087080,1
23586225,0
22550624,1
23019851,1
23717326,0
22846929,0
23112809,1
22515054,0
23666072,1
22326718,1
22501859,1
22769821,0
23269419,0
23720755,1
22855343,1
22619855,0
22705574,0
23165765,0
22718780,1
23409198,1
22406971,0
23583385,0
22561806,0
22518917,0
22354166,1
22732402,1
23392146,1
22672916,1
23280466,1
23086072,0
22681510,1
22646981,1
22981181,1
23351543,0
22884761,0
23408652,0
22429711,1
22458527,1
23398243,0
22996985,1
23428807,1
22380561,0
23020891,0
23392956,1
22572354,1
23145360,1
22897197,0
22926107,1
23719759,0
23247971,0
23200194,1
23504575,1
23587313,0
23078122,0
22511564,1
23720613,0
23097267,0
23530290,0
22604172,1
22594637,0
22569531,1
23573941,0
23614639,0
22447820,1
23300780,1
22741267,0
23640297,1
23101363,1
22987103,1
23550640,0
22384245,1
22946471,1
23445316,1
23432106,0
22690593,1
23284583,1
22944111,1
23353848,1
23229960,1
22456026,0
23688011,1
23564114,1
22393443,0
22444170,1
23485846,0
23716178,0
22677574,1
23100108,0
22732773,1
22642407,0
22565470,1
22815336,1
22935329,0
22682165,1
22880929,1
23625212,0
22539874,1
23355555,1
22737858,0
23594752,1
22512970,1
23039708,1
23021754,1
22527491,1
22561640,1
22898467,1
23717058,1
22469257,1
22430069,0
23489087,1
22438866,1
23639814,1
23721510,0
23283326,1
23282811,1
22686008,1
23407626,0
22488980,1
22632018,0
23485415,0
23158722,1
23405258,1
22412220,1
23304058,1
22682626,1
23688467,0
22428749,1
23089758,0
23537174,1
23195837,1
22796763,1
22449391,1
23385215,0
22495266,1
23531773,1
23632761,0
23309313,1
23400436,1
22899091,0
23093349,1
23468601,0
23435622,1
23650650,0
22958645,1
22978407,1
22470565,0
23715655,0
22759459,1
23437255,0
22698539,1
22875985,0
23624299,0
23294898,0
22459808,1
23482293,1
23576469,1
22470912,0
23008728,1
22327699,1
22440430,0
23661213,1
23400467,1
23696276,0
23334468,1
22921563,1
23276031,0
23669250,1
22421682,0
22482557,1
22435632,1
23305409,1
22802221,0
23277214,0
22374662,0
23246771,1
22995534,1
23482478,0
22518723,1
23392664,1
22948303,1
22351761,1
22753127,0
22851564,1
22480107,1
23572429,0
23258373,0
22749431,1
23507464,0
23694584,0
22416119,1
22924719,0
23589200,0
22684240,0
22640461,1
23269858,1
23448689,1
22343739,1
23361281,1
23096100,0
23071915,1
22628914,1
22351830,1
22960680,0
22656262,1
23511053,0
22907376,0
22991535,1
23071859,0
22956656,1
23415461,1
22691738,0
23760779,0
23139386,1
23177014,1
23568271,1
23676876,1
23098143,0
22737841,0
22783455,1
22332157,1
22531619,1
23367371,0
22706876,0
23567214,1
22557618,0
23351845,0
23264306,0
22937445,1
23432297,1
23410112,1
22623270,0
23482353,1
23200288,0
23498468,0
22633579,1
22592972,1
23402914,0
23147655,1
22993099,1
23426781,0
22742634,0
22537967,1
23250854,1
23037120,1
23221279,0
22889159,1
23317251,1
22617689,0
23386338,1
22817731,0
23594370,1
23722711,1
22950809,1
22750941,1
23447011,0
23699186,0
23258454,0
22751078,1
23559123,0
22713355,1
23239605,1
22905460,1
23183379,1
22441436,1
23069461,0
23018828,1
22686716,1
22894016,1
23505754,0
22941352,0
23566130,0
22389462,0
23285020,1
23491152,0
23653466,1
22832112,1
22628343,0
23654255,1
22823311,0
23229830,0
22891129,0
23277989,1
23593805,0
22699375,1
23624429,1
22411523,0
22775010,1
23672133,1
23523674,1
23081603,0
22497560,1
22690570,0
22892981,0
23157581,0
22361124,0
23324518,1
22791996,1
22600111,1
23020037,0
23548427,0
22994707,1
22898710,1
22848727,0
22492474,0
22854708,0
22457785,0
23449881,0
22750896,1
23322367,1
23178690,1
23393535,1
22951347,0
23514228,1
22436684,1
23012400,1
22569241,0
23029736,1
23643812,1
23245146,0
22354063,1
22389066,1
22345896,0
23499142,1
22798952,1
23406686,0
22942658,1
22404420,1
23028454,0
22594376,1
22583004,1
22619298,0
22764454,0
23326836,1
23418265,0
23674198,1
23329653,1
23640818,0
23326835,0
23372905,0
22699965,1
23193527,0
22934410,1
23330637,0
23508812,1
22912704,0
23616966,0
23077314,1
23341028,0
22607829,0
23531304,0
23061928,0
22631680,1
23691702,1
23649702,0
23077901,1
22865136,1
22716753,1
23372240,0
23187125,1
23560057,1
22561239,1
23285827,0
22486331,1
22667534,0
23298129,1
23605323,0
22698914,0
22651209,1
22835707,1
22914322,1
23335499,0
23056906,0
23212008,0
22350501,1
23138949,1
23207255,1
23228386,1
23575170,0
23546451,0
23516461,1
22437094,1
23202534,1
23572428,1
23493053,1
22617269,1
23292417,0
22537667,1
23653895,0
23447300,1
23170124,1
22667909,0
23370397,0
23279402,1
22424353,0
23647980,1
23520757,0
23343745,1
22570091,1
23583428,1
23428579,1
23621842,1
23326273,1
23563532,1
22810958,0
22681327,1
23351510,1
22927590,1
23401884,1
23360875,0
22367105,0
23365623,0
22524146,1
23174097,1
22668655,1
23051065,1
22981212,1
23657574,1
22770664,0
22327396,1
23077529,1
23429223,1
22438165,1
22695162,0
23374361,0
23669734,1
22366208,1
23671286,1
23595279,1
22650685,1
22339255,1
23694199,1
23458742,0
22911665,0
23697740,1
23547069,1
23359877,0
23292288,1
23419124,1
23525373,1
22445190,1
22736412,1
23143135,1
22981519,1
22542149,1
22911077,1
23694792,0
23508622,1
22767652,1
22636574,1
22874173,1
22576089,1
23282858,1
22365121,1
22630336,0
23141336,0
22776890,0
22939797,1
22957930,1
22335598,1
23008242,1
23267141,1
22824146,1
22479031,1
23666024,0
23306498,1
22776712,1
22421228,0
22331221,1
23022123,1
22590442,0
23760263,0
23514486,1
22673336,1
22981284,1
23450901,0
23433619,1
23344779,0
23221362,1
22952334,1
23157983,1
22635451,0
22673777,1
23550921,0
23242118,0
22953209,1
23229809,0
23528579,1
22846767,1
22680599,1
23233603,1
23742800,0
23152424,1
23453267,1
23750821,0
22393569,0
22419765,0
23723266,0
23282028,1
23482837,0
22899307,1
23172193,1
23175867,1
22809132,1
23412390,0
23507036,1
23145590,1
22619711,1
22539900,0
22835676,1
23198759,1
22852233,1
23465583,0
23547443,1
23385332,0
23632497,1
22452706,0
22531433,1
22501839,1
23104732,1
22493755,0
23740909,0
23023391,1
22569290,1
22925870,1
22892111,1
23512665,1
23636951,0
22514562,1
23590317,0
22797838,1
23581911,0
22515787,1
22423316,0
22404688,0
23720537,1
23645812,1
22896015,0
22876086,1
23145917,1
23474798,0
23160204,1
23260505,0
22448197,0
22462635,0
22570333,1
23643026,0
23751760,0
22986145,0
23360597,0
22975185,1
23252835,1
23371958,1
23264881,1
23005724,1
23070343,1
23078107,1
23320350,1
22616955,1
23157606,1
23385092,1
23713258,0
22696257,1
22599495,1
22728671,0
23125499,1
23385139,1
22328875,1
22502734,1
23601738,0
22846227,1
22449943,0
23527253,0
23499151,1
22847975,1
23309907,1
22629826,1
23447254,1
22936301,1
22805384,1
23088191,0
22648596,0
22558985,1
22419877,1
23098964,0
22644881,1
23133464,1
22905796,1
23472751,0
23470834,0
23438483,0
23569715,1
22829320,1
23476777,1
23411707,1
23166007,1
22448545,0
23321534,1
22395997,1
22516221,1
22623062,1
23171264,1
23454048,1
23055253,0
22351342,0
23023326,0
23520769,0
23491547,1
23040397,1
22572115,1
22780214,1
23421169,0
22694160,1
23266244,0
23001236,1
23742924,1
22733966,1
23379340,1
23445862,1
23159695,0
22347341,0
23705025,1
23541575,0
23179831,1
23511208,1
23101812,1
22804180,1
22550129,1
23228268,0
22480000,1
23237249,1
22797656,0
23482937,1
23666124,0
23130590,1
22800586,0
22535764,1
22908502,1
22460715,0
23529904,1
22784452,0
23594353,1
22902453,1
22365484,0
23318681,0
22758768,1
22834035,1
23110632,0
23746631,0
22411022,1
23656667,0
23269772,0
23503717,1
22865987,0
23327391,1
23487377,0
23025651,0
23410065,0
22824707,1
23273278,0
22519354,1
23687264,1
23659333,1
22327223,0
23405668,0
22610783,1
22752747,1
23353391,1
22954900,0
22768815,0
22758506,1
23285561,1
22565758,1
23353229,0
23020235,0
23575512,1
22984843,1
22823208,0
23709073,1
23528659,0
22727849,1
22462707,1
22844419,1
22722546,1
23131558,0
22739236,1
22654001,1
22641395,0
23744605,1
23585811,0
23296735,1
22752625,1
22394797,1
22983323,0
23747356,0
23698861,1
22521144,0
23481030,1
23729400,0
23086614,1
23247447,1
22506559,1
22581250,1
22966858,1
23210425,1
23233776,0
22397928,0
23185832,0
22900222,0
23594457,1
22417018,1
23035881,1
23186919,0
23712902,1
23061296,1
22351094,1
22591104,1
23411542,1
23486631,1
23160009,0
23377542,1
22798130,1
23107593,1
23217124,1
22916617,1
22622076,1
23341762,0
23561331,1
23665527,0
23108251,0
23084407,1
23132457,0
23020887,0
22514330,0
22938148,1
22824251,1
23750829,1
23674525,1
22867632,1
23221554,1
22529104,0
23575598,1
22372884,1
22428653,1
23336680,1
23461939,0
23622254,1
23289384,1
23532990,0
23305026,1
23681902,1
23677571,1
23535962,0
22762954,1
22711419,1
22512175,1
22742945,0
23300250,0
22341805,1
23626961,0
23181435,0
23610701,0
22439858,1
22885282,1
23160089,1
23548205,1
22829223,1
23498233,1
23100802,1
22802858,1
23045480,1
23466712,0
22929600,1
23192285,1
23729323,1
23638076,1
23635318,1
23126216,1
22605597,1
23664238,0
23116990,1
23052896,0
22493353,1
23663054,0
22702904,1
22736767,1
23650073,1
23549820,0
22494660,1
22849933,1
23329624,0
22927006,0
23118718,1
22751843,1
22732036,0
22700353,1
22503259,1
22745299,0
22456691,1
23340377,0
23536271,1
23243854,1
22735280,1
22652598,0
23064835,1
23278636,1
23474444,1
23103528,1
22358653,1
22511457,1
23188293,0
23229254,1
22427804,1
23516888,0
22877167,0
22483925,1
23269823,1
23520864,1
23532568,1
22758804,0
23683086,1
22921015,1
22779674,1
22815864,1
23492549,0
23406715,1
23708742,1
23656916,1
23424349,1
23689410,1
23752716,1
23060725,1
22990896,1
22588937,1
23540769,0
22992445,0
23709146,1
23582806,0
23077137,0
23399044,1
23423159,1
23309887,0
22335074,1
23075733,1
22395126,1
23442377,0
22430780,1
23133770,1
22891492,1
23694381,1
23600799,0
22656920,1
22701481,1
23200324,1
23157062,1
23343663,1
23062241,0
22570213,1
22347477,0
23065320,1
22348890,0
22636088,1
23117306,1
23046805,1
22795325,1
23010708,1
22345339,1
22513328,0
23150446,1
23527205,0
22982667,1
23289088,1
22339366,1
23136803,1
23339992,1
23234885,1
22602242,1
23153536,0
22851391,1
23257981,1
23177401,0
22868600,1
23364934,0
22632462,0
22725482,0
23609718,0
23340563,0
23643132,1
23567991,1
22369275,1
22761073,0
23726043,0
23715011,0
23584591,0
23204371,1
22558448,1
23313773,0
23682501,1
22947224,0
23680969,0
23479929,1
22683939,1
22409987,1
23445176,1
22333108,1
23482581,1
23068908,0
22428309,0
22584979,1
22862214,1
22811269,1
23293560,0
23447143,1
23252047,0
22962323,1
23485666,1
23427178,0
22647453,0
22434023,0
22949644,1
22715707,1
23454588,0
23280951,1
22674343,0
22778911,0
23021308,1
23385088,1
22756131,0
22745650,1
23631171,1
22408949,0
22524009,1
23349681,1
23358357,0
23378491,0
23438423,1
23445405,0
22454599,0
22971365,1
22989543,1
22390496,1
23392761,1
23573464,1
23699784,0
23088472,1
22950695,1
22463930,0
22455017,1
23276856,0
22381624,1
22659881,1
23005483,0
23407154,1
22518700,1
23404189,1
22378946,1
23300759,1
23137821,1
22591813,0
22499830,1
22668418,0
22539940,1
22434840,1
23649852,0
23170838,0
23184804,0
23511296,0
22346024,0
23318712,0
23514620,0
22809980,0
22741206,1
22796310,1
22667131,1
22774452,1
22339155,1
23397453,1
22357364,1
22760456,0
22329486,1
22775978,0
23269271,1
22651334,1
23592236,0
23204232,0
23303629,0
23180596,0
22506788,1
23474421,0
23677863,0
22524734,0
22342964,1
22640298,1
22892503,1
23739898,1
23339145,1
23568825,1
23177728,1
23332031,1
22772707,1
22335383,1
23713392,1
22487872,1
22426661,0
22458842,0
23026015,1
23405216,1
22497641,0
23514019,0
23754939,0
22594311,1
23720437,1
22993764,1
23721190,0
23511667,0
23102102,1
22758269,1
22432656,0
22672795,1
23730842,1
23373735,1
22707173,0
23305719,1
23309615,0
22660771,0
22471481,0
23636643,0
23741371,0
22931956,0
23288195,1
22612494,1
23465283,0
22583402,1
23438461,0
23605543,1
22994505,0
22892974,1
22869882,1
22980072,0
22999702,1
23718405,0
22443443,1
23685406,1
22842393,1
22541822,1
23365343,0
22500116,1
23546963,1
23612133,0
22760680,1
23198168,0
22775327,1
22984190,1
22384046,1
23345122,1
22328550,1
23351210,1
22497164,1
22739190,1
23488140,1
22967376,0
22964354,1
23340219,0
23719926,1
23351487,0
23568868,1
22929188,1
22968227,1
23463475,1
23186488,0
23004550,1
22570550,1
23078497,1
22530117,1
23431361,1
22783418,1
22611566,1
22879355,0
23428598,1
22369492,1
22907725,1
23600403,1
22429699,1
23737043,0
23737360,1
22658558,1
22670862,0
23456745,1
22539402,1
22562399,1
22791493,1
22511476,1
23574079,0
23163030,1
23214140,1
23552721,0
22554406,1
22911612,1
22934861,1
23678060,1
23605269,0
23480009,0
22567203,0
23629271,0
23644695,1
23428780,1
23598742,1
22889557,1
23277152,1
22706141,0
23687128,1
23540977,0
22717207,1
22485837,1
22698196,0
23537914,0
22902311,1
23448110,1
23019205,0
23047369,1
23398210,1
23044869,0
22622629,1
23547987,1
22815549,1
23694041,0
23574760,0
23242119,0
23644442,0
23602466,0
23661086,0
23737675,0
23410646,1
23162186,1
23521166,1
22904748,1
22399108,0
23212770,1
22840991,1
23738352,1
23213704,1
23412617,0
22516936,0
23632656,0
23506497,0
22612219,1
22655606,1
22372307,1
23638944,0
23720277,1
23068941,1
23217817,1
23013207,0
23667781,0
23233752,0
22486756,1
23078472,1
23389810,0
23716538,0
23760946,1
22425669,1
22887979,1
22625502,0
22861408,1
23619278,0
22541111,1
22526353,0
23013684,1
23288153,0
22897169,0
23023785,1
23007412,0
23389854,1
23233527,0
22781582,0
23280286,1
22452542,1
23013943,1
23200788,1
22337941,0
22916754,1
23646500,1
23265019,0
23488954,1
22763110,1
23753497,1
22546820,1
23383274,0
22996402,1
23595399,1
22991648,0
23343721,1
23532468,1
22983922,1
22786993,0
23259773,0
22693254,1
22820750,1
22628546,1
22834764,1
23095949,0
22368192,0
23637502,1
23053956,0
22358535,1
22369933,1
23060692,0
23306844,0
23505000,1
23323854,1
23669638,1
22361180,0
22459405,1
23070576,1
23484478,0
22408593,1
23335763,0
23629544,1
23473421,1
23114767,0
22476057,1
22526147,1
23380371,0
22897532,1
22665478,0
23209756,1
23483599,1
23005843,1
23029187,1
23715512,1
23005775,1
23452012,0
23297864,1
22986318,1
22773246,0
23558019,0
23326286,1
22781583,1
23059262,0
23353631,1
22866759,0
22479626,0
23356216,1
23678087,0
22622025,1
23406548,1
22661884,0
23263699,1
23482582,1
23151503,1
22913081,0
23733993,1
23035189,0
23379467,1
23047908,1
22489079,0
22954069,1
23221733,1
22901224,1
22635461,0
22908150,0
23432806,1
22659717,0
23421105,0
22654827,1
23089544,0
22654233,0
22555342,0
22405801,1
23087336,1
23168583,1
22837176,1
23502445,0
23227933,0
22861405,1
22418037,1
22814554,1
23255489,1
23158998,0
23242004,1
23455635,0
22707186,1
23335459,0
22449148,0
23457189,0
23406850,1
22911893,1
22693171,0
22703715,0
22765460,1
22601915,1
23285726,0
22401146,1
23378090,1
23507247,1
23394123,1
22620057,0
23307067,1
22809294,1
22745730,1
23156896,1
23129526,0
23493781,0
23128302,1
23634133,1
23558424,0
22493251,1
23747467,0
23729777,1
23468543,1
22604408,1
22341223,0
23496459,1
23088399,0
22480184,0
23024127,1
23696969,1
22930246,0
23425533,1
23208329,0
23021716,1
22668499,1
22553626,0
22879364,1
22573257,1
23716748,0
23507304,1
23551559,1
23184108,0
22847731,1
22619502,1
23088235,0
23420797,0
23319754,1
22788409,1
23580593,1
23722155,0
23395446,1
22436968,1
22748053,1
23240526,1
22496547,1
22606276,1
23609494,1
22886978,0
22721345,1
23640740,1
23742217,0
22846200,0
23382307,0
22356597,1
23602976,1
23386304,0
22905588,1
23098154,1
23709007,1
23383209,1
22665992,0
23179765,1
23577403,1
22723184,1
22504094,0
22360138,1
22340741,1
23171773,0
23408248,1
23116179,1
23181072,0
23170290,0
23609623,0
22697337,1
22734871,1
22409105,0
23619410,0
22669364,0
23357458,1
22434382,1
23399291,1
23283340,1
23507455,0
23232561,0
22611381,1
23310427,1
22998698,1
23237433,0
23433655,1
23726304,1
23676507,0
22547300,1
22729418,0
23336708,0
23746323,1
23532546,1
22488874,0
22518741,1
22426224,0
22497201,1
23250460,0
23460130,0
23135763,0
23432209,0
22639741,1
22941428,1
22378661,0
23020141,0
22786759,0
22827447,1
22855509,1
23314312,1
23277788,1
22893819,1
22357891,1
22727787,1
22998454,1
23660578,1
23549896,1
22636938,0
22712116,0
23528005,1
22666795,1
22474856,1
22746869,1
23701401,1
23293733,0
23635919,1
23051771,0
22745718,0
23662915,1
22944177,0
22463490,1
22580377,0
23520593,1
23548791,0
22960865,1
23678203,1
22913713,1
22725156,1
23516494,1
22377362,1
23483083,1
22623121,0
23370573,1
22862752,0
22602423,0
23580793,0
23644387,1
23258410,1
22808350,1
23460846,1
22670088,1
22512658,0
23588138,1
23517511,0
22537332,1
23357686,1
23087740,1
22800929,1
22921777,1
23575854,1
22690505,0
23025766,0
23143017,0
23712590,1
22386704,1
22334718,0
22629203,1
23258304,0
23314041,1
23164948,1
22973366,0
22672899,0
23336695,1
22355837,1
23705906,1
23049413,0
22895037,0
22867092,1
23234672,1
23591617,0
23705899,1
23328668,1
23429991,1
23599703,1
22871923,1
23730951,0
22447334,0
23755406,1
22607133,1
22424158,1
22712343,1
22606808,1
23196816,1
23524857,0
23729425,1
23365332,1
23294945,0
22835192,1
22908753,0
23720746,1
22679478,1
22912579,0
23012485,0
23148088,0
22385756,0
22791903,0
22791701,0
23142743,1
22578877,0
22934811,0
22891099,1
23413399,0
23099709,1
22440791,0
22645335,1
22863028,1
22772618,1
23343814,1
23659411,1
23690766,1
22983458,1
22931390,1
23541829,1
22866162,1
22604587,1
23229570,1
22605845,1
23665208,1
22350455,0
22963317,1
23017290,1
22758348,1
23351526,0
22685707,1
23326505,1
22552046,1
22753511,1
22837953,1
22779676,0
22762906,0
22355092,1
22938985,1
23355124,1
23660198,1
22873193,1
23308273,1
23097754,1
22855768,1
23297652,1
22524546,0
22515422,0
23330490,0
22779389,0
22406990,1
23739384,1
23644336,1
22778640,0
22554450,0
22993978,0
22731778,1
22812861,0
22964201,1
23751663,0
23046445,1
22466808,1
23265681,0
22623700,1
23413338,1
22984521,1
22805272,1
23289738,0
22798068,0
22789388,0
22900127,1
22383772,1
23412097,1
22833488,1
23741167,0
22755746,1
23268600,1
23607021,1
22922020,0
22992187,1
22331767,1
23456021,0
23550651,0
22345364,1
23597928,0
23094422,1
22638579,0
22809261,1
22859114,1
22749432,1
23133563,0
22888560,1
23288808,1
23281536,0
22848325,1
22673593,1
23551628,1
23317122,0
23716750,0
22974878,1
23519727,0
22698562,0
23101223,0
22457636,1
23293842,0
22748425,0
23472336,1
23386781,1
22926198,1
23539164,0
22957173,1
22766945,1
23535567,1
23731145,1
23692719,1
22798494,1
23455309,1
23204378,0
23722620,1
22456582,0
22465254,0
23220346,1
22473846,1
22503354,1
22491170,0
23568702,1
22463277,0
23573879,0
23672539,0
22553865,0
23190743,1
22941735,0
23383099,1
23576209,1
23057178,1
23346616,1
23143704,0
22823877,0
23083687,1
22443117,1
23009296,0
23258560,1
23602855,0
23218973,1
22402652,0
22834524,1
23253957,0
22871958,1
22533228,1
22890926,1
22510697,0
23037827,1
23495651,1
23229099,1
22859868,0
23274259,1
22452838,1
23143068,1
23448789,1
22991365,1
22921361,1
22649145,1
23147854,1
22600162,1
22488788,1
22934490,1
23639470,1
23241248,0
22904773,0
22595133,1
22653629,1
22915289,1
22945615,1
23412533,1
23112681,0
23089828,1
23588580,0
23407614,1
23263195,0
22679901,0
22994789,0
23501884,0
22721088,1
23151774,1
22393500,1
23293291,0
23291675,1
22459991,0
22536923,0
23609432,0
23547454,0
22940824,0
23402329,0
23751061,0
22450444,1
22344943,1
23717458,0
23563534,1
22905981,1
23005195,0
23003106,0
22808432,0
22713653,1
23248086,0
22396191,1
22550049,1
22886091,1
23162831,1
23393613,0
22572110,0
23053619,1
22791259,1
22384031,0
22613049,1
23753299,1
22810012,0
23450327,1
22517538,1
22421198,0
22882395,0
23563183,1
23729606,1
22874874,1
22460753,1
23002472,1
22554395,1
22524441,1
23254774,1
23051765,0
22726865,1
23043579,0
23074544,1
22458557,0
22837485,1
23592199,0
22871587,1
22946136,0
22539965,1
23519063,0
22983463,0
22451660,1
22954090,1
23481284,0
23158281,1
22845070,0
23094599,1
22811096,1
23579455,1
23592082,1
23658906,1
23099949,1
22719445,1
22798055,0
22844425,1
23596015,1
23691564,1
22374193,0
23041918,1
22446091,1
22440195,1
22356175,1
22984671,1
23720698,0
23713799,0
23692365,1
23573617,0
23555276,0
22733180,0
23597088,0
23665393,0
22377044,1
22566774,1
22922473,0
22688782,1
22470427,1
22552865,1
23075752,1
22685534,0
23009092,0
23344301,0
23188687,1
22568177,1
22566228,1
23127709,1
23201069,1
22967815,1
23300107,1
23403294,1
23521409,0
22801768,1
22429943,1
23544765,0
22387249,1
22333896,0
22770386,0
22340929,0
23100889,1
23138433,0
22395380,1
22814265,0
22755947,0
23505077,1
22559021,1
22469017,1
22666147,0
22448238,1
23694619,1
22828076,1
22957156,0
23288778,1
23144665,1
22763212,1
22349775,1
22701525,1
23565125,0
22873131,1
22643698,1
22582660,1
23220704,1
22450821,1
23657515,0
23458115,1
23503516,1
23585401,1
23649408,1
23259275,0
22576179,1
23604125,1
22689406,0
23655911,0
23138477,0
22612868,0
23545689,1
22506250,1
22931609,1
23151654,0
23485557,1
22692833,1
22574335,0
23331346,0
23291435,0
23304446,1
23153387,1
23058703,1
22409012,1
23462964,1
23645716,1
22743924,0
22385215,0
22582186,1
22805156,0
22898619,1
23546784,1
23660021,0
22981736,0
22638666,1
23617820,0
22373837,0
22563714,1
22612615,0
23273378,1
23234840,0
23162021,0
23363182,0
23356954,0
22463569,1
22952851,0
23672653,0
22478393,0
23626683,0
22892082,1
23115606,1
23673433,0
22486511,0
22461709,1
22632867,1
22371970,0
22981846,1
23449722,0
23157833,1
23140703,0
23263123,1
23584633,0
22974131,1
22950747,1
23246833,1
23115041,0
23465212,0
23422709,0
23164396,0
23442427,0
22772396,0
23234185,1
23038213,1
22665820,0
22966912,0
22817916,1
22826158,0
23682244,0
22532183,1
22331426,1
23692378,1
23698970,1
22591464,0
23462904,1
22930083,0
23268331,1
23368883,1
22347642,1
22576764,1
22637578,0
23091560,1
23449979,1
22379702,0
23023135,1
22332913,1
22353456,0
23025641,1
23022921,1
23547268,0
22425690,0
23390073,1
23375398,0
22416999,1
23611438,0
23555407,1
22462949,1
23187858,1
23616471,0
22643160,1
23198438,1
22533115,0
22369464,1
22721972,1
23191000,1
23063619,1
23260543,0
22346780,0
23356867,0
22925290,1
23647005,1
22392778,1
23548667,1
22891163,1
22790999,1
22933715,0
22734836,1
22359709,0
22869269,1
23271113,1
23707199,0
22436512,1
22504168,1
23672358,0
23454892,1
23064295,1
22845287,0
22596936,1
23338526,1
22964532,1
23577110,0
23709864,0
23535415,1
22537223,0
22751994,1
23715190,1
23696194,1
23403410,0
23494258,1
23105885,1
22899530,1
23711479,0
22566805,0
23624856,1
22949410,0
22718815,0
23436829,1
23341533,1
22987589,1
23045997,1
22920985,0
23208855,0
23049841,0
22926668,1
22744538,0
23114369,1
22890913,0
23010235,1
23604372,1
23602169,1
22804863,1
22756334,1
22512155,1
22993744,1
22429928,1
23152422,1
23202592,1
23715770,0
22754584,1
22599086,1
23239841,0
22573921,0
23195882,1
22987480,0
23294187,0
22487515,1
22495472,0
23064351,1
23095570,0
22455666,0
22691297,1
22368131,1
23636589,0
22785440,1
22332834,1
23487828,0
23267945,1
23713765,1
22338124,0
22559676,1
22434352,1
22712104,1
23284469,1
22507392,1
22543974,1
23171387,1
22774882,1
23577950,1
22566532,1
23286602,1
23208660,0
23008420,1
23154973,1
22973878,1
22976619,0
23183798,0
23673279,0
23580075,1
22893665,0
22920260,1
22919823,0
23028258,1
23388785,0
22378651,1
22759354,1
22920462,0
22631431,0
23589067,1
23000926,1
23144750,1
22563368,1
22394751,1
22779732,0
23596676,0
22964541,0
22903310,1
23507368,0
23745073,1
23260701,0
23473145,0
22446452,1
22336974,1
23004099,0
22913665,1
22818185,0
23047038,1
22327625,0
22889532,1
23329405,1
22795249,1
23327045,1
23487756,0
22372793,1
23324220,0
22633955,1
22937161,0
22450443,0
22355307,1
22637761,1
23745263,1
22461605,1
23009782,1
22734236,0
23535898,1
23243957,1
23519861,0
22916460,1
23385047,1
22744442,1
22629794,0
23751443,0
22851439,1
23629568,0
23287247,0
23479922,0
22943618,1
22589565,0
22940515,1
23091833,1
22793556,0
23756819,0
23624315,0
23333389,0
23560750,1
22690079,1
22490288,1
22526649,0
23036821,0
22778446,0
22428567,1
23356706,1
22836207,1
22941096,1
23704127,0
23616430,1
23235084,1
22895357,0
23423121,1
22508034,1
22738180,1
23698271,0
23149128,0
22669936,1
23201221,1
23080937,1
23554231,1
22815949,1
23424402,1
22366258,1
23293546,1
23721969,0
23680079,0
22601319,0
22679732,0
23552833,0
23230529,1
23671694,0
22989214,0
23006700,1
23351405,1
23499261,0
22946702,1
22658357,1
23230470,1
22706538,1
22332088,1
22954599,1
22994094,0
23329683,0
23110185,1
23237196,1
22763659,0
23708362,0
23001410,1
23696041,0
22737341,0
22976229,0
22934841,1
23705292,1
23256413,1
22848645,1
22649356,1
22875220,1
23156568,1
22466887,0
23554763,0
22557557,1
23576457,0
22774717,1
23426838,1
22588656,1
23408384,0
23610950,0
23612702,1
22669471,0
23689661,0
23176084,0
22454937,1
23467817,0
23532071,0
22897175,0
23046520,1
23401668,1
22762882,1
23675796,1
22829566,1
23468384,0
23096273,0
22972892,1
23030773,1
23424575,1
22565810,1
22425622,1
23756561,0
22795923,0
23612884,1
22435670,1
23262577,1
22435234,1
22478561,1
22755162,1
22716896,1
22505570,0
23543130,1
22442844,1
22399131,0
23057968,1
23668503,1
22956058,0
22487873,1
23586921,0
23381355,1
22494474,0
22757704,1
23069616,0
23632946,1
23068174,0
22346382,1
23640639,0
22526547,1
22411742,0
22565957,0
22534802,1
23348063,1
22725151,1
22602498,1
22981210,0
22550865,1
23475316,0
23089026,1
22948162,1
23170961,1
22751496,0
22806038,1
22941669,0
22852803,1
23639143,1
22776565,1
23220063,0
23681982,0
22978630,1
23646716,1
23549055,1
23439329,0
23169553,1
22837766,1
22429579,1
23303404,1
23612377,1
23717884,1
22900184,1
22751236,1
22941029,1
23387820,0
23682286,1
22374945,0
22626398,1
23036176,0
22812537,0
22830698,1
22718781,1
22383778,1
23152770,1
22669485,1
23099583,1
23412908,0
23616352,0
22824938,0
23737696,0
23585517,0
23083686,1
22680762,0
23137306,1
22387982,1
23290847,0
23679790,0
22680002,0
22438807,1
23421353,0
23438054,1
22574931,0
22742675,1
23001441,1
23047071,1
22664488,0
23349070,1
23308450,1
23467621,1
22615557,1
23590503,0
22362858,1
22851515,1
22424065,1
22359562,0
23006019,0
22643038,1
22569295,1
23408477,0
22429391,0
22837967,1
22533370,0
23453048,1
22380884,0
22612742,1
23140754,1
23041963,0
22406369,1
22729317,1
22516983,1
23289303,0
23218865,1
22459596,0
23188476,1
23637847,1
22651191,1
23725388,0
22824756,1
23499801,1
23021424,1
22802361,0
23666060,1
22662761,0
23677978,0
22892956,0
22672792,0
23398332,1
23237124,0
22902843,0
23072806,0
23350748,1
22588802,0
23300708,1
23114269,1
23760493,1
23705524,1
23756740,1
23067036,0
23744759,1
22873150,1
23082491,0
22485374,1
23483296,0
22334621,0
23332160,0
23289190,0
23060970,1
23209990,1
22969012,1
22709813,1
22424790,1
23681220,0
22737637,1
23079208,1
23552138,1
22347896,0
22831600,0
23363912,1
23524899,1
22629058,1
23698292,1
22670666,1
23032142,1
23617071,1
23705501,0
23174667,0
22973449,1
23419808,0
23196745,1
22780826,0
23448931,1
22883096,1
23399141,1
22777958,1
23373484,1
23697598,1
22957679,0
23735823,1
23759618,1
22976214,0
22655382,1
23070170,0
22410644,1
23597075,0
23674098,1
23030683,1
22330269,1
22603096,0
22700462,1
22872850,1
23398123,1
23513479,0
22692018,1
22359999,1
23439935,0
23357215,1
23716993,0
22597441,0
23571076,1
22469601,1
23732326,1
22864783,1
22434758,0
22890624,0
23470245,1
23346170,1
22857113,1
23633873,0
23589497,1
22873410,1
23308000,1
23325700,1
23022280,0
22665425,1
22518879,1
22615594,1
23231182,1
22420246,0
23210902,1
23284830,0
22746502,0
22814032,1
23675510,0
22497609,1
23046742,1
22526906,1
23640673,0
23669543,0
23210044,1
23184498,1
23089840,1
23597124,0
22337112,0
22502326,0
23306176,1
23196818,1
23216943,1
22371270,1
23622485,0
22895364,1
22653168,0
22581690,1
23090789,1
23371602,1
23759191,1
22394984,1
22783929,1
22329507,1
22807646,0
23548630,1
22737520,0
23337265,0
23458299,1
22677893,1
23339965,0
22580672,1
23088663,0
22449965,0
23249974,1
23333774,1
23451358,1
22451890,1
23738521,0
23557392,0
23408378,1
23356807,0
22465605,0
22521462,0
23030802,1
22750554,0
23327438,1
22451654,1
22898130,1
23618231,1
23550066,1
23507330,1
22635399,0
23402323,0
23324630,1
22608305,0
23586732,1
23183886,1
23436073,0
22622968,1
22550275,1
22372779,1
22643490,0
22478737,1
23557466,0
22976907,0
23444395,0
23726476,0
22659530,1
22588273,1
22423065,1
22737834,1
22894842,0
23566220,1
23385780,0
23547352,1
22998863,1
23125735,1
22624958,0
22526481,1
22696571,1
23649432,1
23244038,0
23068393,1
23344799,1
23728253,1
22698164,1
23030663,1
23636764,1
23130289,0
23612013,1
22753757,0
23474098,1
22619846,1
23342069,1
22883251,1
23756194,0
22534196,1
22970244,1
22613904,0
22493285,1
23045612,1
23099983,1
22789696,1
22536747,1
23416571,1
22427373,1
23042233,0
22354357,0
23195047,0
23018664,0
23301650,1
23347741,1
23561042,0
23404082,0
22758088,1
22682191,1
23708067,0
22835335,0
22743535,0
22815047,1
22996013,0
22475777,1
22947742,1
22754541,1
23699324,0
23014486,0
22855043,1
23005776,1
23429346,1
23597276,1
22637167,1
22572169,0
22746760,1
22393999,1
22605512,1
22625962,1
23444153,1
23637307,1
22947393,1
23424656,1
22800347,0
23652455,1
23422589,1
22840824,1
23732029,1
23312308,1
22430890,0
23713516,1
23441124,1
23508894,1
22823740,1
22711387,0
22748859,1
23253440,1
22713230,1
22746542,1
23519530,1
23352691,1
23537642,1
23584652,1
23041864,0
23204066,0
23022348,1
23288012,1
22579826,1
22532308,0
23736479,1
23373074,0
22469476,0
23195173,0
23414370,0
23408502,1
23012183,1
23249744,0
23071610,1
22517343,1
23589501,1
23206520,1
22562803,1
23569762,1
22834789,0
22450404,0
22908500,1
23736983,1
22571190,1
22795792,0
23217926,0
22802909,1
23036084,1
23583926,0
23092368,1
22512511,1
23754519,0
22751210,1
23059633,0
22528657,1
22377678,1
22430108,0
22562968,1
23669043,0
23150443,1
22792951,1
23510481,0
22818771,1
23217412,0
23262922,1
23314752,1
22586609,1
23473478,0
23044008,1
22341859,1
23731573,0
22813111,1
22357401,1
22753177,1
23158234,0
22427879,0
22667153,1
22796567,0
22476448,0
22777326,1
22705752,1
22449728,1
22725376,1
22777383,0
22821773,1
22859463,0
23113779,1
23061073,1
23173806,0
22855301,1
23541170,1
22410768,1
23737682,1
22826498,1
23348318,1
22908306,1
22667150,1
22472397,0
23073830,0
22710545,1
23338591,1
23594412,1
23576467,0
23319907,0
23304284,1
23325506,1
22439941,1
23315733,1
23020120,1
23649779,0
23427502,1
22569936,0
22572276,0
22714249,0
22632473,1
23263858,1
22649260,1
23094658,0
23406053,1
23546852,1
22626137,1
22486497,1
23180976,1
23380556,1
23702829,1
23408048,0
23488023,1
22389778,1
23721461,1
23634616,1
23432176,0
22924470,1
22648823,1
23401888,1
23660960,1
23744314,0
23354191,1
23537317,0
22439693,1
22677052,1
23081088,0
22745260,0
23498310,1
22657110,1
23094891,1
22840438,0
22866383,1
22399835,0
23521778,0
23054964,0
22954500,1
22488326,1
22539485,0
23570871,1
22824493,0
22925588,1
23685745,0
23344630,1
23353328,1
23444118,0
23321312,1
23201336,0
22953884,0
23031905,0
23038788,1
22426070,0
23109127,0
23081700,0
23277289,1
22678670,1
23117966,1
23393272,0
23505748,0
22857556,1
22653622,1
23484576,1
23356042,1
22415838,1
22876135,1
22555692,1
23537742,1
22831796,1
23248935,0
23637014,1
22627316,1
22920620,1
22694947,1
22719221,0
22717157,1
23186305,0
23318199,1
22615160,1
23522398,1
22800064,1
22507852,1
22582404,0
22387225,1
23165764,1
23470351,1
22601220,1
22465573,1
22421365,1
22373823,1
22574698,0
23261043,1
23413711,0
23595532,1
22677176,0
22385042,0
22829297,1
22923922,1
23590224,0
22337858,1
22625854,0
23609603,1
22330517,0
22700346,1
23422300,1
23564588,1
23056055,1
23068088,0
22832221,1
23136427,1
23032288,1
23745621,0
22769434,0
22513255,1
23178104,0
22390000,1
23761024,1
23299188,1
22508677,1
23046684,1
23686497,0
23208223,1
23111727,1
23324567,0
22537441,1
22397511,0
22524498,1
22473518,1
22887588,1
23596680,0
23376933,0
22627675,0
23730906,1
22441724,0
23591655,0
23616970,0
23486244,0
23277116,0
22636633,1
23020988,1
22574244,1
23274572,1
23649068,0
23675890,0
23148027,0
22472849,1
23751859,1
22424240,0
23435840,0
22431346,1
22812193,0
23565663,0
22442715,1
23114024,1
23705890,1
22465329,1
22590175,0
23171445,1
23569975,1
23187133,1
22457533,1
23294193,1
22489194,1
22436517,1
22381363,1
23581223,1
23577974,1
22591419,1
22582575,0
22977315,1
23294376,0
22616794,1
23542420,1
22975404,1
23548574,0
23375279,1
23266015,1
22792070,0
23503097,0
22840515,0
22703564,1
23577646,0
22950061,1
23494656,0
22451068,1
23263606,1
23468410,0
23021594,0
22830648,0
22631454,0
23501892,1
22966510,1
23279584,0
22529305,0
22653391,1
23054054,0
22793075,1
23710133,1
22549935,1
23705777,1
22777640,0
22440967,1
22867860,1
22825896,1
22367819,0
22994723,0
23482607,1
22859454,1
22931105,1
22738015,0
22602107,1
23761773,0
23191145,0
23254124,1
22782454,1
23665206,0
22703962,1
22810998,0
23593925,0
22402473,1
23730456,1
23698113,1
23123109,0
22879949,1
22868812,1
23043429,0
23579486,1
22466856,0
23219304,1
22568969,1
22833440,0
23016784,1
22976004,0
22835940,0
23362635,1
22790547,0
22468269,0
23720606,0
22702573,1
23086389,0
23579121,1
23381803,0
22601104,1
23217442,0
22758794,1
23457075,0
23742057,0
22959161,1
22330043,1
22751811,1
22618919,1
23359379,1
22626714,1
22461901,1
23521002,0
23465141,1
23006262,1
23044671,1
22867609,0
22387558,1
22625762,1
23175007,1
23445409,0
23173387,1
22851428,1
22989154,1
23132268,0
22548818,0
22409088,1
23579967,1
23283025,1
22365624,1
22593256,1
22660621,1
22991761,0
22671144,1
23390721,1
23320567,0
23000628,1
23396219,1
23517877,1
23434850,0
22522185,1
22583750,0
23369658,0
22665206,1
22630415,0
22397531,0
23416750,0
23563572,0
22593965,1
22564429,1
23060340,0
23487316,1
23643420,1
23173555,0
23755209,0
22982467,1
22869981,0
22709292,0
22860574,1
23381357,0
22971407,1
23373008,0
23401350,1
22655422,1
23100066,0
23122653,1
22332217,1
22748866,1
22818823,1
22731139,0
22562676,1
23724752,1
23409529,0
23496572,1
22346570,1
23009048,1
23191491,1
22366834,0
23475309,1
23171030,0
23485358,1
22907726,1
23376234,1
22356401,1
23158933,1
22351863,1
23700605,0
23418757,1
22854102,0
22429173,0
22632752,1
22745595,0
22349099,1
22460593,1
22335022,0
22978600,1
23540985,1
22974475,0
23462808,1
22556107,0
22840974,0
22834163,0
22721687,1
23471297,0
22408353,1
23619000,1
23083258,1
23153704,0
22777509,1
23099232,0
23137902,1
22474898,0
23087828,1
22503031,0
22496436,1
22657360,0
23637251,1
22470722,1
22851835,1
22858255,0
22939622,0
22526925,0
22874660,0
23190416,0
23359465,1
23389472,1
22365363,1
23602296,0
23686678,0
23425212,1
22380278,0
22741153,0
23527522,1
23481998,1
22384880,0
23475263,0
22876941,1
22544316,0
22987194,0
22477356,1
23507715,0
22731521,0
22839944,1
23011828,0
23234703,0
22790962,1
23630653,1
23622618,0
22345230,0
22946123,1
22487689,1
22614683,1
23441335,0
23055441,1
22616155,1
22902688,1
22570635,1
23156940,0
22334005,1
22968169,0
22573339,0
23039821,1
23436749,0
22628233,1
23099863,1
22730933,1
22817984,0
22977050,1
23719714,1
22819401,1
22532389,1
22453546,1
23533443,1
22730126,0
22802418,0
22995917,0
23656267,1
23617141,1
23686808,1
23497307,0
22501172,1
23669465,0
23080066,1
22575339,1
23237027,0
23157196,1
23084326,1
22582029,1
23322221,1
23728100,0
22475657,0
23678431,1
23690611,0
23198243,1
23361742,0
22366805,0
23672646,0
23110775,1
23046117,1
23313276,0
23499554,1
22772213,1
23434441,0
23634194,1
22997763,1
23336361,0
22432752,0
23329823,0
23124270,1
22618265,1
23599880,0
23314027,0
23024234,1
23082259,1
23406306,0
23034048,0
23230311,1
23609832,0
23574636,1
22457686,0
22975877,0
23585651,0
23375488,1
22869492,1
22718774,1
22489332,0
22551290,1
23690210,1
23348869,0
23351049,1
23251327,1
23692551,0
22691681,1
22781090,1
22411209,0
23603630,1
22836750,0
22738290,1
23392740,0
23055378,1
23350313,1
22603326,1
22479072,1
23758600,0
22854967,1
23749210,1
22543117,0
23246828,1
23620327,1
23108121,1
22764601,1
23513376,1
22700464,0
22868755,0
23468372,1
22497225,0
23152996,0
23379786,1
22472628,1
23248324,0
22402070,1
23588803,0
22862811,1
22983556,1
23018954,0
23085199,1
23012252,1
22841919,0
22730569,1
23057605,0
22793588,1
23752225,1
22339837,0
22687533,0
22380094,0
22999641,0
22901772,1
23157473,1
23590899,0
23117507,1
22981689,1
23480552,1
22357230,0
23629370,1
22397446,0
22364823,1
22575648,0
23659590,0
23534916,0
23256730,0
22481018,1
22447606,0
23095636,1
22833597,1
23615377,1
23390740,1
23400404,1
22681449,0
22929595,0
22876411,1
22614162,1
23545269,1
23756511,0
23711557,1
23050688,0
23079329,1
23556356,1
23038654,0
23682223,1
23156124,0
23144524,1
23148181,0
23633617,1
23034263,1
23320161,1
22867241,1
23516928,0
23299552,0
22824572,1
23113435,1
23170075,0
22610079,1
22649554,1
22881756,1
22830319,1
23494415,1
23179127,1
22370369,1
23031019,1
22497057,0
23618902,0
23082064,0
23548096,1
23232064,0
23700808,1
22703801,0
23198644,1
22802667,1
23504020,0
23596099,1
23153831,1
22657544,1
23565265,1
22930805,1
23396884,1
22554011,0
23473459,0
23198134,1
22915932,1
22871714,1
22471746,1
23196014,1
23386344,1
22984810,1
23050500,1
23758965,1
23531854,1
23074528,1
22397279,0
23210576,1
22801279,1
22913945,1
23723851,1
22879915,1
22445203,1
22761576,0
23233618,1
23565611,1
22690586,0
23481367,0
22952479,1
22984875,1
22538427,0
22426126,0
22489886,1
23651963,1
22958148,1
22430843,0
23711291,1
23529037,0
23675110,1
23004629,1
22558082,1
23721532,1
23418763,1
23705204,0
23382999,1
23241760,1
23142871,1
23683214,0
22457106,1
23338448,1
23487808,1
23208955,0
22491458,0
23417597,1
22738010,0
23641002,0
23000382,1
22673754,0
23171239,1
23135518,0
22812050,1
23561581,1
23709517,1
22795911,1
23073779,1
22760796,0
22710087,0
22947910,0
23237252,1
22778616,1
22854205,1
23344120,0
23149988,1
22619917,0
23286060,0
22899126,1
23735900,0
23693166,1
22604222,1
22881229,1
23334256,1
23693060,0
22988428,0
22441447,0
23122658,1
23331491,0
22511710,1
23398633,1
23217317,0
22677461,0
23587762,0
23429468,1
23232919,1
22807161,0
22730794,1
23580125,1
23709534,1
22877649,1
23080162,1
22404478,0
22936255,0
22696605,1
22923625,1
22827880,0
23309344,1
23329232,0
22493859,0
23478094,1
23034256,1
23341538,0
23031853,1
22553962,1
23347081,1
22576349,1
23466500,1
23638829,0
23389980,0
23531246,0
22883229,0
22646360,0
23282844,1
22491839,1
23490552,1
22649574,1
22511314,1
23272490,0
23002140,1
23550103,0
23578303,0
23100442,1
23298755,0
22406013,0
22400028,1
22805581,1
23016310,1
22758483,0
23524075,0
22437335,1
23650727,0
22532014,1
22613775,0
23710493,1
22706709,1
23580047,1
22715409,1
23206120,0
22982358,1
23340346,0
23394710,1
22479294,0
22419464,1
22804826,0
22355355,1
22564299,0
23276959,1
23046998,1
22550667,1
23742590,1
23646764,1
22635960,1
22447962,1
23198544,1
23436386,0
23036740,1
22881738,1
23679905,1
23299221,1
23499915,1
23214149,0
23041506,0
23329187,0
22410017,1
23583016,1
23302832,0
22602143,1
23039888,1
23442079,1
22978324,0
23126233,1
23685689,0
23386276,1
22670345,1
22765203,0
23713673,0
23306729,1
22624738,1
22354136,1
23384893,1
22652441,1
22685430,1
22400356,1
23110183,1
23508012,1
22878500,0
22482124,0
23582799,1
22813474,1
23458712,0
22510996,1
22961060,0
23367621,1
22809177,1
22403930,1
23065250,1
23711431,1
23485375,1
23552488,1
22439054,1
23238373,0
22700428,0
22772107,1
22668740,0
23635946,0
22655291,1
22871391,1
23090122,0
23625064,1
23243068,1
23036588,0
23495391,0
22487013,1
23147322,1
23361880,1
23392562,0
23434983,1
23396270,0
22981090,0
23138374,0
22744131,1
23375090,1
22648206,1
23137882,0
23012948,1
22716421,0
22491594,0
23220735,0
22970637,1
23748885,1
22504491,1
22841026,0
23017357,1
23531697,0
22520421,0
22943311,1
23597467,0
23144108,1
23025456,0
22548778,1
22412792,0
22714761,1
22340705,1
22393194,0
23313932,0
22976313,1
23234487,1
23608758,0
23540169,1
23294790,0
22637860,0
23540623,0
23566280,0
23090369,0
23261865,1
22664358,0
22586760,1
22999723,0
22696092,0
23309854,1
23469940,0
22590117,1
23232269,1
22372640,1
23470046,0
23062583,1
23373710,1
23399045,0
23659109,1
22616217,1
22471647,0
23100333,0
22499042,1
23387584,0
22842151,0
22729099,0
22872498,0
22686088,1
22538599,1
23759288,1
22815828,1
23195909,0
23514231,0
23076717,1
22690622,1
22569944,1
23576777,1
23263979,1
23045255,1
22579249,0
22348591,1
23187310,0
22623932,1
23632793,1
22697912,1
22693713,1
22600842,0
23697543,0
23299278,0
23048328,1
22493979,0
23523904,1
22467425,0
22453609,0
23016220,1
23277438,1
22815427,1
23310310,1
23506335,0
23733055,1
22511561,1
22932381,1
23470059,0
22542347,0
22391782,0
22969062,1
23500573,1
23016918,1
22887594,1
22954745,1
23390788,0
23634271,0
23501717,0
22694481,1
22724159,1
22505442,1
23338014,1
23362661,0
22481477,0
23075618,0
22480880,1
22787688,1
23577150,0
23256633,0
22523513,1
23616659,1
23694638,1
22906278,0
23127998,0
23230531,1
22928930,0
23220633,1
22961827,1
23066960,1
23195264,0
23260059,1
23314488,0
23506729,0
22612006,0
23759747,0
23750637,0
22987326,1
23163467,1
23177788,0
22706763,0
23530717,0
22751092,0
22906765,1
22657000,0
23091397,1
22493885,1
23455354,1
22377361,1
22513955,1
23465965,0
23700345,1
23755619,1
23518843,1
23243953,1
22355213,0
23570734,0
23048273,1
23498630,0
23431132,1
23359494,0
22481664,1
22390026,1
22471850,1
23372722,0
22587006,0
23180573,1
23206368,1
23415268,1
23600117,1
23191646,0
23753491,1
23703407,0
23400042,1
23643351,0
22420340,1
23713102,1
22389096,0
22354711,0
23602571,0
23534013,1
23659566,1
22684913,1
23424296,0
23483145,1
23363555,1
22918838,1
22979560,1
22404761,1
22676344,1
22493368,1
23676668,1
22655640,1
22648409,1
22631965,1
23759108,0
22949525,0
23535655,1
23006686,0
23677212,0
23379262,1
22431956,0
23084480,0
22828393,1
22820220,1
22994718,0
23063752,1
23600516,0
22712840,1
23263193,1
22628316,1
23166114,1
22965232,1
22376339,1
22497168,1
22555454,1
23682417,0
22404739,1
23053326,1
23270936,0
22895756,1
23279377,0
23578022,1
22374171,0
23622706,0
23593946,1
23135952,0
23625569,0
23170201,0
22990989,1
22990267,0
23237757,0
22495861,1
23573619,0
23759887,0
23428766,1
22546267,0
23229770,1
22745910,1
22602766,1
23264353,1
23647749,1
23195085,0
22957051,1
23658351,1
23009394,1
23023674,1
23650901,0
23663999,1
23214534,1
22473834,1
23330072,1
22914654,1
22528473,1
23160954,0
23593266,1
22750824,0
22883816,1
22776371,1
22833438,1
23059535,0
23150274,1
22398027,1
22460239,0
23401069,0
23666566,1
22434793,1
22555709,1
23060196,0
23675541,1
22744437,0
23605727,1
23217718,1
22395869,1
22759095,0
22492749,1
22455595,1
23388124,1
22766540,1
23348799,1
22794655,1
23729393,1
22622031,0
23178152,1
22702382,1
23200628,1
23043947,0
23696435,0
22624427,0
23650912,1
23423173,0
22895024,1
23167333,0
22696577,1
23141845,0
23551215,0
22858854,1
22714913,0
23666453,0
22512767,1
23544490,0
23489112,0
23521582,0
22821897,0
22853754,1
23647865,1
23073407,1
23362658,1
22568248,1
22576535,1
22777532,0
23634272,0
23746074,1
22740586,1
23178834,1
22613035,0
23634811,1
23552642,0
23447274,0
23724517,1
22616150,1
23543169,1
23468752,0
22962177,0
23490425,0
23015273,1
23483217,1
22926277,1
23249287,0
22434576,1
23634210,1
22560443,0
23627402,1
22541536,1
22892395,1
22354537,1
23199529,0
22755224,1
22903587,1
23718665,0
23250478,0
22742524,1
22565082,0
22381792,1
22413378,1
23532350,1
23294157,1
22832267,1
22764717,1
23637854,1
22874097,0
23182177,1
22821321,0
23276013,1
23421925,0
22381825,1
23247786,1
22810385,1
23051247,1
23054153,1
23269180,0
23403088,1
22602929,1
23594358,1
22864991,1
22715135,0
22854574,0
23197671,0
22463041,1
23045909,1
22442624,1
23333248,0
22878503,1
22923298,1
23324236,1
23095149,0
23620430,0
22889208,1
23178733,0
23033949,0
22813257,1
23120948,0
23346578,1
23244604,0
23343267,0
23023559,1
22497378,0
23372068,1
22744369,1
23581200,1
22490028,1
23200700,1
23465067,0
22753650,1
23523323,0
23572937,1
22697384,1
23333296,1
22705181,1
22811486,0
22409767,1
22461150,1
22627195,1
23011079,0
22645947,0
22712688,1
23737776,1
22421260,0
23258935,0
23020979,1
23307317,1
22660560,1
23500111,0
22886475,1
22752578,1
22390672,1
22520680,1
23097742,0
22370638,1
23528232,1
22850719,1
23211488,1
22971690,1
23533218,0
23514433,1
23085535,1
23017350,0
22637103,1
23516925,1
23166319,0
23600076,1
22497145,1
23219732,1
23062663,1
22905043,0
22764233,1
22568034,1
22341687,1
23338611,1
23649584,0
22891385,0
22453867,1
22967471,0
22726809,1
23036035,1
23387032,0
23123002,1
23160250,0
22404731,1
23317633,1
22827022,0
23709048,1
23539822,1
22798781,0
23177576,1
23480159,0
23252051,1
22905025,1
22925918,0
22735097,1
23236638,1
23452239,0
22692524,1
23544735,0
22923194,0
22614835,0
22927340,1
22522919,1
23757359,1
22537786,0
23270765,1
23314401,1
23737826,1
23102712,1
22720059,0
22910503,0
23251645,0
23579227,0
23199408,0
23346204,1
22819128,1
22894451,0
23458668,0
23287806,1
22509190,1
23228548,0
23474666,1
22880443,1
23561481,0
22533503,1
23209833,1
23629601,0
22894713,1
22418090,1
23111105,1
23413179,0
23077916,1
23172039,0
22424761,1
22563278,1
23375502,0
22725484,1
23383924,0
23206279,1
22659021,1
23052427,1
23351500,0
23661591,0
22425873,1
23327451,1
23531299,0
23377345,0
23424513,1
22361976,1
23160059,0
22577903,0
22683133,1
22625552,0
23159327,0
22876851,1
22466843,0
22916983,1
23714768,1
23755714,1
23628148,1
22614358,1
22698297,0
22772284,1
22437996,1
23755401,1
22420908,1
23056618,1
23387451,1
23720130,0
23665110,1
23467543,1
22832357,0
22771403,1
23362486,1
23419601,1
22422658,0
23246232,1
23188892,1
23511326,0
23521882,1
23642459,0
23388018,1
22431764,1
23176571,1
23469899,1
23124084,1
22528463,0
23743949,1
22603732,1
22629675,1
23107932,1
22461593,0
23700092,1
22769601,1
22549273,0
23362391,1
23195674,1
22810693,1
23435359,0
22555486,1
22603939,1
22333542,1
22535293,1
22711467,0
23705191,1
23653879,0
23119451,1
23076580,1
22736886,1
22601135,1
22357247,1
23520360,0
23382955,1
23103453,1
23230428,1
23128567,1
23333961,1
23339668,0
23451247,0
23482158,0
23564928,1
22644744,0
22547961,1
22753701,1
23513766,0
23589234,0
23194176,0
22868575,0
23073138,0
23673550,0
23562499,1
23487850,1
22449446,0
22545367,1
22388269,1
23347925,1
23613882,0
22952936,0
22891019,0
23157250,1
22912048,0
23304208,0
23237490,1
22811530,1
22802468,1
23228631,0
23607718,0
23412616,1
22633876,1
22386388,0
23005416,1
23719296,0
23185947,1
22409002,1
23497841,0
23587408,0
22456358,0
23690930,1
22799985,1
23709210,0
23681221,1
23302270,0
22573324,1
22616907,1
22536351,1
22925751,0
23141979,0
22760222,0
22362005,0
23179095,1
22553411,1
23021763,1
22738193,1
23203289,1
22549155,1
23198481,0
23068730,0
23526718,0
23707639,1
22556369,1
22547126,0
23448253,0
23381867,1
23641709,1
22754450,1
23740304,1
23101111,1
23028061,1
23052248,0
23167131,0
23714040,1
22339985,0
22499737,0
22964685,0
23589565,1
23334974,1
23078234,0
23514707,0
23471870,1
23701240,1
22804121,1
22996119,0
22381754,1
23250250,0
22981300,1
22645959,0
23466086,1
23617426,0
23202646,1
23018003,1
22368153,1
22890858,0
23742252,1
23134093,1
23554552,1
23730163,1
22363275,0
23029417,1
22673617,0
23459754,0
22526387,1
22715630,1
23486338,1
23691478,1
22395945,1
22821134,0
22796781,1
22612052,1
22648992,1
22851052,0
22973232,0
22789176,1
23304405,0
22943134,1
22536228,1
23414836,1
23077790,1
22346214,1
23583252,0
23586612,0
23598466,1
23631651,0
22338823,1
22982262,1
22923775,1
23566292,1
23097620,1
23364942,0
23746202,1
23325167,1
22788955,1
22958309,1
22735792,0
23079343,1
22378820,0
23441322,1
23349453,0
22895973,1
23269321,1
22938535,0
23372719,1
23074574,0
23354886,1
23486888,1
22574472,0
22551791,0
22941399,1
23433501,1
23721291,0
23714597,0
23129940,1
23098954,0
22385616,1
23298950,0
22683454,1
23130302,1
23484330,1
23177222,1
23351640,1
23082252,1
23688114,1
22923308,1
23401435,0
23349547,1
23513736,0
22642099,1
23688937,0
23030306,0
22693595,1
22658247,0
22787992,1
23451820,0
22987810,1
23117346,1
23607395,1
23374804,0
22841648,1
23252040,1
22577426,1
23072059,1
22743569,1
23537178,0
22351193,0
23440499,0
22495785,0
22460312,0
23269242,1
22457421,1
23412490,1
22867042,1
23283440,0
23427381,0
22636499,1
23175543,1
23035240,1
22752371,0
23212555,1
23022936,1
22443606,1
23113785,1
23412584,1
23171595,1
23521592,0
22961554,1
23745979,0
22511868,1
22955813,1
22822062,1
23188611,1
23676018,0
23181901,0
22841140,0
22636530,1
23672651,1
22585159,1
23542337,1
22666717,1
22739506,1
23384735,0
23578867,0
23430695,0
23427768,0
22638813,1
22605690,1
22724774,1
22633291,1
23658667,0
23670782,1
23410885,0
23428895,1
22438689,1
23680818,1
22780609,1
23662773,1
23388330,1
22453508,1
22331233,1
22728168,1
23041870,1
23213128,1
22779453,0
23005533,1
23224854,1
23214984,1
23357354,1
23113686,1
22763864,0
22673618,0
23042166,0
22514906,1
22861905,0
22765060,0
22842264,0
22855057,0
22428290,1
23607296,1
23666165,1
22553369,0
22725975,1
22605629,1
23281486,0
23581564,1
22468809,0
22863648,1
23342157,1
23201428,1
23692169,0
22380939,1
22674245,1
23142878,0
22882365,1
22913176,0
23099109,0
22788050,0
23442360,0
22421754,0
22361215,1
23235999,1
23655973,1
22972985,0
23538667,1
23659579,0
23380174,1
22702423,1
23493029,1
22782511,0
22747240,1
23354676,1
22593501,0
23232660,1
23483129,0
23718991,1
23262145,1
23007783,1
23702384,1
23360457,1
22775917,1
23427658,1
23467672,0
22329262,1
22568675,0
23044831,1
23350517,1
23570162,1
23635951,1
22686812,1
23493176,1
22539381,1
23708171,1
23684909,0
23622071,0
23222842,1
22928526,1
23628716,1
23256243,0
23430887,0
22558930,1
22943892,1
23151075,1
23307162,0
23665781,0
23084483,1
23194040,1
23519599,0
22655083,1
23698007,1
23019916,0
23542576,1
22664297,1
22490231,0
22364115,0
22406739,0
22688932,1
22576418,1
22966585,1
22586003,0
22732755,0
23030682,1
22878217,1
23347735,1
22527936,0
23566450,0
23259029,1
22673711,1
23462147,1
22505402,0
23606983,0
23318795,1
23515745,0
23593867,0
22440040,1
22758792,1
22622431,0
23054508,1
22829315,1
23152885,1
22987271,0
23283135,0
23295313,1
23444095,0
23694916,1
22468408,1
22616356,1
23264257,1
23290534,1
22910259,0
22720210,1
23699006,0
23098822,0
22932444,0
22832087,0
22628257,0
23068121,1
23392532,0
22575277,1
22733064,0
23616375,0
22365527,1
22435769,0
22684386,0
22693220,1
23104927,1
23122816,1
23479222,1
22379640,1
23416912,0
22964350,0
22895531,0
22882096,1
23029921,1
23056877,1
23365713,1
22666019,1
23294761,0
22409133,1
23602705,0
22647333,1
23137833,0
23246107,1
23643055,0
22782473,1
22512265,1
23364985,0
23382377,0
23311038,0
22630347,0
23044168,1
23582840,1
22804917,1
22712068,1
23406789,1
23607591,0
23129468,1
22605337,1
23413751,1
22756013,0
23295654,1
22990887,0
22406056,1
23503037,0
22509156,1
23496406,1
23120532,1
23603101,1
22493404,0
23312847,1
23269588,0
23550101,1
23508015,0
22601022,0
22802985,1
23183802,1
23035320,1
23349118,1
22750118,1
22769241,0
23277117,1
22818741,1
22791962,0
23626471,0
23516105,0
23062938,1
23331375,1
23658348,0
23593482,0
22527997,1
23712768,1
23307897,1
22705956,1
22981597,1
23354683,1
22517507,1
23550995,0
23424967,1
22478588,0
23112610,1
23511509,1
23492921,0
22503523,0
23214222,1
22901424,1
23728543,1
23016958,1
23249968,1
22584426,1
22733718,0
23327172,1
22777128,1
22987671,1
23202834,0
22426432,1
22410909,1
22758925,1
23201980,0
22800985,1
22984274,0
23609306,0
22580196,1
22783779,1
23310410,0
23482277,1
23648653,1
23113400,1
22483575,0
23626846,1
22439599,1
23756119,1
23015560,1
23171269,0
23100827,1
22614917,1
22433046,1
23027847,0
23495057,0
22623004,1
22637375,1
23013407,0
23722052,0
23557238,1
23424748,0
22672776,1
22995059,1
22907079,1
22657173,1
23592491,0
23023257,0
22484933,0
23656577,0
23069358,1
22835525,0
22334893,0
23607651,1
23395965,0
23404838,1
23550533,1
22409513,1
23363427,0
23391942,1
22836758,1
23313563,0
22819945,1
23240300,1
22928113,1
23279808,0
23075796,0
22497263,1
22521032,1
23314678,1
22798780,0
22815451,0
22445936,1
22505467,0
22692663,0
22793107,1
22486704,1
22514736,1
22355893,0
22368945,0
23028201,0
23059916,1
22802452,0
23561804,0
23327212,0
22917601,1
23640597,0
23115346,0
22700670,1
22839658,1
22678341,1
23648819,0
23408172,0
22993659,0
22413687,0
23257200,0
23031226,1
23264236,0
23467068,1
23064222,1
23011284,1
23555191,1
23449479,1
22490477,1
22375730,0
22995958,0
23399120,1
22376682,1
22945296,0
22960434,0
22812489,1
23750121,1
23442253,0
23518727,0
23697918,1
23494857,1
23120475,1
22636954,1
23757584,0
23113574,1
23231357,0
22472407,0
22925577,1
23669201,1
23081151,1
23162926,1
23416376,1
22412615,1
23438137,1
23028579,0
23000323,0
23500489,1
23589300,1
22701728,1
23174180,1
23157177,1
23689843,1
22734277,0
22372868,0
23084032,0
22835052,1
22612451,1
22735991,0
22727016,1
22691752,1
23726340,0
22773029,1
22780538,1
22567831,1
22905198,1
22332382,1
22356781,1
22752372,0
23096257,1
23225472,1
22655295,1
23521776,1
22542995,1
23706863,1
22719704,1
23658884,1
22871108,1
23442900,0
23125440,0
23436135,1
22864304,0
23313926,1
23633765,1
23269681,0
22839029,1
23697497,1
23728288,0
23280971,1
22655053,1
23551983,1
23570255,1
23758894,1
22861233,1
23444410,1
22345426,1
22792666,0
23439388,1
23603393,1
23578907,0
22834710,0
23593907,1
22400763,1
23577926,0
22967313,1
23216675,1
23594605,1
22741700,1
22685218,1
22767631,0
23581602,1
22706308,1
23364697,0
23338034,0
23596402,0
22585073,1
23702887,1
23091707,1
22440006,0
23188327,1
23711203,0
23302319,1
22434844,1
22672909,1
22792080,0
23261182,1
23697334,1
22922061,1
22678830,0
23422155,1
22374503,1
22520893,1
23417502,1
22956564,0
23242735,0
22614210,1
23158061,0
23318458,1
22655601,1
23442636,1
23127374,1
22479720,1
23422771,0
23353221,1
22926307,1
23671605,1
22337446,0
22535470,1
23076814,1
22761950,1
23135194,0
23089806,0
22399207,0
22576972,0
23650007,0
22585605,1
23191413,1
23704867,1
22356902,1
23755853,0
22966553,1
22898169,1
22417379,1
23166559,1
23091378,1
22625841,1
23380565,1
23502496,0
22481159,0
22452001,1
23493444,1
23186834,1
23046639,1
22892599,0
22896523,1
22771381,1
22548228,0
22775836,1
22900836,1
22601251,1
23444228,1
22777284,1
23406029,1
22470806,1
22522601,0
23045958,1
22807660,0
22647302,0
23155541,0
23351227,1
23633930,0
23600449,1
23134357,1
23328676,0
23247929,0
22971935,1
23169485,0
22556731,1
22863123,0
23090318,1
22408862,1
22709527,0
23415111,1
23398148,1
23141260,1
23089822,1
23213710,0
23627778,0
23672285,0
23302034,0
22440162,0
23574433,1
23131925,0
23487186,0
23746246,0
22427705,0
23061662,0
23275079,1
22475697,1
23649412,1
22742462,1
23493347,0
23012468,1
23035232,0
23409789,0
22870046,1
23167929,1
23220890,0
23655686,1
22476431,1
23044826,1
22422931,1
22981957,1
23489995,1
23646876,1
22625205,1
22839612,0
22636443,0
22715542,1
23626029,1
23172979,0
23747879,1
22705351,1
22559475,1
22406342,0
22833672,1
22365285,1
22985247,1
23187730,0
22587774,1
22326756,1
23172805,1
23375311,1
22431240,0
23324916,1
22797365,1
22615935,1
23638751,0
22721098,1
22519372,0
22757085,0
22697485,1
23094668,1
22422046,1
22626640,1
23052605,1
22694078,1
22469915,1
22459072,1
22669893,1
23640071,1
22520843,1
23413797,1
23340228,0
22681558,1
23010841,0
22382059,1
22688547,1
22719275,0
23137185,0
23284672,1
23029566,0
23490754,0
22482803,0
22692437,0
22915784,1
23342285,0
23043370,1
23680751,0
23640607,1
22777576,1
22473083,1
22935382,1
23533425,1
23627475,0
23580268,0
23114782,1
22543198,1
22807706,1
23183662,0
22704477,1
23195679,1
22466289,0
22795954,0
23017828,1
23218175,0
22717444,0
22698124,1
23069526,1
23322828,0
23431110,0
23552357,0
23599836,0
22882278,1
22784441,0
23651738,1
22872170,1
22330204,1
22353540,1
23197691,0
22508481,1
23019282,1
22918804,1
22557097,0
23694111,1
22349582,1
22365039,0
23490620,1
22689029,0
23674366,0
23564675,1
22888747,1
22712036,0
23153114,1
23628198,1
22868965,1
22425907,1
23380180,0
23415027,1
23054636,1
22882197,1
23035381,0
22516149,0
23634037,1
23076224,0
22512777,0
22377107,0
23243739,1
22699120,0
23327803,0
22671263,1
22626451,0
22907355,1
22908318,1
22781689,1
23370673,1
23268528,0
22796872,0
23467609,1
23081412,0
23583718,0
22780289,1
22445668,1
22545613,0
23039900,0
23416947,1
23439524,1
22903465,0
23340812,1
22509283,1
23629778,0
22719609,0
23473880,0
23166207,0
23045288,1
23102727,1
23209993,0
23375694,0
22990946,0
23299361,1
22500805,1
22792134,1
23748873,1
23118961,0
23576347,0
23113461,1
23639919,0
23395313,1
23032760,1
22423103,0
22959925,0
22356585,1
23448988,0
23149866,0
22684674,0
22616753,1
22400046,0
23571177,0
22973299,0
22623295,1
22371326,0
22583834,0
22437948,0
22781394,0
23434465,1
23568384,1
23026667,0
23283255,1
23675084,1
23309063,0
23388769,1
22933425,0
22597965,1
22794306,1
22854191,1
23413453,0
23633037,0
22592512,1
22687784,1
23151578,0
23378699,0
23576491,0
23386184,1
23253777,0
22785437,1
23360709,0
22487896,1
23604210,0
22533795,1
22928915,1
23145902,0
22818461,1
22869624,0
22678040,1
22893932,1
23584582,0
22727145,1
22600631,0
23553645,1
22681030,1
22847599,1
23148870,0
22811968,0
22793643,1
22935031,0
23423757,1
22478360,1
23485357,0
22784185,0
22327796,1
23589726,0
23251646,0
22387003,1
22504092,0
22865726,1
22861681,1
23016570,1
22763532,0
23724156,1
23195256,1
23020878,1
22840437,0
22990453,0
22855450,0
22425641,0
23637272,1
22500607,1
23033302,0
23734392,1
23475489,1
22950375,1
22528329,0
22592800,0
22744791,1
23168815,0
22662187,0
22594004,1
23207440,0
23720379,1
23532603,1
23430003,0
22820213,1
23317195,0
22892889,1
23247923,1
22370901,0
22862791,0
23655561,1
22440623,1
23757443,1
22564777,1
23743723,0
23386911,1
22711920,0
23535591,1
22439755,0
22384329,0
22878953,1
23742524,0
23704656,1
22986768,1
23121011,1
22783798,1
23638879,1
22616543,1
23475485,1
22774595,1
23135131,0
22863950,1
22483208,1
23245304,0
22810308,1
23407230,1
23458921,0
22616196,0
23338994,0
22775754,1
22821021,1
22327470,0
23474227,1
22497881,0
22791624,0
23647207,1
22327430,1
22997146,0
22817832,1
22682739,0
23202235,1
23170784,0
22912329,1
23558042,0
23314509,0
22466228,0
22978921,0
23687760,0
23512019,1
23240387,0
23098808,0
22874832,1
23565105,0
23066289,0
23193568,0
23172959,1
23736126,1
23010182,0
22637400,0
22435089,1
23530538,1
22546870,1
22816684,1
23451866,0
23213748,1
23091692,1
23029006,1
22532907,0
22373103,0
23492300,1
22664688,1
22842069,1
22468952,1
23388920,0
23356205,1
23659940,0
22874703,1
22448129,0
22862054,0
22453583,1
23189522,0
23562377,0
22614106,1
23038492,1
22710121,1
23237412,1
23215021,1
22730403,1
22792127,0
23177428,1
22395831,1
22796245,0
23422120,1
23407456,0
22752845,1
22698554,0
22815718,1
22608814,1
23215207,1
22654532,1
23121496,1
22485893,1
23673974,1
22794453,1
22597603,1
23065168,1
22792170,1
23032889,0
23339569,1
23256735,1
23418713,1
23309000,1
23647147,1
23536677,0
23362679,0
22915272,1
23528788,0
22777725,0
22958034,1
22700445,1
22993636,1
23322329,0
23161204,1
22856269,1
22418094,0
22581556,0
23376936,0
22466765,1
22882419,0
22644216,1
23147190,0
23093839,0
23279896,1
23212428,1
22684486,1
23144905,0
23619024,1
23028857,0
23614426,0
22361964,1
22872298,1
22948751,1
22374553,0
22888115,1
22424740,1
23570396,0
22866816,1
23184065,1
23086721,0
22554494,1
22884744,0
22824098,1
22439155,1
23171757,0
23085319,0
22430015,0
23080875,1
23120103,1
23127280,0
22688007,0
22743188,1
23645513,1
22572182,1
22980958,1
23356369,1
22758834,1
22961337,1
23641101,1
23741551,0
23466918,1
23328224,0
23679198,1
23260558,1
22776071,1
23223277,1
23146795,1
23658701,0
22720908,0
22795670,1
23156371,0
23722834,0
23074277,0
23128530,1
23546066,1
22839321,1
22371134,1
22841809,0
22925055,1
22483294,1
23527084,1
22521688,1
23527484,1
22898167,0
22903519,0
22827034,0
22928555,1
23196164,1
23008369,0
23678890,0
22372463,1
22829927,0
23441672,0
22982276,0
23046969,1
23289685,0
22713175,1
23238862,0
23578428,1
23306120,1
22688669,1
23300444,1
23717152,1
23420215,0
22731221,0
22357716,0
22570784,1
22713123,0
22329971,0
22732157,0
23252092,0
22510297,1
23754733,1
23024162,1
23538316,1
23395444,1
23028209,0
22731486,1
22612579,1
22988250,1
23287083,0
22432336,0
23299975,0
22422271,0
23098857,1
23098844,0
22423486,0
22506842,1
22529347,0
23557621,1
23276881,1
23082280,1
23157047,1
23441735,0
23129753,1
23118862,1
22606086,1
23184717,1
23527641,0
23307249,0
22527190,0
23534037,1
22938399,1
22787378,0
23656350,1
22723066,1
23210133,1
23322382,1
23493539,0
23342809,1
22764194,0
23286427,1
23604968,0
23678287,0
22954661,0
22821207,0
23058467,0
22756152,0
23602501,0
23388497,1
22906850,1
22934298,1
22893388,0
22602458,1
22561013,1
22867676,0
22444479,1
22550958,1
23206625,0
22357076,1
23143475,1
23179626,1
23017548,1
22883575,1
23457573,1
23151100,1
22599899,0
22592395,0
23395784,1
23482931,1
23079670,0
23594926,1
23269318,1
22501465,1
22739543,1
22347841,1
22632125,1
22807739,1
22466261,0
23226870,0
22661375,1
23554111,0
23429715,0
23359614,0
22328444,0
22786577,1
23290116,0
23182169,1
22710809,0
23520731,0
23757787,0
23611066,1
23038853,1
22831020,0
22985155,0
23417292,1
22556278,1
23478145,0
22502524,0
23217214,1
23375288,0
23340320,1
22764274,1
22664928,0
22706403,1
23050652,1
23598110,0
23653199,1
23619029,1
23079808,1
22400610,0
23369047,0
23603335,0
22765527,1
23564639,0
22326767,1
22666476,1
22989785,0
23195164,1
23664526,1
22596853,0
22507719,1
22963864,1
23095318,1
22585389,1
23716649,0
22559953,1
22560950,0
23663604,1
23596523,1
22567575,1
22604531,1
22684140,0
23072991,1
23577638,1
23516382,0
22937631,1
23043598,0
23636997,1
22405066,1
23683071,0
23754007,0
23329438,0
23395611,0
23469939,1
22413909,1
22643973,0
23591059,0
23155411,1
23617883,0
22508073,1
22635165,0
23166129,1
22493336,0
23661831,0
22943584,1
22627216,1
23265158,1
23196769,1
22694730,0
22970449,0
23616594,1
23636165,1
23354034,1
23259737,0
23115812,1
23044727,0
23413128,1
22893568,1
22541589,0
22530349,1
23677245,1
22601746,1
23134682,1
23070008,1
23522225,0
23596031,0
22872705,1
22829687,1
22873381,0
22888695,1
22794209,1
23710302,1
22446027,0
22724006,0
22873166,1
23118857,0
23688800,0
23017058,1
22427955,1
22987061,1
22359531,0
22950140,0
22436722,1
22951440,0
22829650,0
23740318,1
22993844,0
22543222,1
22410933,0
22500359,1
22504681,1
23034413,1
22584478,1
23711045,1
23120410,1
22354791,1
22570758,0
22410735,1
23487126,0
22790659,0
23388402,0
23153178,0
22527503,0
22382022,1
22831209,0
22441318,1
23461238,0
23614427,0
23551062,0
22510890,0
23395059,1
23254808,1
23157238,1
22677543,1
23376941,1
22471054,0
23735573,1
23040384,1
23264253,0
22951388,1
22458329,0
23691631,0
23546359,1
23602280,1
22924568,1
22489123,1
23280949,1
23679561,0
22333447,0
23675953,1
23712496,1
22512062,0
23328091,1
23115714,0
23393909,1
22763074,1
23129647,0
23582339,1
22721709,1
23287283,1
22448324,1
22624980,0
22663750,1
23710403,1
22418259,1
23531929,1
23458261,0
23078195,1
22558394,0
22609079,1
23594431,1
23176597,0
23447312,1
23312535,1
22590977,0
22595379,1
23249321,1
23340023,0
23560894,1
22900998,0
22702800,1
23510561,0
22799811,1
22378146,1
22506388,0
23536096,0
23073653,1
23399475,0
22461146,1
22736471,0
23543208,1
23461973,0
23553111,0
22379554,1
23591601,0
22780693,0
22754721,1
22855232,1
23640305,1
23493397,0
23475892,1
23645560,1
23032041,0
22853622,1
22838346,0
22447847,1
22553954,0
23647315,1
22353333,1
22522654,0
23731474,0
23256853,1
23751178,0
22747623,0
22898738,1
23353723,0
22431304,0
23424395,1
23685815,1
22744261,1
22792848,1
23287917,1
23255460,1
23378633,0
22893652,1
23573129,1
22747741,1
22562574,1
23233372,1
22491586,0
23157300,0
23539492,1
23693160,1
22434736,0
22660718,1
23437293,0
22469653,0
23235145,1
22678889,0
23263107,0
23553369,1
22385127,0
23280529,1
23115887,1
22869333,1
23104082,1
22809845,1
22655378,0
22741692,1
23470281,1
23686628,1
23723529,0
23632704,0
23523318,1
22428793,1
22928196,1
22889016,1
23297679,1
22371665,1
23286526,1
23202254,1
23751423,0
22738632,0
23503681,0
22717129,0
23185174,1
22792305,1
22472765,0
23081656,1
22650156,1
23312025,0
22656532,0
22560238,1
22821429,1
23124853,1
22943939,1
23476141,1
22894551,1
23681037,0
22359617,1
23309559,0
22613837,0
22514401,0
22587383,1
23190104,0
22327081,0
22921895,1
23692737,0
23535542,0
23496908,1
22691329,1
23396408,1
23621264,0
22861441,1
23562765,0
23713332,0
23611064,0
23307852,1
23299709,1
23148412,0
23481212,1
23248480,0
22562825,0
22438164,0
22867247,1
22928784,0
23699859,1
22449008,1
22548326,1
23474820,0
23590316,1
23330834,0
22905253,0
23537578,1
22400397,1
22680154,1
23149962,1
23726841,0
22451696,1
22970228,0
23532933,1
22565569,0
23191616,1
22842770,0
23154845,1
22718722,0
23208940,1
22767146,1
23284570,0
23604820,0
23415740,1
22865017,1
23729337,1
22931157,1
23014088,1
23710533,1
23387181,1
23724459,0
22340901,1
23003131,1
22642843,1
22822284,1
22837028,1
22650612,1
22708182,0
23729303,1
22621747,1
23393735,0
23291823,1
23027746,0
23287152,0
22771354,0
23662539,1
23166992,0
23561869,0
23394383,1
22479795,0
23288498,0
22803546,1
23215577,1
22631251,0
23193082,0
22380170,1
23089785,1
22671355,1
23413423,0
22538033,1
23616916,0
23334073,0
22832250,0
22576031,0
23573903,1
22519199,1
22381736,1
23700144,0
22719136,1
22831574,1
23573646,1
22668388,0
22667279,1
22833507,1
23148926,0
22419642,1
22622984,1
22761307,1
22591968,0
23540877,1
22947703,1
23315458,1
22864695,1
23661947,1
22466702,1
23458245,1
23662205,1
22873147,1
22713043,0
23547057,1
23023233,1
22486762,0
23268506,1
23371812,1
22662002,0
23224996,1
23302305,0
22894020,1
22466512,0
22376693,0
22690124,1
22816967,0
23695640,1
22509305,1
23460365,0
22395210,0
23646560,0
22593359,1
22464708,1
22831762,0
22538523,1
22983602,1
22600121,0
23316382,1
23213050,0
22856044,1
22912939,1
23759236,0
22998710,0
22722238,0
22669882,0
22815503,1
22340948,1
23648693,0
23439802,1
22900733,1
22700106,1
22888876,1
23368370,1
23695261,0
22447281,0
22952799,1
22907074,0
23715850,0
23525005,1
23148405,1
23396958,1
23502326,0
22451156,1
23559895,1
23061905,0
23132018,1
22870345,0
22961442,1
23289289,1
23490186,0
23098179,1
22443539,1
22443984,0
23574771,1
23747426,1
23647215,0
23028556,0
22645869,1
22460905,0
23311711,1
23228234,0
23233429,0
22715202,1
23674503,0
22420606,1
23309725,1
22694030,0
23569275,0
23197265,1
23323001,1
23090518,1
23696062,0
23105747,1
22943522,1
22644423,1
22575160,1
22742288,1
23598105,1
22906454,1
23383299,1
22563721,1
23612007,0
23377145,1
22621564,0
22556796,0
23761163,1
22552527,0
22857283,0
23430990,0
22373920,0
22352785,1
22457168,0
23033563,1
23541969,0
23242165,1
22868821,1
23635426,1
22348909,1
22558569,1
22931740,1
22443831,0
23031682,1
22343314,1
23150449,1
23548445,1
22781340,1
22602839,0
22639608,1
23291670,0
23143921,1
23002748,0
23335624,1
23688736,1
22345226,0
22744162,1
23582934,0
22921756,0
22866462,1
22854514,1
22886956,1
22778491,0
22526713,1
23306689,1
23611031,0
22626646,0
23658470,1
23563288,1
23020561,0
23332296,1
22886674,1
23102458,1
22787383,1
22697389,1
23077800,0
23437042,1
22481935,1
22806595,1
23072349,1
22370784,1
22551068,1
23239726,1
22744332,1
22786906,1
22485691,0
23334863,1
22345997,1
22681171,1
22725088,0
23051936,1
22542192,1
22686907,1
23270871,1
23430623,0
23592915,0
23117645,1
22975581,1
22378359,1
23083243,0
22849057,1
23043144,1
23283356,1
22641607,0
23692776,0
23111655,1
22893944,1
23291471,1
22749035,1
23173333,1
23469111,0
22701508,0
23010373,1
22534321,0
23506752,1
22872154,1
22875095,0
22450399,0
22439214,1
22782604,0
22573410,0
23733853,0
22383673,1
22353240,0
23570771,0
22851182,0
23444144,0
22798660,1
22476741,1
22361627,0
23441500,0
22741133,0
22712111,1
22445778,0
22400998,1
23428620,1
22670660,0
23294352,0
22727140,1
22938678,1
22600660,1
23675903,0
22531861,1
22865771,1
23109216,1
22553889,1
23050685,1
22463447,0
23230047,1
22833948,1
23689490,1
23284627,0
22939792,1
23530990,1
23422534,0
22877092,0
23221319,0
22458640,1
22437640,0
23518894,0
22650999,1
22406879,0
23643432,0
23740701,0
22726827,1
23074330,1
22594216,1
22763284,1
22730786,1
23422458,0
23722795,1
22841163,0
23121642,0
22569645,1
22773438,1
23689724,0
23531545,1
23738967,0
23001299,1
22882675,1
23739145,1
23510975,1
23739027,1
22769222,1
23084967,1
23296055,0
23599208,1
22688718,1
22615175,1
23121569,1
22923336,1
22624049,1
23201895,1
22547646,1
23044455,1
22678575,0
22434115,1
23369396,0
22994358,1
23031166,0
22342314,0
23353547,1
23391089,1
22401551,0
23403167,1
22798335,1
22701921,0
23635830,1
23089579,1
22461710,1
23010432,1
23371648,1
23582293,0
23196141,1
23140176,1
23418899,1
23227401,0
22756526,1
23003222,1
22531781,1
23505649,1
23029567,1
23065358,0
23266204,1
23590852,0
22990843,1
22842740,0
23719615,1
22477526,0
22649637,1
23411549,1
23049944,1
23516553,0
22622419,0
23537628,1
23370284,1
23467995,0
22756540,1
22573274,1
23750419,0
22724572,1
22715038,1
22849655,1
22961143,1
23588070,0
22873396,0
22774300,1
23218963,0
23707712,1
23731356,0
23511949,1
23360743,0
23052283,0
22888931,1
23313718,0
22569224,1
22601946,1
22511467,0
23009005,1
23357977,0
22614832,0
23463854,1
22533618,0
22439278,0
23300113,0
23072751,1
23528037,1
23254903,1
23159294,0
23215832,1
22735349,1
22801010,1
22682888,1
22614810,1
23619233,1
22661999,1
23333832,0
23748645,1
22611557,0
22577988,1
22997487,1
22873070,1
22774426,1
23384747,1
22830262,0
23717468,1
23482893,0
23253766,0
23284013,0
22409413,1
22419420,1
23106708,0
23063128,1
22657503,1
22959636,1
23096492,0
22759310,1
22486297,0
23261316,0
23159981,1
23680471,1
23192394,1
22748867,0
22408471,1
22573390,1
23094672,1
22666179,1
22754257,1
23046088,1
23464764,1
22655867,0
23391211,1
22424356,0
23444475,1
23271129,0
22543776,1
23615705,1
23509518,1
22420733,1
23275868,1
22745190,0
22564556,1
22485538,1
23637291,0
22558140,0
22653167,0
22685840,1
23709042,1
23497667,1
23131034,1
23369165,0
22436980,1
23552328,0
22400458,1
23411081,1
22745488,0
22477668,1
22802630,1
23074636,1
23758226,1
22556825,0
22659752,1
22997417,0
22655720,1
22601605,0
23549950,1
22683572,0
23508405,0
23582560,1
23730727,0
22630821,0
23335279,1
23122717,1
22481215,0
23059783,0
23573229,0
23421577,1
23491420,1
22813743,1
23413398,0
22502980,1
23440677,1
23605339,1
23736508,1
22485379,0
22719457,1
23537506,1
22730823,0
23025368,1
23268557,1
22958192,1
22707880,1
22711209,0
23346724,1
22654976,1
22751489,1
23017177,0
23236620,1
23102192,1
23348665,1
23125592,0
23643712,0
23632269,1
23171117,0
23127158,0
23390445,1
23671297,0
22876865,1
23144785,0
22632936,1
22614647,1
22797305,0
23329095,1
23597396,0
23596257,0
22574809,0
23503146,1
22886315,1
22659501,1
23328992,1
23666602,1
22379203,1
22753830,0
22864625,0
22956852,1
23216091,1
22929363,0
23055992,0
22674483,1
23120055,1
23110166,1
22447190,1
23511664,1
22705190,0
22582819,1
23060244,1
23470872,0
23164140,1
23448092,1
23112815,0
22597158,0
22981525,0
23098412,1
23738537,0
23100955,1
23444490,0
22614012,1
23233778,1
23561370,0
22399208,0
22673160,1
23435076,1
22420936,0
23701177,1
22495429,1
22707027,1
23684927,0
22569319,0
22708891,1
22603742,1
22682442,1
22890692,0
22723746,1
23216162,1
22555840,1
22337389,1
23471020,0
22710991,1
23363962,1
22964999,0
23060598,0
23597809,0
22727469,0
22381289,1
22471677,0
22340873,1
22889046,1
23280170,1
23141995,0
23520448,1
22959964,0
23673504,1
22860375,0
23530123,0
22397580,0
23428065,0
22507043,1
23256067,1
22527406,1
23001828,1
23161172,1
23175273,1
22562351,1
22577543,1
23453324,0
23590904,0
22504977,1
22414072,0
23004789,1
23122394,1
23746634,0
23077433,1
22608312,0
22828754,0
23250908,1
23470829,0
22770073,0
22887432,1
23475374,0
23040464,1
23739901,0
23164556,0
23423387,1
23121991,1
23530269,1
22476321,1
23047911,0
23434642,1
22456839,0
23361737,0
23516577,0
23252631,0
23698912,0
23307358,1
23234731,1
23735770,1
23696061,1
23530208,1
22579171,0
22339636,1
22894845,1
23201121,0
22438037,1
22634234,0
22493560,1
23473139,0
22816375,1
23152079,1
23425663,0
22871640,1
23414123,0
22768215,0
22745433,1
23660898,1
22636340,0
22453026,1
23205452,1
23759552,0
23756027,0
23110812,1
22603882,0
22837453,1
23477353,0
23089391,0
22835794,1
23036889,1
22723394,0
22434790,0
22477524,0
23249390,1
23279356,1
22602861,0
22700321,1
23174524,0
22973242,1
22649211,1
23355537,1
23267928,1
23245741,1
23020417,1
22725889,1
23182546,1
22921721,0
22513085,0
22601492,0
22369502,1
23677228,1
23193528,0
23535009,1
23186830,0
22634794,0
23012504,1
23078864,1
22831451,1
22366445,0
22518256,0
23407126,0
23136018,1
23000799,1
22731971,1
23513920,0
22462919,1
22620272,1
22493504,0
23306944,0
22839386,1
22378250,0
23115924,1
23633932,1
23299881,1
23613289,1
23649318,0
23539075,0
23438390,0
22533448,1
23111346,0
23127083,0
22696961,0
22559520,1
22868054,1
23257929,0
23088017,1
23725003,0
23167359,0
22384076,1
22668639,1
22353583,1
23701087,1
22795340,1
23309089,1
22780758,1
23522363,1
22625160,0
23576713,1
23242297,0
23010782,1
23279721,1
22404201,1
23049124,1
23257920,1
22450076,1
23215498,0
22882896,1
22512149,0
23620561,1
23339205,1
22721186,0
22694932,0
23672511,1
23671814,0
22794100,1
23417289,1
22995190,1
22398570,0
22861183,0
23043881,0
23049090,1
23740487,1
23086880,0
22635063,1
23752102,0
23079048,1
23365374,1
22848447,1
22678134,1
22462185,1
23733679,1
22658583,0
22740741,1
22542173,1
22872215,1
22839377,0
23717402,0
22549408,0
22728147,1
23167428,0
22572114,1
23520564,0
22485362,0
23325725,1
22849830,0
23087699,1
23616006,0
23561573,0
22940057,1
23736526,0
23227455,0
22609713,1
22920863,1
23317522,1
22380950,1
23109504,0
22638604,1
23579655,1
23563489,0
23003667,1
22635337,1
23236965,0
22823418,1
23219408,1
23756500,1
23290832,0
23357696,1
22818082,0
23357511,0
23559333,1
22340811,1
23033967,0
23292592,1
22583760,1
23601524,1
23286434,0
23388122,1
22603994,0
23434127,1
22597598,0
23368302,0
22996125,0
22356654,1
23698863,0
23278123,1
23343993,1
22530810,1
23094618,0
23354345,0
22818831,1
23586698,0
23152426,0
22459212,1
23236145,1
22823995,0
22416270,1
22551920,1
22770261,0
23391166,1
22619313,1
23713144,0
22413771,0
23600582,0
22814587,0
22475171,1
23209264,0
23301829,1
23219535,0
23403392,1
22708480,0
22559581,1
22443202,1
22788978,1
23020819,0
23283465,1
23323009,1
23536548,1
23720830,1
23024115,0
22962647,0
23670942,1
23022085,1
22490933,0
22909499,1
22591365,0
22474590,0
23634536,1
23258284,0
23227306,0
23125712,0
23269192,1
22726383,0
22506591,1
23692891,1
22723784,0
23746110,1
23445727,0
23054268,0
22945456,1
23614953,0
22688992,1
22427212,1
23708230,0
23578486,1
23724878,1
22666117,0
22635194,1
22772605,1
23049419,1
23523383,1
22841448,1
23327830,0
23723517,1
23258590,0
23463285,0
23411235,0
22408869,1
23283063,0
23631201,1
23628021,1
22381411,0
22750956,1
22520350,1
22760871,1
22677675,1
23549836,0
23257136,0
23541314,0
22406057,1
22451294,0
23620942,0
23315570,1
23253581,1
23261430,1
22746038,1
22340009,1
23647491,0
23035760,1
22916976,1
23103145,1
23708978,0
23435710,1
22413441,0
22805265,1
23343671,1
23211959,1
23218046,0
23055306,0
23471249,1
22894952,1
23402333,1
22890301,0
22440249,1
22710724,1
22375805,0
22776841,1
23547315,1
22931412,1
22629494,1
22579490,1
22330724,1
22735647,1
23293699,0
23579120,0
22761279,1
22725941,0
23495398,1
22712923,1
22383125,1
23326692,1
22579457,0
22824951,1
22899542,0
23213107,1
23481197,0
22676032,1
23742845,1
22789019,1
23736578,1
22983012,1
23191079,1
23478523,0
22328963,0
23255304,1
22591196,0
23417997,0
22402647,1
23292814,1
23731279,0
22767581,0
22465023,1
23499114,0
22433166,1
23492348,1
23693496,0
23042345,1
23094164,0
23067353,1
23216313,0
23251083,0
22658207,0
23295015,1
22854099,1
22447262,1
23111317,0
22539652,1
23125274,0
23180273,1
22535992,1
23480376,1
23117942,1
22900273,1
23353569,1
22700666,0
23072551,1
23487959,1
22999935,1
23063588,0
23543607,0
22768508,0
23192715,1
23033020,0
23733956,1
22701018,1
22454750,1
23190910,1
22793565,1
22809201,0
23436926,1
22587324,1
23486056,1
22696896,1
22591520,0
22974223,1
22789669,0
23257831,1
23644447,0
23208736,1
23357946,1
22358959,1
22517684,1
22452483,1
22545922,1
23336603,1
23156560,1
22424876,0
22669739,1
22438573,0
22329868,1
23508571,1
22494710,1
23701287,1
22565674,1
22951311,1
23291058,1
22877410,1
23598260,1
23530590,0
23496397,1
22951307,1
22519745,1
22684706,0
23505043,1
23595105,1
23052347,1
23146901,1
23698931,1
23425319,1
23513273,0
23599648,0
23221092,0
23217338,1
22982885,1
23074037,1
23256457,1
22887676,0
22572164,1
22370342,1
23599263,1
23175472,0
22486973,1
23647840,1
23375492,1
23257209,1
22590107,1
23020978,0
22813625,1
22333000,0
23095975,1
23610968,0
23106714,1
23470916,0
22383383,1
23607655,1
23517131,1
23276298,0
23269437,0
23282072,1
23052418,1
23246999,1
22821029,0
22807863,1
22877186,0
22763492,1
22433071,1
22735131,1
23423122,1
22846986,1
23255005,1
22517758,0
22630956,1
22679121,1
23700776,0
22567365,1
22336495,0
23405121,1
22435778,1
23331222,1
22892779,0
22851906,1
23187275,1
23610804,0
22714601,1
22386815,1
22826754,0
23061317,1
23342879,1
22856613,0
22801078,1
23582817,0
23027008,0
23028587,0
22453915,0
23174959,0
22618996,0
23584966,1
22416428,0
23583661,0
22959548,1
23701205,0
23539963,1
23463333,0
22342953,0
23650697,1
23755029,0
22459975,1
22625456,1
23128861,1
22452140,1
23630900,1
22944058,0
22549297,1
22724413,1
23192406,0
23621840,1
23191767,1
23038271,1
23330907,1
23520599,1
22600402,0
23192192,1
22710248,1
22760591,0
22529364,1
23550320,1
22652568,1
22642879,0
22981180,1
23731776,1
23760605,1
23384277,1
23642986,0
23547844,1
22551098,1
23604207,1
23508283,0
22484141,0
22902436,1
23509876,0
23361683,1
23038350,0
22648917,0
22904823,0
22508304,1
22718737,1
22885654,0
22492768,1
23154770,1
23088759,0
22538487,1
22401214,1
23333643,1
22805141,1
22650543,0
23031822,1
22898950,1
23005400,1
23712762,1
23656097,1
23606689,1
23621887,0
22820129,1
22537028,0
23511345,0
23627173,0
23009330,0
23241981,1
22964285,1
23257782,1
22420420,1
22473034,0
23312507,1
23409686,1
23226450,0
22893774,1
22346232,1
23104996,1
23255479,1
23607939,1
22683674,1
23409833,0
22625562,0
23261887,0
23489205,0
22479054,1
22733277,0
23528049,1
23705571,1
22794199,1
22802106,1
23129264,0
23146745,0
22782393,1
22558511,1
23558314,1
22355892,1
23074549,0
22663860,0
22895416,1
22796935,1
22381086,1
23597184,1
22912687,0
23471471,0
23190927,1
22656520,1
22359776,0
22567947,0
22925238,1
22496303,1
23565372,0
22881887,0
22371410,1
22561875,1
22888302,0
23423193,0
23093694,1
23020304,0
22421179,1
23008465,1
23161054,1
23381461,0
22690901,1
22464171,0
23040611,1
22651743,1
22627682,1
23512079,1
22363201,0
22410954,1
23602158,1
22767352,1
23371097,1
22688151,1
22532100,0
23674907,0
23393884,0
22347211,1
23569745,1
22335943,1
23396630,1
22871983,1
23750454,0
23174504,1
23357816,0
23068183,1
23200689,1
23312771,1
22549267,1
23104451,1
22664850,0
23451153,1
22423516,1
23683026,1
22360236,1
23055790,0
23428452,1
22539977,0
22757619,1
22381182,1
23750672,0
22681598,0
22695588,1
23042754,0
23174403,1
23312178,0
23644512,1
22667053,0
23680699,1
23027897,0
23677516,0
23553410,1
23474042,1
23133425,0
22378766,1
22350623,0
22800225,1
23400166,0
23114105,1
23000452,1
23513776,0
22484484,1
22854799,1
22407217,1
23062169,0
23680116,0
23197961,1
22427453,1
22938245,0
23197126,1
22613338,1
22339507,1
23162363,0
23029215,0
22426367,1
23361029,0
22868561,1
23432324,0
23219015,1
22538808,1
23718217,1
23093557,1
22624846,1
22938334,1
22615334,1
23556360,0
22586497,1
22378340,0
22467882,0
22741144,0
23658813,0
23468330,1
23674154,1
23409093,0
23151147,1
22344077,1
22708332,1
22768161,0
23696571,1
23616349,0
23538673,0
22934350,1
23098541,1
23400627,1
23253520,1
23674223,1
23496203,1
22721097,1
22492547,0
22774846,0
22725824,1
23714975,1
23759493,1
23293437,1
22480115,1
23601809,1
23378437,1
22846306,1
22741941,1
22590940,0
22855886,0
22702934,0
23721385,0
22816523,1
23188742,0
23702908,0
23443460,0
22329480,1
22423487,0
22546457,1
23254611,1
22959985,1
22946194,1
22524951,0
23303082,1
23252359,1
22444957,0
22845981,0
23370236,1
23571741,0
23717540,1
22594049,0
22985998,1
23080718,1
23291799,0
23205421,1
23336668,1
22931497,1
23278490,1
22743608,1
22436939,1
23048646,1
23291475,1
22603017,0
22637975,1
22910222,0
23039980,1
22778881,0
22355516,0
22751231,0
22703624,1
22811534,0
22780114,0
22328534,1
23318598,0
23315188,1
23603707,0
23057355,0
22376862,1
23315122,1
23567129,0
23056749,0
23218708,1
22362801,0
23141733,0
23262274,0
22581856,1
23076402,0
23087178,1
22599823,0
23198291,1
23186223,1
23039801,0
23705324,0
23262692,0
22735920,0
22860724,1
23401683,0
23717107,0
22689666,1
23289635,1
23231891,1
23365967,1
22661975,0
23488521,0
23348765,1
22468407,1
23233230,1
22647874,1
22514579,1
23607288,0
22786097,1
22775256,0
23349713,1
22438938,1
22592027,1
23747735,1
23081747,0
22658499,1
23614080,1
23554383,0
22593446,0
23079905,1
22626852,0
22982762,1
22784882,0
22528429,0
22595793,1
22375781,1
23545995,1
23359832,1
23694373,1
23525654,1
23529509,0
22508102,1
23349771,1
23229750,1
23519531,1
23693458,0
22546411,1
22877733,1
23046060,1
22738523,1
22811286,0
23734247,1
22795040,1
23000830,0
22394057,0
22698564,1
22948097,0
22660206,0
23324296,1
22593969,1
22874330,0
23263920,0
22798120,0
23019725,1
23754045,1
23692272,0
23043385,0
22352009,0
23158810,1
22566087,1
23518051,1
23468564,1
23102507,1
22838728,1
22694095,1
22984333,1
23106649,1
22600025,0
23174724,1
23338417,1
22813009,1
22888921,1
23194883,0
23097342,1
23751486,0
23081731,1
22328120,1
23477905,1
22407923,0
23123038,1
22960432,1
22683756,1
22389255,1
22428693,1
22351699,1
23080392,0
22573687,0
22800775,1
23492494,1
22844234,0
22415741,1
23660883,1
23010209,1
22744069,1
22385539,1
22839313,1
22540950,1
23595458,0
23067650,0
22887270,0
23660216,1
23660180,0
23362558,1
23459545,0
22641600,1
22747402,0
22865680,1
22810859,1
23631744,0
22369059,1
22437177,1
22582310,0
23639088,1
23246725,1
23758466,1
23456500,1
22682228,0
23001833,1
22759879,1
22633572,0
22898432,1
22430667,1
23245344,1
22873313,1
23089982,1
22850052,1
22789179,0
22482490,1
23671354,0
23668499,1
22827600,1
22357751,1
22930179,1
23567549,0
23301222,1
23636007,0
22894314,1
23372908,1
23016488,1
23512459,1
23157418,1
23387986,0
23376144,0
23505342,1
22943516,1
23176358,1
23228616,1
22915643,0
23264734,1
23220266,1
23209395,0
22976647,0
22868691,1
23139729,1
23384004,1
23753912,0
22909048,1
22459520,1
22346228,1
23348510,1
22627459,0
22748379,1
23384713,0
22678547,1
22710463,1
23033836,1
22632028,1
23515921,0
23732741,1
22722860,0
22883642,1
23599619,1
22993498,0
23668673,1
22787765,0
22463242,1
23458048,0
23471584,0
23429949,1
22726816,1
23519882,0
22498620,1
23547075,0
22425154,1
23565955,1
22914295,0
23117035,1
23456073,0
23024651,1
23199436,0
23069677,1
22937996,0
22786909,0
23185755,0
23188488,1
23202498,0
23573542,1
22967666,1
22975450,1
22914285,1
22823485,1
23572413,0
23040721,1
23082212,1
23315839,1
22462259,1
23432329,0
22455010,1
23237941,1
23036316,0
22566408,0
22963589,1
23693152,1
22910873,0
23739182,1
23198306,0
23711136,1
22599770,1
22690152,1
22712730,0
23683449,0
22334974,0
23554384,1
23557317,1
23159173,1
23586049,1
23485997,1
22752197,1
22842984,1
22407012,1
22509073,0
22481782,0
22885921,1
23113041,1
22616938,1
23665667,1
22923749,0
22431857,1
23261232,1
23456925,0
23605842,1
22870336,0
22857297,1
23429726,0
22511102,1
22368559,0
22893070,1
22794056,1
23454919,1
22945557,1
22635901,1
23086262,0
22993063,1
23193448,0
23095888,0
23563491,0
22701115,1
23650169,1
22789769,0
22931627,1
23336312,0
22900784,1
22820160,1
23516942,1
22353599,0
23416440,1
22734201,0
23471824,1
23264109,0
23171547,0
22560579,0
23494871,0
23255285,1
22874841,1
23430446,0
22401969,0
22333588,1
23452256,1
23560469,1
22805398,0
23301793,0
22519014,1
23030795,0
23521124,1
22936587,1
22847894,0
23581345,0
23320058,0
23698616,1
22649571,1
23303069,1
22823645,1
22344537,0
22974188,1
22969331,0
23138900,1
23152457,0
23387685,0
22633730,1
23178302,1
23465036,0
23565578,1
22860606,1
23107000,0
22785331,0
22676941,1
23637905,1
23723098,0
22968936,1
23414927,0
22857282,0
22334255,1
23650442,1
22331666,1
22514927,1
23092142,0
22842043,0
22716018,0
22965950,1
22950776,1
23540796,1
22445014,1
23136137,0
22804952,1
22705991,1
23613598,1
23704788,1
22818184,1
23513090,1
23069742,0
22411965,1
22873272,1
22490187,1
22633830,0
23273886,1
23168826,1
22782257,1
22457534,0
23068622,1
23543755,1
23141285,0
22640368,1
23432547,0
22714109,0
23502977,1
23661497,0
23714892,1
23456006,0
22903145,1
22785816,0
22870841,0
22942301,1
23652172,1
23246072,0
23411529,1
23446240,0
22627976,0
22689038,1
23431168,0
22710347,1
22669609,1
22992508,1
23686855,1
22988727,1
23380801,1
23476537,1
23478063,1
22976824,0
23514008,1
22687484,0
22767007,1
22761741,1
22361191,1
23596127,0
22768813,1
22936396,0
22859967,1
23208235,1
23350428,0
22488339,0
22568585,1
22600696,1
23611726,1
23292017,0
22726774,1
22782197,1
23073345,1
23437799,1
23372959,0
23273594,1
23447733,0
22857156,1
23230678,0
22989762,0
23260534,1
23376087,0
22842487,0
23430912,1
23616124,0
23740933,1
23318472,0
22528539,0
22539982,1
22731109,0
23105875,1
23053113,1
23486463,1
22762360,1
22797779,1
22882667,1
23258641,0
22840182,1
22976863,1
23725489,1
22870662,1
23748455,0
23420357,1
23760207,1
22335737,0
22407490,1
23303511,1
22482965,1
23682384,0
23216870,1
23324232,1
23125181,1
23388998,0
23302866,1
23478242,0
23219691,1
22523938,0
22858538,1
22569521,0
22806423,0
22557458,1
22485114,0
23486184,1
23619152,1
22608750,1
23508868,1
22727320,1
22911845,0
22805283,1
23181094,0
22874209,0
23143495,1
23226802,1
22999286,1
22440746,1
22915158,0
22470695,1
22501844,1
22874201,1
22897459,0
22630427,0
22538311,0
23649327,0
23086857,0
22914403,0
23257733,1
22808934,1
23741341,0
22622424,0
22724370,1
22720821,1
23642889,1
23273042,0
23427323,0
23317737,1
23570268,0
22407511,1
23015023,1
23320100,0
23183965,1
23021669,1
23543077,0
23365557,0
23597175,0
22861228,1
22494889,1
23122734,1
23411656,0
23450443,1
23279786,0
22714372,1
22538509,0
23332947,0
22618427,1
23725261,0
23463673,1
23156712,1
22771934,1
23548850,1
22708227,1
22918262,1
23466021,0
22879083,0
22914824,0
22694316,1
23301368,0
23077915,1
22839662,0
22518168,0
23105993,1
23170958,0
23477274,1
23181548,0
22706678,1
23318923,0
22926541,1
23141122,1
22971515,0
23428171,1
23556578,0
22939568,1
23581230,1
23338074,1
23163749,0
22699024,0
22439428,1
23751425,1
22706932,1
23072057,0
22380552,1
22791659,0
22831548,0
22764441,0
22732274,0
22533902,1
22421576,0
23584798,1
22744621,0
22785790,0
22792178,1
22504789,1
23626601,1
22449641,1
22952016,0
22506084,0
22984571,1
22419001,1
22660066,1
23682805,0
23651213,0
23218735,0
22384935,1
23439452,0
23490501,1
22748306,1
22720096,1
22554068,0
23549553,0
23258564,1
23160316,0
22602785,1
23106158,1
22652807,1
23667430,1
22937262,1
22588935,1
22804246,0
22779831,1
23517691,0
23295088,1
22623164,1
23700274,0
23287830,1
22514714,1
22744766,1
22751541,0
23131146,0
22434455,1
23500855,0
23445088,1
23296707,1
22372731,0
23207660,1
22862308,1
22737334,1
23625530,0
23268646,0
23493328,0
23185698,1
23270454,1
22545924,0
23290817,1
22878028,1
23456479,1
22760759,0
23286641,1
23475365,1
23183409,1
22766916,1
22472895,1
23203947,1
22440918,1
22747437,1
22955239,0
23249429,1
23515028,1
22579089,0
22654791,0
22806969,1
22677866,0
23496360,1
22829764,0
22394211,0
23544081,0
23753300,1
22339718,0
22590883,1
23303937,1
23696270,1
22706261,1
22492091,1
22870768,1
23759851,1
23512991,1
22485062,1
23312460,0
23723010,0
22950423,1
23161442,0
22639490,1
23674248,1
23377796,1
22816983,1
23556534,0
23455639,1
22650567,0
22821930,0
23180588,1
22351750,1
23375904,1
23267752,1
22642898,1
22758983,1
22717941,1
23585513,1
23126998,1
23370202,0
22882840,1
23109265,1
23620825,1
23095775,0
23699242,0
22376421,0
22636930,1
23453238,0
23236515,1
22552009,1
23628192,1
22784175,0
22781506,1
22759053,1
22407992,0
22965276,0
22972933,1
22510278,1
22843534,1
23678341,0
22582096,1
22389348,1
23607891,1
23598435,0
23559649,1
22813270,1
22884046,1
22940524,0
23022839,1
23703288,0
23035584,1
23728589,0
23348901,1
23106928,1
22815231,1
22499905,0
22541280,1
23267242,0
22519341,1
23638018,1
22525656,1
22993564,0
22698165,0
22838823,0
23350112,1
22953723,1
22902175,0
22733268,0
23251140,0
23599454,0
22453632,1
22605532,0
22417027,1
23208428,0
22705762,1
22352787,1
22816164,0
23142939,0
23757869,0
23717893,1
22766629,1
23293925,1
22762480,1
23011989,1
22523861,1
22353572,0
23336068,1
22344357,1
23362564,0
22818551,1
23406657,0
23617121,1
22948791,1
22413024,1
22979777,1
22841934,0
22730825,0
23329647,0
22358531,0
22506362,1
22738999,1
22491936,1
23431745,1
22425019,1
23188177,1
22668521,1
22706967,1
23049502,1
23551494,1
22948960,1
23022585,1
22854314,0
22467025,1
22784343,0
23144104,0
22673346,1
22428223,1
23620633,0
22550600,1
23678827,1
22890132,0
22866501,0
22860355,0
23368517,1
23424248,1
23624446,1
22515340,1
23592132,0
23063048,1
22664752,1
23453378,1
22429219,1
23451725,1
22972681,1
23256288,0
23417948,1
23366699,1
22916124,1
22952295,1
22857344,1
23253249,1
22703470,0
22793960,1
23228384,0
22630035,1
22351053,0
22448165,0
22844487,1
23462646,1
22625619,1
23518288,1
22919516,0
22980358,0
23576146,1
23515978,0
23432975,1
23473077,0
22435920,0
22412449,0
22522998,1
22358432,1
23456019,1
22403276,1
22506328,0
23219212,0
23668489,0
23445719,0
23424453,1
23736161,0
23357722,1
23042458,0
23695372,0
23429218,0
23557375,0
22567573,1
23228565,1
22722259,1
23664664,1
23270940,1
22536434,0
22945826,0
22958930,0
22369532,1
23335284,1
22620457,1
23410219,1
23290129,0
22442443,1
23567977,0
23246524,1
22898372,1
22835749,1
22654514,0
22362016,1
23138158,0
22412813,1
22596190,1
22694866,1
23444027,1
23750737,1
22341169,1
22809083,1
22508548,0
22477649,1
22992415,0
23270190,1
22760722,1
22655075,1
23147383,1
23237468,1
22811208,1
23604664,0
22491268,1
22681063,0
22799728,0
22356683,1
23555624,1
23634435,0
23255241,1
22432210,0
23378315,0
23731522,0
22351633,0
23538824,1
22959820,0
23656433,0
22553022,1
23406270,1
23269842,1
23557624,1
23454745,1
22916105,0
23172085,1
23345558,0
23207293,1
23464215,1
23273140,1
22790097,1
23138033,0
23386642,0
22771634,1
23331246,0
23419635,0
22541309,1
22721536,1
23303590,1
23344978,1
23011793,1
23479720,1
23474817,0
23112447,0
22434964,0
22382234,0
23760805,0
22430068,0
23469167,0
22763180,1
23608625,0
23388837,1
23675372,1
22415440,1
23515053,0
23077793,1
23036652,1
22770874,1
23129592,1
23624909,1
23314305,1
22644453,1
22933699,1
22642781,0
23726585,0
22751453,0
22912404,1
23557126,0
23105211,1
23403596,0
23459809,0
22894311,1
22629868,1
22685546,0
23020918,0
22358310,1
22621125,1
22740323,1
23441218,1
23658407,1
23420351,0
22669900,1
23025017,1
23483050,1
23665946,0
22623991,1
23603221,1
22425085,1
23298153,0
22624762,1
23118011,1
22833254,1
22550459,1
22680882,0
22328176,1
22665966,0
22671377,0
22752922,1
22988555,1
23175586,1
22514686,1
23724163,1
22506244,1
23487115,0
22397049,0
23633625,1
23060825,0
22512478,1
22475054,1
22985557,1
22591650,1
23457704,0
23279110,1
23737047,1
23706911,0
22931492,1
23646881,0
23127599,0
23610862,0
23079688,1
23261246,1
23613061,0
23381515,1
22516046,1
22341990,0
22564579,0
23509084,1
22521150,1
23099486,0
23083242,1
23352606,1
23501959,1
22419889,1
23582086,0
22371725,1
22956981,1
23574909,1
23092356,0
23496810,1
22871707,0
22574606,1
23373139,0
23738941,0
23202551,0
23533379,1
23091646,1
23566469,0
23534712,0
23054596,0
23199817,1
23089181,1
23525167,1
23721356,0
22648405,0
22972425,1
23360236,1
23416933,0
23224532,0
22692877,1
23220843,0
23601906,1
22326798,1
23358091,1
22835333,1
22741324,1
22693088,0
23366888,0
22389204,1
23352106,1
23718199,1
23022370,1
22538468,1
23290221,0
22789439,1
23460551,1
23718630,1
22891471,0
22786753,0
23681207,0
22718317,0
22474946,1
22356214,1
23743343,1
23033008,1
22345393,0
23455287,0
23097638,0
22461239,1
22537809,1
22723287,0
22742814,0
23342501,1
22714565,1
23592747,1
23189504,0
23432969,1
23483915,0
23313484,0
23712980,1
22538460,0
23225184,1
22866299,1
23586973,0
22882984,1
22880308,1
23091256,1
23428557,1
23006985,1
22800108,1
22943196,1
22977067,1
23044735,1
23655931,0
22697256,0
23389386,1
23387481,1
22680277,0
23401779,0
23035478,1
23395972,1
23448526,1
23574674,1
22342160,1
23042630,0
23402837,0
22358955,1
23099340,1
22509817,0
22900704,1
23024251,0
22469737,1
22370789,0
23338853,0
23084733,1
23426122,0
22454137,1
23326015,1
23326396,1
22349938,0
22361634,0
22747911,1
23747714,0
22401028,0
23277404,0
23415048,1
23642726,1
22898823,0
23625149,0
22984058,1
22557083,0
23395979,0
23723393,0
22876732,1
22618077,1
22686876,1
23261092,1
22389689,0
22714235,0
23101462,1
22649693,0
22728661,0
23379549,1
23466660,1
23408577,1
22353575,0
22646258,0
23699190,1
23707309,1
23611936,0
23274996,1
22701045,0
23024233,1
22985391,1
22983044,1
22989717,0
23565524,0
22897567,1
22884532,1
22406116,1
22392870,1
22804388,1
23522125,1
23575327,1
22710434,1
23113479,1
23333117,1
23368300,1
22978931,0
23435456,1
22772156,1
22992519,1
22744336,0
22380209,0
22934228,1
23149228,1
22856814,1
23386409,1
23597625,0
22706368,1
22848424,0
22868269,1
23228709,1
22594992,1
23248736,1
22817939,1
23058719,0
23534615,1
23225110,1
23450336,1
22579277,0
23484677,1
22731611,0
22562962,1
22516432,1
23223902,1
22739818,1
23589662,0
22955018,1
22658504,1
23569103,0
23733102,1
23695804,1
22828821,1
23657879,0
23200837,0
23623541,1
23420854,0
22557396,1
22840262,1
23442023,1
22619369,0
22587805,1
22724588,1
23224014,0
22682807,1
22452161,1
22830671,1
23336447,1
22994407,1
23208285,0
23073431,1
22630609,0
23397777,1
22815266,0
23200135,1
23457377,0
22774139,1
23024113,1
22778360,1
23108148,1
22693685,0
23639070,1
23408349,1
23625432,0
23167389,0
22726679,1
22600769,1
23186925,1
22695958,1
23703600,1
23368345,1
22707317,1
22623633,1
23515670,0
22477397,1
23386419,1
23601708,0
23228908,1
22974944,0
22772593,1
22807711,1
23216470,1
23239187,1
23680500,1
22418645,1
22855100,1
22556296,1
23606150,1
23363083,1
23080733,1
22462957,1
22833880,0
22966481,1
22553933,1
23568959,0
23290973,1
22918750,1
23050123,0
22976832,1
23134146,0
22566240,0
23063952,1
23084303,0
23279477,1
23230819,1
23242910,0
22986061,1
23247637,1
23400449,1
23042094,0
22697938,0
23427789,0
23036672,1
23625070,0
23207107,1
23215222,1
22768389,0
22858534,1
23364536,1
23080788,0
23596316,0
23464397,1
22399923,1
23002637,1
22717778,0
22389997,1
23016675,1
22601984,0
23524505,0
23321490,0
22405186,1
23324998,0
23326214,0
23627217,0
23622795,0
23317750,0
23431990,0
23611551,1
23638282,1
23386171,1
23221471,0
23454036,1
23003612,0
23101652,1
23506741,1
22457950,1
23241836,1
22693846,1
22775995,1
23205066,1
22866743,1
23377343,1
22537096,0
23314721,1
22846668,0
22561304,1
22431971,0
23527314,1
22597069,0
23345608,0
23087697,0
23224415,1
22413271,0
23171173,1
23566520,1
22842095,1
23161517,0
23335881,0
23552406,0
22612387,1
22793985,1
23686028,0
23048422,0
23016471,0
23231901,0
22466907,0
22673345,1
22621725,1
23540925,1
23424982,1
23508332,1
23731431,0
23620569,1
23061299,1
23090537,0
23331777,1
23276456,1
22340002,1
23521484,1
23707208,1
23494085,0
22871934,0
23355218,0
23450716,1
22810401,1
22377313,0
22619329,1
23721042,1
22623465,1
23372680,0
23450379,1
22335643,0
23124330,1
23014134,1
22821279,0
22776080,1
23399486,0
22785550,1
22746557,1
22585231,0
23026594,1
22575446,0
23560379,1
22796748,1
22553827,1
22949940,1
23533666,0
22550847,1
23234534,0
23532312,0
22471855,1
22661991,0
22481968,0
23162236,1
22382265,1
22959119,0
22489620,1
22858556,1
22525462,1
23032314,1
23687938,1
22733996,1
23312806,0
23234390,1
23166484,0
22453144,0
23005099,1
22845568,1
22767531,1
23483402,0
23569091,1
23709742,1
23547601,1
23288921,1
22613400,0
22586114,1
23302026,0
22569357,1
22609030,1
23655675,1
23707248,0
22969875,1
22387720,1
23637510,0
23747009,0
23067641,1
23505660,0
22828053,1
23569514,0
22826228,1
22504322,0
22892952,1
22396870,0
23136902,1
22945468,1
23059055,1
22966161,0
23262279,0
22725005,1
23408704,1
23738310,0
22819726,0
22628309,1
23612901,1
22952996,0
23760171,0
23223711,1
23362786,1
22942691,1
22697367,0
23230969,0
23478259,1
22328142,1
22988104,1
23318785,0
23169550,1
23119036,1
22740711,1
23270950,1
23345006,1
22802878,1
22386471,1
23000304,1
22772164,0
23632710,1
22631918,1
22416413,0
23723721,1
23442147,0
22498261,1
22863965,0
22550013,1
22854490,1
23465836,1
23003970,0
22990038,1
23050622,1
22695416,1
23286341,1
22694075,1
22528571,1
22636337,1
22954265,1
22378869,0
22489303,0
22858057,0
22818039,1
23257636,0
22545923,0
23183168,1
22661290,1
22793307,1
23691596,1
23102461,0
23531848,0
23366554,0
22382755,1
23740349,1
22889876,1
22343303,0
22402960,1
23739307,1
22529355,0
23735427,0
22652392,1
22774058,1
23204936,0
22796833,1
23755227,0
22469337,0
23128130,1
22729631,0
23745976,0
23032395,1
23404130,0
22570402,1
23104227,1
23093667,1
23522013,0
22890397,0
23700375,1
22894539,0
23013079,1
22562990,1
22661357,0
22631440,1
23560268,1
23586916,0
22438166,0
22735814,1
23430017,1
23645606,1
22392179,0
22557415,0
22331832,1
22704167,0
22491932,1
23641834,1
23733631,1
23477719,1
23240485,1
22582341,1
22741812,0
22873920,0
23530007,1
23333057,1
23565969,1
22343224,1
23447899,1
23731323,1
22525394,1
23608456,1
22566530,0
22951383,0
23139470,1
23365869,1
23434202,1
23318035,1
23294402,1
23514246,0
22568163,1
23577182,1
22600539,1
23209712,0
23379825,1
23658086,1
22777124,0
22888143,1
22519650,0
23155826,0
22707160,1
23584444,1
23275410,0
23735507,1
22842533,1
22987832,0
23547129,0
23627290,0
23138216,1
23755299,1
22758039,0
22471552,1
22327748,1
23283288,1
23389837,1
22958544,1
22513800,0
23681451,1
23404869,1
23656616,1
23320129,1
22843388,1
22899256,0
22470561,1
22731373,0
22396409,1
23110118,0
22467360,0
23358072,0
23733099,0
22955049,1
23598292,1
23031417,1
22659340,1
23690243,1
23324439,1
23736302,0
22404067,1
23675686,1
23649462,1
23333133,1
22497320,0
23753981,0
23582027,1
22432011,0
23690440,0
23296768,0
23365885,1
23321931,0
22557715,0
22966480,1
23004798,0
23627663,1
22367993,1
22888994,1
22917484,0
23629126,0
22444587,1
23047289,0
22368802,1
23017627,1
22798940,0
22894329,0
22555521,1
23460719,0
22724261,1
23296058,0
22523179,1
23722599,0
22508681,0
22689352,1
23285397,0
23637535,1
23609714,0
22478556,0
22820785,1
23113179,1
22638336,1
23412806,1
23726652,1
23396212,0
22378073,0
22966937,0
22622824,0
23090725,0
22429330,1
22908955,1
23193647,1
23014051,1
23710329,1
22512077,0
22981931,0
22346648,1
22560223,0
22620446,0
23643622,1
23172677,1
22615064,1
23702143,1
22515541,1
22860758,0
23545632,0
23674311,1
22983791,1
22634635,1
23514713,0
23062736,1
22493333,1
23590495,0
22590653,0
23501100,1
22479743,1
23559747,1
23119422,0
23524247,1
22737117,1
23164456,1
22459523,1
22603969,1
22732197,1
23200376,1
23134773,0
23570467,1
23354553,1
23291451,0
23497401,0
22379393,0
23474839,0
23254963,1
23403394,1
22362348,1
22763187,1
23068934,0
23466548,1
23749242,1
23489235,1
22537952,1
22954647,0
23471140,1
22462423,1
22989429,0
23314137,1
23637596,1
22800570,1
23644759,1
22998892,0
23478894,1
23049119,1
23207520,1
23313796,1
23308025,1
22615610,1
22986967,0
23245068,1
22342940,0
23383736,1
23228424,1
23756754,0
23601417,1
22919443,1
22536459,0
22732919,1
22508471,0
22454547,0
23385728,0
23330277,1
22754868,1
22341450,1
23234098,1
22502272,0
23697623,1
23057378,1
22499529,0
23679325,0
23103315,0
23429863,1
23478531,1
23103473,1
23102488,0
22342644,1
23138600,0
22730661,1
23252220,1
22655035,1
22621802,1
23593233,0
22360962,1
22367991,1
23489959,1
23335818,0
23517335,1
23692524,0
22373923,0
22531635,0
23147640,1
22854868,0
22561976,1
22521787,1
23557471,0
23318409,0
23498948,1
22560670,1
23016201,0
22349037,1
23615217,0
22383781,1
22884449,1
22553199,0
23621093,1
22561158,1
22455261,1
22473940,1
23591114,0
23028557,0
23398634,1
22876324,1
23044151,0
23067881,1
23262443,1
22453339,1
23703915,0
22987941,1
23710635,1
23089971,1
22500672,0
22520480,1
23203353,1
23552546,1
22361411,1
23101722,1
23177397,1
23147633,1
22996720,1
23271477,1
22494234,1
22327416,1
22534147,1
22914353,1
22949407,0
23600397,1
22809621,1
22785394,1
23013713,1
23517046,1
22569354,0
23278073,1
22612349,1
23682440,1
23267275,0
22860073,1
22818816,1
23754286,1
22430841,0
22565996,0
22858443,0
23093774,0
23222273,1
23623728,0
22463865,1
23241054,1
22810585,1
22463545,0
22925979,0
22737032,1
22540069,0
22415157,0
23756204,1
23341637,0
22817440,1
23363702,0
23258109,0
22365025,0
22523284,0
23157129,0
22474095,1
22567796,0
22748302,1
23675563,1
22617073,1
23242978,0
23543365,0
22661363,0
22356975,1
23009930,0
23231367,0
22370629,0
23439021,1
23360337,0
22545212,1
23183247,1
22767274,0
23311334,1
23581809,0
22499583,1
23600658,0
23629505,0
23229858,0
23511007,1
23403364,0
22689977,0
22480017,1
22609655,1
23605764,0
23279331,1
23320506,1
23131620,0
22963179,0
23613238,1
22871109,0
23591430,1
23710121,1
22660312,1
23042615,1
23409272,0
23693350,1
22619730,1
23555900,1
22753599,0
23712868,1
23342646,1
23229228,1
23122088,0
22341802,1
23721344,0
22740801,0
22448714,1
22975729,1
22624129,1
23193409,1
23565762,1
23479239,0
22617275,0
22678611,1
22454326,1
22371784,1
22423123,1
23039629,0
23447029,1
22945017,1
23525116,0
22452500,1
22668252,1
23498810,0
22344471,1
23084510,1
23156237,1
23223205,0
23428830,1
22682731,0
22625625,1
23082805,1
22815165,0
23501187,1
23041270,0
22571767,0
22525307,1
22487636,1
23463750,1
23341424,0
22784384,1
22468499,1
23263948,0
22816256,0
22901210,1
22350878,1
22668958,1
23678200,1
23442990,1
23738102,1
22584272,0
23212308,1
23513933,1
23012375,1
23230266,1
23021706,1
22569960,0
22381646,1
23301167,1
23617276,0
23587269,1
22814241,1
23633965,0
22735850,1
23119989,1
22869703,0
22958600,0
23255874,1
23317754,1
23408522,1
22783463,1
23194646,1
22742216,0
23727381,1
23670744,0
23668347,1
23615581,0
22664908,0
22718221,0
22609404,0
22773266,1
23595685,1
22674940,0
22364431,1
23682110,0
23529513,0
22336995,0
23030751,0
23415261,1
23178579,1
22627116,1
22766498,1
23376294,1
22979711,1
23169355,0
23479399,1
22864104,1
23423183,0
22975104,1
23097731,1
22914034,1
22386258,1
22675547,1
22650375,0
22411688,1
23669829,1
22955532,1
22927009,0
23196808,1
23412414,0
22715481,0
23305728,1
23031900,1
23117447,0
22618860,1
23673766,1
22524701,1
22363724,0
23467528,0
23163612,1
23048012,0
22500144,0
22827526,1
22338029,1
22372855,0
23749393,1
23482921,1
22616851,1
23686559,1
22827692,1
22845255,0
23093662,1
23311202,1
22525668,1
23604851,1
22683360,1
23415677,0
23217626,1
23620346,1
23304272,1
23070996,1
22610184,0
22485814,0
23104102,1
22872756,0
22741112,1
23083072,1
23136106,1
23002867,1
22735485,1
22658044,0
23682981,0
23134865,0
23453186,1
23409976,0
23559619,0
23283002,0
22445354,0
23181931,1
23383196,1
23543191,0
23578875,0
22618768,1
23363443,0
23634127,0
23404029,0
22976183,1
22382710,1
22664969,1
22724754,0
22756261,1
22734789,1
23285092,1
23088495,1
22653067,1
22838732,1
22794708,0
22893189,1
22625531,1
22336686,1
22423451,1
23638558,1
23378573,0
22851351,1
23734061,1
22519240,1
22500876,0
23584939,0
23638401,0
22339461,0
23729359,1
22862492,1
22695532,0
23190574,0
23359703,0
22512307,1
22705836,1
23497693,0
23711154,1
22722618,0
23390420,0
23235648,0
23755147,1
23535393,1
23211354,1
23042518,1
23676145,1
22987057,1
23619491,0
23122913,1
23459996,1
23398539,1
23188941,1
22579782,1
22580988,0
23474587,0
23006091,0
22918938,0
23496057,0
22654616,1
23028109,0
23687118,0
22702222,0
23166143,1
23277237,1
23434418,1
22989919,0
23050912,1
23567150,1
22530410,1
23064324,0
23071832,1
22938558,0
23108892,1
23460237,1
22816816,0
22811587,0
23558366,0
23046175,1
23607191,0
23123344,1
22851575,1
23679892,1
23673372,1
22776830,1
23359277,1
23067357,1
23648851,1
23139464,1
22787699,1
23003930,1
23728688,1
23604080,0
23621087,0
22911875,1
22914048,1
23040108,1
23164040,0
22873784,0
23197160,1
23353218,0
23657850,1
23265009,1
22500405,1
22904049,1
22682340,1
22973626,1
23546230,1
23620911,1
22841509,0
23042791,0
23653484,0
23743739,0
23754199,0
23397491,1
23178269,1
23510670,0
22758909,1
23586722,0
23078521,0
22493478,1
23598103,1
23071151,1
22356226,1
22537992,1
23051805,0
23526960,1
23261794,0
23386396,1
22765641,0
22370101,1
23641026,1
22796392,0
22588122,1
22500069,1
22625476,1
22495896,0
22962925,0
23721676,0
22440200,0
23486770,1
22845733,1
23297096,0
23286059,0
23413242,0
22859466,0
23638607,1
23096632,1
22717162,1
23605846,0
22758835,1
22489483,0
23205951,0
23135121,0
23713498,0
23379612,1
22940606,1
22902354,0
23392601,1
22465127,0
22649846,0
23140525,0
23285811,0
22807737,1
22757190,0
23663302,1
23205758,1
23087647,1
23458818,0
23065466,1
23721176,1
23146869,0
22807516,1
22988657,0
22358689,0
23192295,1
23001254,0
23090736,1
22670721,1
23356465,0
22531307,1
22604432,1
22917621,0
22784961,1
22807991,1
23754669,1
23139880,1
23576766,1
22836537,1
23609711,1
23151254,1
23623916,1
22555762,1
23032331,0
23184449,1
23487214,1
22642382,1
23491495,0
22338087,1
22519705,1
23699322,1
22605004,1
22981909,1
23206132,0
22381565,1
23067956,1
22979028,1
22484902,1
23027123,0
23542547,0
22718409,1
22926874,1
23207111,1
23025477,1
22653559,1
22425865,0
22774025,1
23709148,0
22725562,0
23103545,1
23169442,0
23065422,1
22558622,1
23459932,0
23638351,0
22829065,0
22397358,0
22540985,0
22572477,1
22487939,0
23614011,1
22952047,1
23624391,0
23022904,1
22580140,1
22536308,0
22595135,0
22467518,0
23200699,0
22538778,1
23701871,1
22865898,1
22995545,0
23440591,1
22769029,0
23456348,0
23105941,1
22876675,1
23567842,0
22999106,1
22661729,0
23121463,1
23418610,0
22549849,0
23468306,1
22922149,0
22628694,0
23131756,1
22448935,1
23760462,1
23536669,1
22650221,1
23067243,1
22834357,1
23652397,1
23022138,1
23085304,0
23023526,1
22816524,1
22450602,1
23553486,0
23673701,1
22400681,1
22996998,1
22350848,0
22666349,0
23626298,0
22952935,0
23647440,1
23591683,1
22850963,1
22750840,0
22930218,1
22365164,1
22479945,1
22944178,1
23671930,0
22991120,0
22705954,1
22671642,1
23557826,1
22683606,1
22710782,1
23481256,1
22968899,0
23638619,1
22409842,1
22487087,1
22901531,0
23320505,1
22461117,0
23161270,0
22423183,1
22471358,0
22834546,1
22436704,1
23648747,0
23593142,0
23625836,1
22424800,1
22757352,1
23305343,1
22489146,1
22422212,0
23186740,1
23022689,1
23149431,1
23475516,0
23156675,1
22932639,1
23354988,1
22702330,0
22755696,0
22925447,1
23619909,0
22784964,1
22336982,1
23594959,1
22373086,1
23477604,0
23567585,1
22750963,1
22669082,0
22672952,0
22567950,1
23742160,1
23065881,0
23300962,1
22404927,1
23015418,1
22875878,0
22691175,0
22562700,1
23422396,0
22508197,1
23103933,1
22987765,1
22760304,1
22984284,1
22692080,1
22416804,1
22732149,1
23654600,1
22869267,0
22977388,1
23707270,0
23461393,0
22957148,0
22398208,0
23629986,1
22858081,1
23092221,1
23166384,0
23067844,1
22965664,0
22490381,1
23257639,1
23708806,0
22716233,0
22867011,0
22666540,0
22801143,0
23373876,0
23040614,1
23418587,1
22357523,0
23484394,1
22841799,1
22882975,1
23547955,1
22452163,1
23056284,1
22728152,0
23379396,1
23674526,1
22610193,0
22702026,0
22844551,1
23264993,1
22832214,1
22340590,1
23181629,1
23482201,1
23346827,0
22997905,1
23641166,1
23495846,0
22732922,1
23547729,1
23446105,1
22966391,0
23374669,1
23159777,0
23215196,1
23539274,1
23043629,1
23438969,1
23325132,1
23574119,1
22584012,1
23702037,1
22331183,0
23383117,1
23638812,0
23102214,1
22773223,1
22738192,0
23616624,0
22939879,1
22916228,1
22458066,1
22729345,1
22919946,1
23393084,0
23408833,0
23346564,1
22693904,1
22662449,0
23547294,0
22421696,1
23642466,0
22944054,1
23005081,1
22826059,1
22933653,1
23564865,0
23230893,1
23167445,1
23007648,1
23609648,1
22346211,1
23557609,1
23460229,0
23425481,0
22574868,1
23022380,1
23690245,1
23102286,0
23614054,0
23562043,1
23443559,0
22754449,1
22911090,1
22909832,0
23262051,1
22864327,0
23295199,1
23262371,0
22585504,1
22816817,0
23335816,0
23162149,0
22595032,1
22487595,1
22898892,1
22647055,1
23543360,0
22381752,1
22782070,1
22882314,1
23244883,0
22428961,1
22426190,0
22421043,1
22327481,1
22414957,1
23046290,1
23318355,0
23352046,0
22840561,1
22987006,0
22747693,1
22671052,0
23166713,0
22900960,1
22924343,0
22405597,1
22759133,1
22885948,0
23166819,0
23231443,1
23414371,1
23101845,0
22588493,1
22804356,0
23242054,0
23718785,1
23118563,0
23015849,0
22537292,0
23112541,0
22619341,1
22780053,1
23500735,0
22721105,1
22958952,1
22877458,1
23365039,0
22481830,0
23448294,0
23708223,0
23270606,0
23273822,0
23457061,1
23543951,1
23190158,1
23674587,0
23632259,1
23546445,1
22347769,0
23594697,1
22529918,1
22710716,1
23355560,1
22381262,1
23284265,1
23162804,1
22662018,0
22619854,1
22742493,1
22364241,1
22744633,1
23284665,1
22620960,1
22573353,0
22376888,1
23332400,0
22463931,1
23049671,1
23099860,0
22459215,0
23721846,1
23242403,0
23050493,1
22359499,1
23344515,0
22484698,1
22891698,1
22622873,0
23267500,0
22847699,1
22911851,1
22363519,1
22814561,1
22390457,1
23375177,0
23029972,1
22438903,0
23382744,0
22571873,1
22567550,0
22355824,0
23221127,1
23358706,0
23249411,0
23082196,1
22431826,0
23533054,1
22488671,1
22625134,0
23475936,1
23019795,1
22659773,0
23603287,1
22397206,0
23251293,0
22350770,1
23171403,0
22345220,0
23089252,0
23371925,1
23022930,1
22552859,1
22718986,1
23552940,0
22402682,0
22919303,1
23213090,1
23287034,1
22700679,1
23295287,1
22418115,1
22958139,1
22943863,0
22405915,0
23739005,0
22626756,0
22877013,0
22801940,0
23371735,1
23364958,0
23349985,1
23564264,1
22835400,0
22989680,0
23019277,1
23294722,0
23091390,1
22518922,0
23581722,1
23181130,1
22941761,0
23562153,1
22625630,1
22869846,1
23592689,1
22454738,1
22718047,0
22463025,0
23741452,1
23334102,1
23757736,0
22686614,0
23596556,1
23147075,0
23319245,0
22687472,1
22645990,0
22538412,1
22348769,1
22861881,0
23591822,0
23466936,0
22491255,1
23527342,0
23237882,1
23723805,0
23516238,1
23149657,1
23740625,0
23525256,0
23109219,1
23121345,1
23247608,1
22949339,1
23310294,0
23718379,1
22720273,0
22630171,1
23519319,1
23419327,1
22602888,1
22884804,1
23028712,1
22440059,1
22522656,1
23756898,1
23711993,0
22511621,1
23269827,1
22726790,1
23233332,0
22537041,1
23533480,1
22662125,0
22953858,1
22592750,0
23047047,0
22428667,1
22844221,0
22516923,1
22782113,1
23587981,0
22881601,1
23547260,1
23072891,0
22757808,0
22668559,0
22372988,1
23730514,1
23715817,0
23121168,1
22709076,1
22340105,1
22603557,1
22710520,1
22916001,1
23092464,0
22549905,0
22925423,0
23412222,0
23181994,0
22467303,0
23091837,0
23087503,0
23373211,0
22860527,1
23307091,1
23105477,1
23306915,0
23138928,0
22821360,0
22958410,1
22859885,1
22976220,0
23648238,1
23400255,1
23121548,1
23246875,1
22832826,1
22773809,0
22733646,1
22957287,1
23043413,1
22715516,1
23349508,0
22820948,1
23097722,1
23530143,0
22497044,0
22875453,1
22900579,0
22403337,0
23667808,1
22939825,1
23072085,1
23654486,0
22418023,1
23015201,1
22470583,0
22455721,1
22509452,1
23162047,1
23666006,1
23315539,1
23146839,0
22623473,1
22786913,1
22836280,1
23543090,1
22933882,1
22389402,1
22580425,1
23551193,0
22774645,1
22562026,0
23218034,0
22525675,1
22429066,1
23670286,0
22527177,1
22813848,1
22864922,1
22446622,1
23320647,1
23521895,0
23085189,0
23629819,0
23149020,1
22500602,0
23480432,0
23058817,0
23686557,0
23305162,0
23519043,0
22914130,0
23481878,1
23544577,1
23048582,1
23342356,1
22423542,0
22911819,1
23699800,1
22614596,0
22763439,1
23466187,1
22494094,1
23026589,1
23621584,0
23061983,0
23235976,0
22990413,1
22609124,1
23237360,1
23109750,1
23108794,0
22376365,1
23624504,1
23484519,0
22585636,0
22327647,1
22370381,0
22334020,1
22821408,1
22655509,1
23128046,1
22925911,1
23278723,1
22536380,1
22387554,1
22807409,0
23746656,1
22560655,0
23499108,0
23044733,1
22352058,1
22966923,1
22820700,1
23427609,1
23531396,0
23672034,1
23391770,1
23049456,0
22917013,0
23327606,1
22624966,1
23092426,0
22565047,0
23466334,0
22963934,1
22420363,0
22922006,1
23571288,1
23626394,1
23653926,1
23241048,0
23192057,0
22717776,0
22561659,1
22764015,0
22642052,1
22692340,1
22607276,0
22595147,0
22676844,1
22803126,0
23167992,0
23523238,1
22947585,1
23707483,1
22973127,0
22970302,1
22907178,1
22939836,1
23560458,0
23029062,1
23604450,1
23324935,0
22793520,1
23166449,1
23151941,0
23569006,1
22628501,1
23383897,1
22503781,1
23035002,1
23532877,0
23143129,1
22820120,1
23736810,0
22508231,1
22672790,1
23190836,0
22881932,1
22793320,0
23660739,0
22994139,1
23125337,1
23671545,1
22564780,1
22594463,0
23054961,0
23531038,0
22633763,1
23504354,1
22749069,0
22690217,0
23534398,1
22381439,1
23315633,0
23047871,1
23117468,0
22656213,1
23015492,1
23108060,1
23716849,0
23555142,1
22917271,0
23662448,0
22665949,1
23196613,0
23466007,0
22355868,1
23525184,0
23703441,0
22991759,1
22400732,0
22824738,1
23713266,1
23153401,0
23073249,1
22780728,0
23563273,1
22938568,1
22923719,1
23531744,1
22828845,1
23633641,0
22502451,1
22664320,1
23745469,0
23717321,1
22721720,1
23713315,0
23105940,0
23388772,1
23609034,0
23082148,1
23167784,1
23266545,1
23607936,0
22900788,0
23518113,0
22976650,1
23680141,1
22921668,1
23521444,0
22496316,1
22701556,0
22328661,0
23079378,1
22700335,1
23547566,1
23278523,1
23605199,1
23715238,0
22353056,0
23508469,1
22833553,1
23227465,0
23549420,0
22401034,0
23418411,0
22529380,1
23110449,0
22788362,1
23674262,1
22730102,1
23052529,1
22569406,1
23504191,1
23645512,1
23227583,1
23614876,1
23618227,1
22342141,1
23242911,1
22746164,1
23067004,1
23484257,1
23290488,1
22618961,1
22571076,0
23747384,0
23326529,1
22691240,1
22868107,1
23107204,1
23320065,0
23587618,1
23129496,1
23425706,1
23580091,0
22368196,1
23509796,0
23153716,1
23617517,1
22677039,0
23451729,1
23479421,1
22723293,1
23150750,1
22787381,0
22331967,1
22523010,1
22381168,1
22935681,0
23269524,0
23487736,0
23227740,0
22943373,1
22959673,0
23291338,0
22575950,1
22594017,0
23584281,1
23636348,1
23460892,1
22493339,1
23130386,0
22950855,1
22991112,1
22602957,0
23370217,1
22489839,1
23633887,1
22656701,1
23463140,1
23093972,1
22473822,1
22416709,1
23116975,1
22597010,1
23482193,0
22452772,1
22345659,0
22476698,0
23737592,0
22974470,1
23748605,0
22941714,1
22769857,0
22812572,1
23234241,1
22607128,0
23433610,1
23676923,1
23091317,0
23034777,1
23596767,1
23216746,0
22948617,1
23487077,1
22778604,0
22750256,0
22360904,1
23500990,0
22433622,1
22865699,1
23582355,1
23633529,0
22873089,1
22890964,1
23708567,1
22664736,0
23546626,1
23164187,0
23048981,1
22822696,1
22816922,1
22353783,1
23492344,1
23036236,1
23601132,0
23075413,1
22467881,0
22650877,1
23651736,1
23745830,1
22758501,1
23298256,0
23590231,0
22789758,0
22591397,0
23077226,1
23040501,1
23073254,1
22554562,1
23514380,1
22806368,0
23063561,0
23593581,1
23666653,1
23348431,0
22825689,1
23554911,0
22410103,0
22757554,1
23589286,0
22960592,1
23100826,0
23590682,1
22451496,1
23030146,1
22994357,1
22614077,1
23474088,1
22779297,0
22934282,1
22409572,0
23043897,0
23736815,1
23736982,1
23552884,1
23712744,1
23193435,0
23753314,1
23632585,0
23360113,0
22933533,1
22329749,1
23129551,0
22556086,1
23005441,1
22905332,1
22765570,1
22503987,0
22510033,0
23388130,1
22804448,1
22637940,1
23591050,0
22798619,0
23460559,0
22647892,1
23227133,1
23672480,0
23272637,0
23590112,0
23491545,0
23002361,0
23078355,0
23101152,1
22533002,0
22389243,1
22560189,1
22768394,0
23561506,1
22928880,1
22782992,1
23165186,0
22571174,1
22442005,1
22433585,0
22861573,1
22887909,0
22356153,1
22898076,0
22649448,1
23023157,1
23138305,0
22996388,0
23392780,1
22586831,1
22476311,1
23030070,1
23554374,0
22593934,1
23346064,0
22396871,0
22548119,1
23528468,0
23496161,0
22424579,0
23450415,0
23183833,0
23586814,0
22532385,0
22807324,0
23239993,0
23354732,1
22609894,1
23489392,1
23395839,0
22519309,0
23349824,1
23526948,0
22415825,1
22509330,1
23171436,1
22615082,1
23108841,0
22664750,1
23434386,1
22707361,1
22883788,0
23190498,0
22372358,0
23560400,0
23052523,1
22705383,1
23757341,1
23206015,1
22326676,0
22887474,1
22384829,1
23061531,1
22982806,0
22505680,1
22969813,1
22524633,0
22812181,0
22357296,0
23264776,1
23177447,0
22856739,0
23265094,1
23110669,1
22546065,1
23211432,1
23621239,1
23726107,1
22443206,1
23051901,0
22862161,1
23532160,1
22601858,0
23273022,1
23644888,0
22789535,0
22619941,0
22813522,0
23628791,0
23550556,0
23649517,0
22717507,0
23734187,0
23404984,1
23133065,0
23071932,1
22972078,1
22500668,0
22869573,1
23623366,1
22986565,0
22913695,0
23341237,1
23408629,1
22710105,1
23623525,0
22652369,1
23240306,1
23119832,1
23348688,0
22415304,1
22830517,1
23703325,0
23396747,1
23420972,1
23163694,0
23618977,1
23240887,0
23393809,1
23135961,0
23292313,0
22830779,1
23575992,0
22327912,1
22588685,1
23642710,0
22865103,1
22443705,1
23006934,1
23434007,0
23632904,1
22724478,0
23426956,1
22860665,0
23044613,0
23559448,0
23693785,1
22620576,1
22555314,1
23625630,0
23448599,1
23046055,0
22411053,0
22792645,0
23704984,1
23010846,1
22919118,0
23581829,0
22967056,0
23605877,1
23423990,1
22815076,1
23448582,1
22856322,1
23009265,0
22933597,1
22485082,1
22898187,0
22947985,1
23268895,1
22655662,1
22980416,0
23271392,1
23041535,0
22862611,0
22330969,1
23755771,0
22556077,1
22611365,1
22554142,1
22901822,0
22454918,0
23107416,1
23044343,1
23624517,1
23271374,0
23619661,1
22745496,1
23131322,1
23628206,1
22784852,1
22566661,0
23701318,1
23334967,1
22654954,1
23073124,1
23494492,1
22345925,1
23230533,0
22534210,0
22591948,1
23344392,0
22757035,1
23445107,1
23440617,1
23171405,1
23033417,1
23390555,0
23721871,0
22468353,1
23639040,0
23089699,1
23232206,1
23365842,1
23070894,1
22468779,1
23320485,1
22419624,1
23278161,1
23010583,0
23038668,0
22762440,0
23258900,1
22724652,1
23706701,1
23437446,0
23228146,1
23109702,1
23735210,0
23028765,1
23384708,1
23487991,1
23331641,0
22621483,0
23368333,1
23734249,0
22610168,0
23281906,1
22647942,1
22959409,1
23058264,1
23051602,0
22372660,1
22820585,1
23075576,0
23543855,1
23408858,0
23284520,0
23082431,1
23088687,1
23631442,0
23237064,0
23436250,0
23419576,1
22894585,1
23261561,1
23090001,1
23170800,0
22424391,1
23591586,0
23705177,0
22540583,0
23291156,1
23645242,1
23359991,1
23571622,0
23593370,0
23431191,1
23650967,1
23070061,1
22472555,1
23733120,1
23196407,1
22562766,0
23568736,0
22665808,1
23408739,1
22770088,1
22948608,1
22637934,0
23309138,0
22538718,0
22818907,0
23355761,1
22635371,0
23699603,1
23660708,1
22714537,1
22344413,0
23226049,1
23397011,1
22850784,0
23540858,1
22683663,1
23111700,1
22943632,0
23745951,0
22778384,1
22715221,1
23108607,1
22376170,1
23630612,1
23420140,1
22772695,1
23108811,1
23099936,1
23687754,0
23496157,1
22805176,1
23138297,1
22687182,1
22452071,1
22926386,1
23008927,0
23007312,1
22876355,1
22887759,0
22992106,0
22589699,1
23401516,1
23266662,0
23468449,0
22461246,1
23215061,0
22444928,0
23396703,0
23357178,0
23644036,1
23195781,1
22661037,1
22933920,1
23691207,0
22540964,1
22920953,1
23742204,1
23693363,1
22902268,1
23437806,0
23056423,0
22630301,0
22800940,0
23331418,0
22855994,1
22855800,1
23527853,0
22857288,1
23069306,1
23680590,1
23510483,1
22766840,1
23752183,1
23464161,0
23454316,1
23684442,0
22694237,1
22589054,1
22876668,1
22687261,0
23399278,1
22731505,1
23144368,0
22826071,0
22500393,0
22606164,0
22422606,1
22855005,0
22877496,1
23392839,1
23269494,0
23389239,0
22653725,1
23618878,1
22431803,1
22857420,1
22448149,0
22569978,1
23129772,1
22377078,1
22649326,1
22796877,1
23439652,1
22614383,0
23527412,1
22356988,1
23112428,0
23301377,1
22490095,1
23428930,1
22861138,1
23681190,0
22686988,1
22477575,0
22386096,0
23247417,0
23729662,0
22808245,0
23735228,1
22595591,1
22577750,0
23079791,0
22857038,1
22439560,1
22751048,0
23454955,0
22352105,1
23056842,1
23126781,0
23221729,1
23588471,0
22427396,0
22890623,0
22628692,0
22951327,1
22745387,1
22819021,0
23055927,0
22964159,0
22540152,1
22963721,1
23279613,1
23620815,0
23091237,1
22675126,0
22795414,1
23592540,0
22946369,0
23602460,0
23097674,1
22840850,1
23156919,0
23326869,1
23349358,1
22578831,1
22988783,0
23193382,1
23240229,1
23529806,1
23580815,1
22450661,0
23631785,0
23280116,1
22910521,1
23448403,1
23406080,0
22343536,1
22386483,1
22753084,1
22358155,1
23627096,0
22638503,1
23684519,1
23005456,0
22488153,1
23169742,1
23308892,0
23080290,0
23172038,1
22998204,1
22660786,1
23688973,0
22494176,1
23305654,1
22612343,1
22784347,1
22361220,0
22525150,1
23230623,1
22508710,0
22441307,1
23746996,0
22799269,1
23521174,0
22888019,1
23606706,0
22759393,0
22995980,0
22909743,1
23253794,1
23594380,0
22821550,1
22525182,0
22534316,1
23537260,0
22883633,0
23368598,1
23334939,0
22697299,0
22791725,1
23161745,0
22999152,1
23084201,1
23729768,1
23183943,0
23531311,1
23007190,1
23588514,0
23691841,1
23327389,1
22659360,0
23095786,1
22792054,1
22979173,0
22507677,0
22656359,0
23237241,0
22398815,0
23246993,1
23533430,0
22385051,0
23655492,0
23075585,0
23410269,1
23645805,1
23562035,0
22473835,1
23687793,1
23027185,1
23223460,1
22530370,1
23617834,1
23585254,0
23062961,1
22407720,1
23558611,1
22601023,1
22778106,1
23282348,0
23119280,1
23266920,0
23627811,1
22928990,0
23664899,0
22974121,0
22782537,1
23145648,1
23601905,0
23361692,0
22333714,1
22760731,1
22941286,1
23255325,0
22374759,1
23035057,1
23578924,1
22659039,1
23320641,1
23641715,0
23480762,1
23528759,1
22925094,0
22385435,1
23673146,0
23111933,1
23023216,1
22403503,1
23729057,0
22979061,0
22900148,1
23159418,1
22776395,0
22670691,1
23627468,1
23347595,0
23191721,0
23562946,1
23078199,1
23250812,0
23004471,1
22990122,1
23525261,1
23157150,0
22706070,1
22844708,0
22411363,1
22362914,1
23484030,1
22473135,1
23760437,0
22539492,1
22481690,1
22535818,0
23341147,1
23101062,1
23717276,0
22796409,0
23424095,1
23595780,1
23286082,1
22826892,0
23342381,0
22616574,1
22484288,1
23502927,0
22845689,1
22564964,1
22813130,0
23596472,1
23052527,1
22667191,1
23354922,1
23325799,1
22860093,0
23129348,1
23255125,1
23612814,0
23534125,1
23539716,0
23715533,0
23301371,0
23013549,1
23485016,0
22760429,0
22598397,0
22793692,0
23368474,1
23004949,1
23727199,1
23710792,0
22412210,0
22371586,1
23376670,1
22969706,0
22675517,1
22820850,1
22574567,1
22489234,0
23179788,0
23470032,1
22968079,0
23153860,1
22368889,1
23032368,1
22569970,1
22459853,0
22676029,0
22816960,1
22350083,1
23084152,1
23381632,1
23632828,0
23755835,1
22641676,0
23014343,0
22882288,1
22408296,0
22887555,1
22387845,0
22485119,1
22903696,1
23191078,0
23550998,0
22927954,0
22440822,1
23415745,0
22659704,0
22704463,1
23323973,0
22679161,1
23647452,1
23374244,0
23642473,1
23455086,0
22809576,1
22518304,1
22538693,1
23552751,0
22475563,0
23338617,1
22816764,0
23194954,0
22842468,1
23079609,1
23522813,1
23114847,1
22370508,1
23609260,0
23369635,1
23025286,1
22791892,1
23598647,0
22602887,0
22717320,0
23536897,1
23145746,1
23099187,0
22855186,1
22769275,0
23107751,0
22504086,0
22731987,0
23608598,1
22998582,1
22426957,1
22443141,1
23407713,1
22594730,1
23078085,0
22737895,1
23171566,0
23466039,0
22400442,1
22492923,0
22735034,1
23570067,0
23646590,1
22763509,0
22466950,1
22815029,0
23115600,1
22369583,1
22399724,0
23698182,0
23210456,1
22931302,0
22472071,0
22426824,1
22837292,0
22774442,0
22813358,0
22796279,0
23442138,1
22883753,1
23685068,1
23709034,1
23142759,0
22439345,0
22607399,0
23063124,1
22931569,1
22354338,0
23667669,1
23313158,1
22487055,1
22369060,1
23638666,0
23019657,0
23500902,0
23067326,0
22914707,1
23573117,1
22528045,0
23374964,1
23113821,0
23088471,1
23356536,1
22548301,0
22844763,1
22777460,1
22416728,1
22886094,1
23257215,0
23323102,1
22374600,1
22634497,0
23306913,0
22603956,0
22934428,1
22867139,0
23577406,0
22950353,1
23506957,0
22984177,1
22452547,1
23302373,1
22971075,1
23329850,1
22577419,0
23486616,1
22960002,1
22939583,1
23191127,0
23567878,0
22462593,1
22749736,1
23031404,1
23049664,0
22506626,0
23281998,1
23730904,0
23658151,1
23589696,0
22983904,0
23001367,1
22959110,0
23406033,1
23401874,1
23086765,1
22498698,1
22952196,1
22903788,1
23617509,0
23000383,1
23129823,0
23572591,0
23011324,1
22523674,1
23463727,1
23046364,1
23408267,1
22568826,1
22338715,1
22859716,0
22393589,1
23555093,0
22404072,1
23124583,1
22832507,1
22339264,1
23312201,1
22540934,0
22624496,1
22939347,0
22516461,1
23140007,1
23567601,0
22956430,1
23286052,1
22525025,1
22487950,1
23725670,1
22856060,1
22971424,0
22760647,0
22888571,1
22475141,1
23467284,1
22628530,1
23527080,1
22664275,1
22397992,1
23291371,1
23299168,1
22511960,1
23098049,1
22771927,1
22908313,1
23354494,1
23483394,0
23171859,1
22453844,0
22800928,1
23576294,1
22923230,0
23624897,0
22376789,1
23130672,1
23447190,1
23637104,1
23331503,1
22618473,0
22961404,1
23358493,1
23054276,1
23545240,1
22558726,1
23760859,0
22379159,1
23180790,1
22447532,0
22976036,0
23290727,0
23282389,1
22996917,0
22621295,1
22744360,1
23389457,1
23092244,0
23495356,1
23452890,1
22972193,1
22801337,1
22900866,0
23618831,1
23221304,0
23000261,1
23002736,1
23578475,0
22705575,1
22436881,1
23401005,1
23526996,0
23468073,0
23196057,1
22847180,0
22622908,1
23344995,1
23110295,0
23165609,0
23246056,1
23393536,0
22949632,0
23218314,1
22636686,1
22718509,1
23081932,1
22777977,1
23024380,0
22569463,1
23158548,1
23314854,1
23752913,1
23179469,1
22629150,0
22887200,0
23714839,1
23290587,1
23126670,1
23092728,0
22948643,0
22414091,1
23403752,0
23180658,1
23332642,1
22623952,1
23740846,1
22333746,1
23431977,1
22903010,1
22910104,0
22587181,1
23219697,1
23319594,1
22854633,0
23686796,0
22497255,1
22331553,0
23516270,1
22732322,1
23595298,1
23030151,1
23711315,0
22966581,1
23738924,1
23045477,1
23632031,0
22403133,0
23265173,0
22506400,1
22841417,1
22747290,1
22901939,0
23067141,1
23285048,1
23267941,0
23708517,1
23547214,1
23367348,1
23099991,0
22827214,1
22750592,1
22574914,0
23761347,1
23190781,1
23327935,1
23510306,1
22778471,1
23128627,0
23652427,1
23432980,0
22816289,0
22647442,1
23671238,1
22766708,1
22504615,0
22468775,0
23676750,0
23150386,0
23461781,1
22459131,1
22573594,1
23663902,1
22696459,0
22453124,0
22524852,0
23602365,0
23361725,0
22455272,0
23226588,0
23212864,0
22384778,0
23755167,0
23068442,1
22669850,1
23652938,1
23529695,1
23232983,0
22579725,1
22819442,1
22773407,1
22798440,1
22659422,0
22573609,1
23611624,0
22993523,1
23162843,0
23010109,1
22519999,0
23412872,1
23262929,1
22859895,0
22983336,0
22854947,0
22717296,1
23115701,1
23582018,1
23566230,0
22475974,0
22839018,0
23040678,1
22787128,1
23177987,0
23631957,0
23162657,1
23148298,1
23740789,1
22498375,1
23371060,1
22781921,1
22598213,1
23406380,1
22818487,1
22911887,1
22662365,1
22421693,1
23159205,1
22858241,0
23211630,0
23151983,1
22553842,0
23470491,0
22655648,1
23675237,1
22576736,1
23685698,0
23119337,1
23478210,1
22442034,0
22632401,1
23630341,0
22567695,1
23156910,0
23048033,1
22710913,1
23228933,1
22433339,0
23570516,1
23572307,0
23730017,1
23714451,0
23369453,1
22385375,1
23248791,1
22925606,0
23384014,0
23575700,0
23202550,1
22378329,1
23672478,1
22854929,1
23640253,0
22541732,1
23309756,0
22858652,1
23714385,0
23347542,1
22720648,1
23654054,0
23139186,0
23013240,1
22807638,0
22452643,1
23225689,0
23555644,1
23309474,1
22477565,0
23007418,0
23648761,0
22758841,1
23446044,1
22925693,1
22886735,1
23325024,0
22833048,1
22837543,1
22589873,1
23164256,0
23051195,1
23040887,1
23329618,1
22349588,1
22588207,1
22895371,0
23232559,1
23502815,1
22725025,1
23692100,1
22430648,0
23194730,0
22627853,1
22851764,0
22769774,1
22541769,1
23616745,1
22651031,1
22365817,1
22849627,1
22400683,1
23021597,1
23041803,0
22962787,1
23395723,0
23588561,0
22588843,0
22703388,1
23351275,1
22639481,1
22512446,0
22551054,1
22640120,1
22865816,1
22594447,0
22949438,1
22760197,1
22638733,1
22328102,1
22455243,1
23171006,1
23045392,1
23012292,1
23197442,0
23255527,1
23065829,0
22787237,0
22500707,0
22522351,1
23219805,0
23714799,1
22359967,0
22411507,1
23436784,1
23350002,0
23251358,1
22422225,1
23042600,1
23206087,0
22772505,1
22487724,1
22652618,1
22399634,0
23356855,0
22556316,0
23517702,1
22964767,1
22895440,0
23594775,1
22520003,1
23119441,1
22741096,1
23386257,1
22466022,1
22563899,1
23732650,0
23398028,0
22823345,1
23623470,0
22630592,1
22951175,1
22630255,1
23699021,1
22369637,1
22806475,1
23089003,1
22437289,0
23237434,1
23421644,1
23497902,0
23482768,1
23729724,0
23079938,0
22773284,1
22999379,0
23662326,1
23097937,1
22718337,0
22446840,0
23031291,1
23149006,1
22912009,1
23281818,1
23164035,0
23369247,1
23434873,0
23137534,0
22413914,1
23092053,1
22522436,1
22951355,0
23675729,1
23668117,0
22671847,1
23135052,1
22415206,1
23270627,1
22773814,1
22865511,0
22755788,0
22987462,0
23245519,0
22785736,1
23497648,1
22485962,1
23683590,1
23270327,1
23347180,0
23406734,1
22827566,0
23542414,1
22338104,1
23446616,1
22447544,0
23298032,0
23596660,1
22570767,0
22469171,1
23255170,1
23676328,1
23453183,1
23329557,1
22828123,1
22909902,0
22623344,1
23404835,1
22632406,0
22365009,1
23584709,1
23569178,0
23327910,1
22605260,1
23741605,1
23741650,1
23302162,1
22708999,0
23171970,0
22367366,0
22821665,0
22810199,0
23261888,0
23043137,1
22864711,1
23333334,1
23473243,1
22659975,0
22623835,1
22344391,1
23428186,1
23451314,1
23123578,0
23587947,0
23169397,0
23128194,1
22768241,0
23213024,0
22877026,1
23131117,0
22887258,1
22661868,1
22952210,1
23604709,0
22448143,1
22399111,1
23644773,0
22741702,1
22609077,0
22579060,1
22485933,0
23274470,0
22700926,1
23328544,1
23726917,0
22868868,1
23046401,1
23394478,0
23742949,0
23531360,0
23653003,0
22625960,1
22805108,0
23128841,1
22881076,0
22530139,1
23579103,1
23268769,1
22857895,1
23569878,0
23552200,1
22557045,1
23261151,0
23138797,1
23410656,1
22460597,1
22917375,1
22837860,1
23377078,1
23572426,0
22614496,1
23753941,1
22678706,1
22966724,1
22604718,1
22641377,0
23126303,0
23619365,1
23090091,1
22819572,1
22832918,1
23321084,1
23363334,1
23421328,0
22374711,1
22722470,1
23501602,0
22721863,0
23421654,1
23559860,0
22541196,1
22727949,1
23197672,1
22856270,0
23245266,1
23180233,1
23465266,0
22773753,1
22372077,1
22952187,1
22921309,1
23057038,1
23042081,0
22619223,0
23184386,1
22929961,0
22380719,1
22869192,1
23589280,0
22394490,1
23560862,1
22860803,1
22479431,0
23021717,1
23081981,1
23020149,1
22377882,1
22607939,1
23213045,1
22370847,0
23625596,0
22547980,0
23376288,0
23531431,0
23353817,1
22485690,1
22374006,1
23183143,0
22496451,0
23479042,1
23041315,0
23166039,1
23248874,0
22514523,0
22551917,0
22474432,0
22513371,1
22361087,1
23095994,0
22843362,0
22503666,0
23531449,1
23236336,1
22516636,1
23223367,0
23253642,1
22845389,0
23174464,1
23457007,0
23119671,0
23177824,0
22938047,1
23675157,1
22640226,1
23273365,1
22997096,0
23053654,0
22435041,1
23405279,0
23316629,1
23408665,1
23414049,1
22882661,1
23639775,0
23413942,0
22552024,1
22789802,0
23051100,1
23415971,1
23383226,1
23732188,1
22761848,1
23127037,1
23703263,1
22792108,1
22909438,0
22610293,1
22644560,0
22621999,0
23423066,0
22549839,0
23217637,1
23004583,1
23647422,1
23405374,1
23030449,0
22971585,0
22810301,1
23707409,0
23389426,1
23405806,1
23637228,0
22929948,0
22439559,0
23321893,1
23200626,1
22835384,0
23729998,0
23276982,0
23011446,1
23145017,0
23654566,0
23494038,0
23650676,1
23443899,0
22799423,1
22580217,1
23310282,1
23521793,1
22363840,1
23573741,0
23658739,0
22988176,0
22636998,1
23557909,0
22885012,1
23175576,1
22839783,1
22581206,0
22491715,0
23390710,1
22962360,1
23214840,1
23134849,1
23419329,0
22857565,0
22969442,1
23672194,1
23060020,1
23073486,0
23361315,1
23333765,0
22844904,0
23713897,1
23412697,1
22762410,1
22341519,0
22646575,1
22713137,0
23737551,1
23575220,0
23554913,1
23054116,1
22685491,1
23522632,1
23715091,0
22758047,1
23667387,0
22910624,0
22471575,1
22362286,1
23644082,0
22472831,1
22887114,1
23602052,0
22486501,1
22983522,1
22996400,1
23504437,0
23460925,0
23582263,0
22714041,0
23652243,1
22788985,1
23293211,1
23430313,0
23338624,1
23691487,0
22890896,0
22789202,0
22853883,1
23209065,0
22455871,1
23727943,1
23651122,1
22750782,0
23258991,1
22555966,1
23641008,1
23389475,1
22738421,1
22866198,0
23616499,0
22480803,1
22786114,1
23657080,0
22907909,0
22328824,0
22856325,1
23703397,0
23518333,1
23594718,1
22722093,1
22652826,0
22943271,1
23714246,1
23707827,1
22813023,0
22719403,1
23274415,1
23087104,0
23352362,0
23535334,1
23167294,1
22802781,1
22972371,0
23683769,0
23680598,0
23053209,1
22573242,1
22487037,0
23242367,0
22695558,1
23213154,1
22517203,1
22792641,1
22787696,0
22954223,0
22582421,0
23366073,0
22727728,1
22884752,1
22769310,1
23194357,1
23216954,1
22475116,0
23124198,0
22611470,0
23241148,1
23639799,1
22803364,1
22997159,0
22353829,1
23029159,1
22887615,0
23096243,1
23485248,1
22397055,0
22988486,0
23454580,1
23460230,0
22782759,1
23569658,0
22604526,1
23317219,0
23265937,1
23338022,1
22411501,0
23259424,0
23257776,1
22380717,1
23275097,0
22445478,1
22951501,1
23204715,0
23382965,0
22456252,1
22846957,1
22549220,1
22655733,1
23184752,1
22684849,0
22615764,0
23243577,1
22759650,1
22794268,1
23152732,1
23126896,1
22859381,1
23558844,1
23685583,1
23169289,0
23236615,0
22919607,1
22987726,1
22561873,1
22597267,1
23414860,0
23210557,1
23488863,1
23484905,0
23474875,0
23643434,1
23668442,1
23125664,1
23539777,1
23554956,1
22588190,0
22917263,0
22856932,0
22394925,1
23419432,0
23259588,1
22957746,0
22696138,0
22581497,1
23385944,1
23758056,1
22889495,0
23505260,0
23063391,1
23175060,1
23593576,1
23301105,1
23489833,1
22339133,0
22984238,0
23514960,0
22423557,0
22706172,1
23083844,0
22753888,1
23104404,1
23543627,0
22496300,0
22882775,1
22973861,0
22461249,0
23669533,1
23667616,1
23043715,1
22533378,1
22472290,1
22542872,1
22923247,1
23430076,1
23256765,1
22748955,1
23196238,1
22994081,1
23598148,0
22468066,0
23220954,1
22487498,0
22799242,1
22584220,1
23106565,0
22576757,1
23198363,0
22482701,0
23088649,0
23684358,1
22585908,1
23424981,1
23215311,0
22738439,0
23536683,1
22586028,0
23207496,1
23609705,1
23061464,0
23557917,1
23394365,0
23216292,1
22855931,1
23480667,1
23372973,0
22862873,1
23419333,0
22821718,0
23554299,0
22428310,1
22501295,1
22351119,0
23585102,0
23588286,1
22915923,1
23450830,1
23246799,1
22794080,0
23207310,0
23599118,1
22894663,1
23427369,0
22517425,0
23076853,0
23475960,0
22754194,1
22886137,0
23439866,0
23224933,0
23486988,1
22808301,0
22369721,1
23403017,1
22801726,1
22609947,0
23029205,1
22695439,1
23592427,0
23597696,0
23077522,1
23642471,0
23086796,1
22537752,0
22886613,0
23636030,0
22435099,0
23622044,0
22663385,1
22732802,0
22445782,1
22533516,0
23163279,1
22427782,0
22674926,1
23355853,0
23297346,1
23076548,1
22715552,1
22569589,1
23578810,1
23732912,0
22650960,1
23210983,1
22815958,1
23198773,1
22927915,0
23603834,1
23025980,1
23396665,1
23252693,1
22438296,1
23572522,1
22972665,0
23111566,1
23392359,0
22667695,1
22388503,1
22591175,0
23489838,0
22962208,1
23738306,0
23580087,0
22723440,1
22763481,0
22784362,0
23028369,1
22874795,1
22460571,1
22517713,1
23715658,0
23562737,0
23680194,1
23356378,0
23190157,1
22616341,1
23197086,0
22364733,1
22760649,0
22518764,1
22987358,1
23231865,1
22680825,0
23493863,1
22473469,1
23716336,0
23621033,0
23316679,1
22570761,1
23499020,1
23005176,0
23176731,0
22757915,0
22822280,0
22710822,0
22998021,1
23448163,0
22654955,0
23029392,1
23728709,1
23514172,1
22922213,1
22893702,1
23077624,1
22949024,1
22770434,0
23356779,1
22970507,0
22850353,0
23749171,1
22927477,1
22562609,0
22408333,1
23017730,1
22654243,1
23478271,0
23173301,1
22417067,0
22563785,0
22754659,1
22638058,0
23314475,1
23006140,1
22889939,1
23130158,1
23159977,1
23420071,1
22335984,1
23041908,0
23271389,1
23155239,1
22881671,1
22747382,1
23201455,0
23235948,0
23325435,0
23411507,1
23400086,1
23365678,1
22847608,1
23134929,1
22961057,1
23565220,0
22705178,0
22614441,0
23485678,0
22617948,1
22504896,1
23552653,1
23166360,1
23548892,0
23380540,0
23454907,1
23174551,1
22529796,1
23612116,1
22935246,1
23537118,0
23556348,1
22481297,0
23539414,1
23072150,1
22765866,1
22366107,1
22947126,1
23164392,1
22435235,0
22914793,1
23347894,1
22371379,1
22798880,1
23652980,0
22560465,1
22609347,0
23524289,1
22527208,0
22453617,1
23016196,1
23075635,0
23148817,1
23028612,0
23467838,1
22782738,1
22677767,1
23718455,0
22365788,0
22494554,1
22358892,1
23718871,1
23053705,0
23324095,1
23294905,1
23673973,1
22617134,1
23315437,1
23400749,1
22357514,1
22444850,1
23038013,1
22803583,0
22382073,0
22577257,1
22467916,1
23115807,1
23246903,0
23720375,1
23323899,0
23048970,1
23196814,1
23744059,1
22990137,0
23656958,1
22470748,1
22467165,1
23182689,1
23636196,1
23639441,0
22344369,0
23122573,1
23585432,1
22949736,0
23493995,1
22328071,1
22611993,0
23429650,0
22382901,1
22976358,0
23326350,0
22821458,1
23461033,0
23345225,0
23393017,1
23060189,0
23608061,1
23459075,0
23415379,1
23193039,0
23182476,1
23044597,1
23142793,1
22339578,0
22784436,1
22439136,1
23469467,0
23476266,1
23014708,1
22719948,1
22696401,1
23713680,0
22730363,0
23127483,0
22659225,0
23632229,1
23508247,0
22957257,1
23558842,0
23107376,0
23219120,0
22443854,1
23080275,1
23751365,1
23580921,0
22508695,1
22873225,0
23500526,1
23585507,0
23472627,0
23074367,1
23548195,1
22872985,1
23724733,1
22803779,1
23189234,0
23381591,0
22801941,1
22440275,1
22651348,1
23023738,1
22657165,1
23470454,0
23169135,1
23177927,1
23015645,1
23113530,1
22996979,0
23123707,0
22751841,0
22605663,0
22464617,1
22515077,0
22415707,1
23361307,0
22697942,0
23384131,0
23163062,0
22432708,1
23007202,1
23114113,0
23329003,1
23104990,0
23388211,1
23537429,0
22867053,1
22423051,1
23138670,0
22544821,1
23251810,0
23095402,1
23506154,1
23373522,1
23457703,0
23361259,1
23709675,0
23198986,0
23168070,1
22708908,0
23677306,1
22395183,1
23351079,1
22897647,1
23427291,1
23092954,0
23148964,1
22909431,1
23295965,0
23287551,1
22890676,0
23575837,0
23202474,0
22877090,0
22959323,1
22642230,0
22660103,1
23591634,0
22729467,1
22633932,0
23337258,1
22446771,1
23750177,1
22432072,0
23211580,0
22948570,1
22423233,0
22606424,1
22511780,0
22509018,0
22915754,0
23368837,1
23424846,1
22959380,0
23220958,1
22622727,1
22623055,1
22424266,1
22329302,0
22780366,1
22373250,0
22904165,0
23022777,0
22419968,1
22789691,1
22494544,1
23722116,0
23293903,0
23586139,0
23331251,0
23312069,1
22493354,1
22492643,0
22447553,1
23012498,1
23658116,1
23089381,0
23196467,1
23118619,1
23716247,1
23073017,1
22651353,1
23005068,1
22499284,1
22821964,0
22346110,1
22695631,1
22836239,1
23435942,1
23514416,1
23374339,1
22809420,1
23160417,0
23060775,0
23162070,1
22474992,1
22851240,1
23572279,1
23377863,0
22625602,0
22800721,0
23533245,1
23361855,0
22524543,0
23694425,1
23443752,0
22626698,1
22619540,1
22722961,1
22826018,1
23739666,1
23040912,1
22945761,0
22404289,1
23210110,1
23094131,0
23107330,0
22581543,0
22809909,0
23661105,1
23083177,1
23551760,1
22626107,0
23671134,0
22353712,1
22476824,1
23267677,1
22649795,1
23059385,0
23458850,1
23658078,0
23654580,1
23274976,1
23561411,1
23673777,0
23316439,1
23136704,1
23742878,1
22528645,1
23477260,1
23070658,1
22802159,1
23509306,1
23594142,1
23685546,0
22622861,1
22689097,1
22939331,1
23224357,1
22440793,1
23082769,0
22603318,0
23473619,0
23681295,1
22948151,1
23027018,1
23375000,1
22348912,1
22370188,1
22928628,0
22818368,1
23442727,1
23037961,1
22685105,1
23056707,0
23702899,0
22671357,1
23591608,0
23437671,1
23202012,1
23659931,1
23148393,1
23576530,1
23135936,0
22677575,0
23118974,1
23227706,0
23341604,1
23511843,0
22686764,1
23310591,0
22829919,1
23223959,1
23189108,0
23434167,1
23223352,1
23222175,0
23005999,1
22417093,1
22837545,0
22476142,1
22453698,0
22548337,0
23203530,0
23724625,0
22532754,0
23367385,0
23418670,0
22377430,0
22923169,1
23256042,1
23669577,1
22394621,1
22684843,0
23355494,0
23292873,0
22507365,1
22429951,1
23040582,1
23515198,1
23566164,1
23383804,1
22906153,0
23722378,1
23510137,1
22955660,0
22670899,1
22934708,1
22673713,1
22434645,1
23150044,1
22391200,0
22560049,1
22418151,1
22421540,1
23621785,1
23166117,0
22851342,1
23052867,1
22778247,0
22944132,0
23093059,0
23305577,1
22879878,1
22510669,1
23741715,1
23013971,0
23077528,1
22369152,1
23298725,0
23447374,1
22840290,0
23492531,0
23556306,1
22723541,0
22793188,1
23138272,1
22741317,1
23345456,1
22713844,1
22986339,1
23756795,1
23541329,0
23610082,1
22497140,1
22710942,0
23472822,1
23048376,0
23553294,1
23186552,1
22690937,0
22751984,0
22472189,0
22755862,1
23541027,0
23032219,1
22705086,0
23454645,0
22917323,1
23686219,1
23169579,0
22661700,0
22405438,1
23236817,1
22991057,1
22348740,0
23230053,0
22851423,1
23531012,0
22936469,1
22390581,1
22732130,1
22818836,1
23001324,1
23326211,1
22355873,1
23116218,1
22374531,1
23662439,1
23232691,1
23490205,0
22698659,0
23427755,1
22454601,0
22562252,1
23329486,0
23626667,1
22895824,1
22973924,1
22434573,1
23275221,0
23047455,1
23104440,0
23067495,0
23071990,1
23477432,0
22967343,1
22596056,0
22504436,1
23501419,1
22568955,1
23188517,1
23449423,1
23506239,1
22518875,0
22770263,1
22425501,1
23746126,1
22845571,1
22567571,0
22846725,1
23080524,1
22519098,1
22895649,0
23759020,1
22925819,1
22827423,0
23155515,0
22958222,0
23425762,1
23691468,1
23137195,1
23381137,0
22362776,1
23676457,0
22784255,1
23431653,1
22389247,1
22702234,1
22988680,1
23325667,0
22850958,1
23293759,1
22882340,1
22482565,1
23015717,1
23384210,1
23351415,1
22622208,0
23529733,0
22378675,0
22550969,1
22613687,0
23041400,0
22712075,1
23145336,1
22725573,1
22489772,0
22344931,1
23599753,1
23012237,0
23137899,0
23350674,1
22548764,1
23705436,0
22959219,0
23704757,1
23099964,1
23586014,1
23387417,0
22574192,1
22431183,1
22376684,0
22801183,1
23615712,0
23264146,1
23630179,1
22975806,1
22437897,1
23038571,0
22726291,1
22789765,0
23658619,1
22670738,0
22615565,1
23129234,1
23117322,0
23195307,0
23076332,0
23314006,1
23730753,1
23261516,0
23128091,1
23096473,0
22852486,1
23007724,0
23155885,1
22616479,1
22812763,1
23109401,1
22916472,1
22889314,1
23662110,1
22353736,1
23432610,0
23014233,1
22659412,1
22484794,0
22502150,1
22980297,0
23116913,1
22838378,1
22849993,1
22798631,1
23297757,1
22616734,1
23221032,0
22338604,0
23464531,1
22811386,1
23008621,0
23673317,1
23596261,1
23198042,0
23305282,0
23489166,1
22737034,1
23155996,1
23407267,1
23359231,0
23323506,1
22871808,0
22483392,0
22510340,0
22485331,1
23446819,1
22522869,1
23431280,1
22730638,0
22383967,1
23051001,0
22541847,1
23294062,1
22948054,1
23293830,1
22991602,1
23761172,1
23288501,1
23175896,0
22793442,1
22819975,1
23619198,1
22855444,0
23316412,1
23539886,0
23652544,0
22871817,0
23510341,1
23673824,1
22921093,0
22849828,0
23720763,0
22634627,1
23519471,0
22496439,0
22742072,1
22736140,1
23298866,0
23528492,1
22449129,0
23380271,1
23577968,1
23023573,1
23490758,0
22893902,0
23010298,1
22874032,0
22806957,1
22849864,0
23222161,0
23052646,0
23393815,0
23439047,1
23736386,0
23738794,0
22356521,0
22959093,0
23252291,0
23431434,1
23652956,0
22896053,1
22760845,1
22933926,1
23375546,0
22645720,0
23656783,0
23191919,0
22713472,1
22712981,0
23416085,1
23015082,0
23527319,1
23542875,0
22661579,1
22550323,1
22442837,1
23509198,1
23079405,1
22734679,1
23443319,1
22334549,0
22336373,1
22760372,0
23082477,0
23102288,0
22971520,1
22389283,1
22954654,0
23248076,0
22749274,1
22545657,1
23514141,1
22342404,1
23564632,0
23341628,1
23301323,1
23506099,1
22791769,0
23172753,1
22787863,1
22835744,1
22992452,0
23113190,0
23755203,1
23661371,1
22481501,0
23653579,0
23450320,0
22543487,0
22549613,1
23700067,1
22854156,1
23590057,1
23162621,1
22749690,0
23574411,0
23317838,1
23631086,1
22810866,1
23690277,0
23376176,0
23462639,1
22694508,1
23271504,1
22448565,0
22649036,0
22537607,1
23489305,0
23587429,0
23396377,1
23623118,1
22767304,1
23203010,0
22472782,0
23708138,1
22415311,0
22647436,1
23248016,0
23740399,0
22427317,0
23072174,0
22918385,1
23087639,1
22487435,1
23287385,1
23638339,0
22623843,0
22793759,1
22462797,1
22434488,1
23707626,1
23729148,0
23750768,1
22486890,1
22917286,0
23558365,0
23702757,0
22694198,1
23167884,0
23144153,1
22882280,1
22814681,1
23399050,0
23285814,1
22438469,0
22723760,1
22392099,1
22862454,0
23572300,0
23705169,0
22728975,1
23198069,1
22813977,1
23082219,1
23663266,1
23491914,0
23685016,1
22372998,1
23691943,1
22469373,0
23216714,1
23401156,0
23475222,1
22658254,1
23761386,1
23068582,1
22479658,0
23365870,1
22849719,0
22841428,1
22680932,1
22599600,0
23502864,0
22749480,0
23528103,1
22535602,1
23501180,0
22702337,0
22609314,0
23760742,1
23052654,0
23170000,0
23113064,0
23254077,1
23320530,1
22939461,1
22962843,0
23369188,0
22388437,1
22827328,1
22401248,0
23470506,0
23063411,1
22517886,0
22537061,1
23121609,1
22922744,1
22678288,1
22705732,0
23255083,0
22576518,1
22336537,1
22891408,1
22472232,1
23690858,1
22688589,0
22600333,1
22902961,1
22471837,0
22522420,1
22633878,1
23168559,1
22557123,1
23225554,0
23669629,0
22381599,1
23755885,0
23172843,0
22532839,1
22854611,1
23079467,1
23030369,1
23224654,1
22556172,1
22621487,1
23341439,1
23035321,1
22519126,1
23624665,0
22403226,0
23160552,0
22715619,1
22834016,0
22574894,1
22976842,1
22682470,1
22641326,1
23105075,1
23054179,1
23552910,1
22742473,1
23244349,0
23024913,1
22458546,1
22430029,1
23074832,0
22619080,1
23715352,0
23452455,0
23306168,0
22526896,1
23015651,1
23757785,0
22590236,0
23139293,1
22625201,0
23504321,0
23200872,0
22873433,1
23359436,0
23505711,0
23068219,1
22480714,0
22475501,0
22371960,1
22756884,0
22692321,0
23337044,0
22612248,1
23284817,1
23468859,0
23485130,1
22865653,1
23609212,0
22407807,1
23597546,0
23634685,0
22398370,1
22831139,1
22447868,1
23752283,0
23423952,1
23346384,1
23069628,0
22621012,0
22411093,0
22548945,1
23267771,1
23180504,0
22832447,1
22721757,0
23241380,1
23355339,1
22716995,0
23377015,1
23265551,1
22781011,0
22446425,1
23021578,1
23700852,0
22728254,1
22729584,0
22361926,1
22583233,1
23368966,0
23689581,0
23535892,1
22499166,1
23270470,0
23635731,0
23473158,1
23308009,0
23739108,1
22887299,0
23690880,1
22652993,1
23462560,0
22335003,0
22947875,1
22827493,1
23406529,1
22694115,0
22597902,0
22776587,0
22705147,1
22412031,1
22976160,1
23310496,0
23095926,1
22906373,1
23672735,0
22530856,1
22729318,1
23360842,0
23698009,1
23199708,0
23554791,0
23499240,1
23647697,1
22853013,1
23133227,1
22631829,1
22694223,1
22360942,1
23568388,1
22517804,1
22987809,0
22797743,0
23690158,1
23235484,0
23729327,1
22533858,1
22814935,1
23658924,1
23070134,1
23252299,1
23288680,1
23278481,1
22471426,1
22559265,0
22466707,1
23018110,0
23293422,1
22833173,1
22758580,1
23324298,1
22795781,1
23301925,0
22610374,0
22768168,1
23628151,0
23291186,0
22950117,0
23185719,1
22843659,0
23653487,1
23021273,0
22870995,0
22613595,1
23197487,1
22762949,1
23188153,1
22919934,0
23455572,1
23378944,0
23467239,1
23139098,0
22504374,1
23400146,1
22825264,1
23727892,0
22657228,1
23080661,0
23127211,1
22548090,0
23288048,0
22588266,0
22440457,1
22653582,1
22978386,1
23256173,1
23229038,0
23675386,0
22659185,0
22494801,0
23182153,1
23382964,0
23497435,0
22642550,0
23637453,0
22740527,0
22918801,1
23269860,1
23611749,0
22565269,1
22991173,0
23611454,0
22799449,1
22709516,0
22786875,0
22374226,0
23535285,0
23478442,0
22633825,0
22970289,1
22910864,1
23005150,1
22513703,1
22870418,1
23521958,0
23624340,0
23718794,0
23103822,1
22406508,1
23300260,1
22826730,1
22630360,1
23725258,1
23577916,0
22841926,0
22792354,1
23279210,1
22747938,1
23342076,1
22338145,1
22614953,1
23156109,0
23550042,1
22586869,1
22972475,1
22656454,1
22850101,0
23649973,0
22643674,1
23129869,0
23619957,1
23163679,0
22757493,1
22715683,1
23277870,0
23412105,1
23495763,0
22540899,1
22485746,0
22805533,0
23543492,1
22719069,1
23160598,0
22774557,1
23022323,1
22529809,1
22741022,0
22748549,1
23269216,1
23012727,1
22558623,1
22464757,1
22604025,1
22486701,1
23579746,1
22985556,1
22427520,0
22736790,0
22790676,1
23065542,0
23667708,1
23181911,0
22730732,1
23629067,1
22662274,1
22805786,1
23610918,0
23434265,1
23652746,1
22992370,1
22952329,0
23554117,1
22829673,0
22989411,1
23610426,0
22620957,0
22375096,0
23317712,1
22358119,1
23705044,0
22352725,1
23348000,0
23437832,1
22714821,1
23682465,0
22963013,1
22443305,1
23625974,0
22795379,0
23025065,0
23661682,1
23697138,0
23302033,0
22485879,1
22411903,1
22411382,1
22549372,0
23234788,0
23341257,1
23582369,1
22901943,1
23078198,0
23203958,0
22567867,1
22331819,0
22455705,0
22543742,1
23722534,1
22725831,1
23385525,0
22456950,1
23005948,0
22669392,0
23153636,0
23721428,0
23560598,0
22969242,1
22623252,1
22385278,1
22686288,1
23165814,1
22883060,1
23648584,1
22364289,1
22833796,0
22789589,0
23633705,0
23465706,0
23482120,1
22842710,1
23159951,0
23238004,1
22630416,0
22482502,0
22547823,1
23603855,1
22700595,0
22882361,1
23428082,0
23552657,0
23642591,0
23073845,1
22980217,0
22675284,1
22508160,0
23360222,1
23162707,1
23404288,1
22852083,0
22484894,1
23340729,0
23403132,1
22523590,0
23545800,1
23263153,1
22998625,1
23427270,0
23173519,0
23575897,0
22856538,1
22529981,1
22374240,1
23119687,1
22450062,1
22409229,0
22815931,0
22751806,0
23677906,0
23095478,0
22637919,0
23731682,0
22822822,0
23009479,0
23419258,1
22634019,1
23428465,1
23206281,1
22454244,0
22783826,1
22874821,1
22568602,1
23233943,1
23521031,0
23462072,0
23466729,0
23498621,1
22634564,1
23196941,1
22567603,0
23756729,1
23342709,0
23332890,1
22330000,0
23325588,0
23493582,0
22990771,0
23051736,1
23648901,1
23728119,0
22843182,1
22975844,1
23570841,1
22756471,1
23390905,1
22958571,1
22992562,1
23495171,0
22403918,1
23554478,0
23175886,0
23044820,1
23086806,0
23360050,1
22608427,0
23674169,1
23582473,1
22887554,0
23464081,1
22533172,1
23023660,1
23617853,0
22960803,0
23714969,1
22397290,1
22953354,0
22487467,1
22367385,0
22877896,1
23463935,0
23348858,0
22726845,0
22972075,0
23173874,1
23092021,0
23740275,1
23426036,1
23323528,1
22954620,0
22740248,1
22821404,1
22711565,0
23373364,1
23043512,0
23398082,0
22403498,1
23520994,1
22936196,1
22596119,0
23607511,1
22763052,1
23042894,0
23459546,0
22897007,1
23230786,1
23100423,1
22947407,1
22381640,1
23219609,0
23283374,0
23121281,1
22559146,1
23041215,1
22677666,0
23608227,1
23237960,0
23049300,1
23367565,1
23389988,0
22825118,1
22419694,1
23130433,0
23593710,0
23511985,1
22966747,0
22473935,1
23613973,0
22758161,1
23432966,1
22820204,1
22942852,1
23350989,0
23730812,1
23481437,0
22574101,1
22778497,1
22671704,0
22562870,1
23434227,0
23494924,0
23207011,1
22419725,1
22676607,1
23446816,0
22715141,1
23062679,1
22427122,1
23510697,1
23597695,0
22954948,0
22633065,1
23274962,0
22436290,0
23563127,0
23088723,1
22447089,1
23166144,1
22765171,1
23303358,1
23019423,1
22664327,1
23672431,1
22602486,1
22354005,1
23717482,1
22895650,0
22715858,0
22541360,1
23495348,1
22386584,0
23455529,0
22847961,1
23560401,1
22520108,1
22897070,1
22658224,0
22757912,0
22710271,1
23239549,0
22811702,0
22940590,0
22816331,0
23558670,0
22846164,1
22817428,1
22751835,0
22781044,1
23000481,0
22989755,1
23524501,1
22569170,1
22488248,1
22493152,1
23481017,1
23417056,1
23234466,1
23742652,1
22561685,0
23654361,0
22425839,0
23253362,1
23570556,0
23745959,0
23532693,1
22700764,0
23155308,1
22920162,0
23381130,1
22977801,1
22855435,0
22460554,1
23293603,0
22622507,0
22474990,0
23042555,0
22558821,1
22768302,1
22974556,0
22467679,1
23705451,0
23163024,1
23003611,1
23734750,1
22376905,1
23484814,1
22576406,0
22671514,0
23683821,1
23641816,1
23259346,1
22434239,0
23348103,1
23376099,1
22694537,1
23117962,0
23397410,1
23745831,0
22998288,0
22882577,0
22737325,1
22843897,1
23573247,0
22694219,1
22653458,1
23653391,0
23337431,0
23705309,1
22724576,1
23411300,0
22607895,1
23629402,1
23540506,1
23066862,1
22887729,0
23375022,1
23754006,1
23458086,0
23371669,1
22827071,1
22436125,1
22854391,0
22342955,0
23405319,0
22998254,1
23328810,1
22356492,1
22420194,1
23334907,1
22982523,0
22792149,1
22376192,0
23338335,1
23748687,0
22628451,1
22504350,0
22651766,0
22573322,0
23441793,0
23346242,1
22447223,0
22557343,1
23325943,0
22434303,1
23150345,1
23648179,1
22626177,0
22539181,1
23238132,0
22877875,1
22805047,1
22394840,1
23677509,1
23316777,0
23622142,1
22893596,0
22376951,1
23242042,0
22457867,1
23122737,1
23469392,1
23067707,0
23414910,0
22907431,1
22871852,1
22401952,1
22835221,1
23180031,1
23021396,1
22432377,0
22891415,1
23685621,0
22584489,0
23556366,1
23271497,1
22608908,1
23001861,0
23602289,1
23190854,1
22896057,0
22976256,1
23473598,0
23458057,0
23643060,1
22674100,1
22936554,0
22332830,0
22989608,0
22593914,1
23105406,1
22931392,1
22815289,1
23559927,0
22459267,1
22463274,0
22457808,0
23212190,1
23485054,1
22991709,1
23662208,0
23182333,1
22830928,1
23513033,0
23342172,0
22756912,1
23192241,0
22953623,1
22491155,1
23656260,1
23287294,0
23708466,0
23149460,0
23455401,0
23075501,0
22835295,0
23189507,1
22406992,0
23455786,0
23594793,1
22794767,1
23240535,0
23493605,0
23588146,0
23385026,1
22673202,0
22917852,1
22849233,1
22682691,0
23142846,1
23364500,1
23337429,1
23443553,1
23272211,0
22352808,0
22771031,0
23665902,0
23468884,0
22982859,1
23739591,1
22476029,1
22496591,0
22591923,1
22815796,0
22633811,1
23508858,0
22887715,0
23477455,0
23353235,1
23631677,1
22694672,0
22726286,1
22428915,1
22572397,0
22543975,1
23299952,1
23058417,1
22760626,1
22690336,0
23502480,0
22522278,0
22839655,1
23607845,1
23100688,1
22882338,0
22686361,1
22554856,1
23318075,1
23101159,0
23297812,1
22570456,0
23529730,1
22360766,1
23644618,0
22366299,1
23481924,1
22955047,1
23362531,0
22728603,1
22663862,0
23588219,0
23491028,0
22378152,0
22537393,1
23231708,0
23391107,0
23190457,1
23704276,1
23327646,1
22496012,0
23492567,0
22419744,1
23379098,1
23306399,1
22353683,1
22472445,0
23203764,1
23351096,0
23137830,0
23473529,1
23314162,0
23207833,1
22569393,1
22397394,0
23020709,1
23275821,0
22688131,1
23306539,1
22380974,1
23315346,0
22857901,0
22594065,1
23150233,0
22855294,1
22470778,0
23068321,1
23085917,1
23524987,1
23582901,0
22681709,1
23258588,0
23185538,1
23293228,1
23088860,1
23056251,1
22951250,0
23322485,0
22862477,1
22353880,1
23265347,1
23274930,1
23633267,1
23616725,0
23687570,1
23342232,0
23393008,0
23493220,1
22663879,1
23250556,1
22375676,1
23058302,0
22343326,1
23631612,1
22419520,1
23049926,1
23490879,0
22952189,0
22689574,0
23720730,0
22826339,0
23261458,0
22702418,1
23152814,1
23641297,1
23448665,0
22639496,1
23476797,1
22419567,1
23511544,1
22860103,0
22367822,0
23414008,0
23408751,0
23693572,1
22790935,1
23198237,0
22551760,0
22573316,0
23413908,0
22343416,1
22416953,1
22497669,0
22661755,1
22791833,0
23121248,1
23592823,1
23451718,0
23305216,1
23286284,1
23571074,1
22531890,0
23485593,1
23693731,0
23409475,1
23647488,1
23159662,0
22882352,0
23167363,1
22570575,1
23364546,0
23237049,0
22781708,1
22717221,1
23630063,0
22894507,1
23247291,0
23587940,0
23348542,0
23693341,1
22701738,1
23500718,0
23232787,0
23232088,1
23501581,1
22936513,0
22617743,0
23469991,1
23327741,1
23260391,1
22807910,1
22619081,1
23075846,1
23269080,1
23705043,1
22410126,0
22924051,0
22954095,0
23190934,0
22407386,1
22988796,1
23753612,1
22709498,1
22867745,1
22822765,1
23427287,0
23546978,1
22599584,0
22927901,0
23066330,1
23381270,0
22871086,1
22928595,0
22374647,0
23062959,0
22848432,1
23001475,0
23712164,0
23516651,0
23380408,0
23182790,0
23126076,1
23041669,0
23199215,1
23469026,1
23312955,1
23463350,0
22684729,1
23196675,0
22674864,1
22373613,1
23177711,0
22940146,0
23753728,0
23233142,1
22585186,1
23107564,1
23575710,1
23647368,0
23707215,0
22812046,1
23567529,1
23693492,0
23058095,1
23157007,1
23004073,1
22503017,1
23280316,1
22937952,1
22617446,1
22756586,0
22548871,1
22770290,1
23140560,1
23498816,0
22626091,1
22545173,1
23526067,0
23470293,0
22839601,1
22988151,1
22673134,1
23268770,1
22746874,0
22348821,1
22956494,1
23718562,0
22951897,1
23609666,1
22874471,1
22376083,1
22665171,1
22760484,0
22777231,1
22473305,1
23643876,0
22396707,1
23273356,1
23631311,0
23083371,1
22553864,1
23046965,0
22772508,1
23186220,1
23386930,0
22819909,1
22952449,1
22974427,0
23134717,1
22350229,1
22843987,1
23407773,0
22568653,0
22657048,0
22409629,0
22440068,1
23201032,1
23257402,1
23134419,1
22540102,1
22783879,1
22757929,1
22733152,1
23706991,1
23336717,1
23441604,0
23639148,1
23109541,1
22875825,1
23117457,0
22478255,1
23225304,0
23411017,1
23650512,0
23233779,1
23243721,0
23306850,1
22898825,0
22861973,0
22929979,1
22495336,1
22582419,1
23720849,0
23598892,0
23044010,1
23755084,1
23375847,1
23536366,0
22941358,1
22804221,1
22544657,1
23751449,0
22766281,1
22383739,1
22975324,1
23443881,1
23266829,1
22873123,0
23623409,1
22629239,1
23288447,0
23383860,0
23226638,1
23648704,0
23748837,1
23455600,1
23409820,0
23336491,1
22719097,0
22332133,1
22595193,0
22984499,1
23246473,1
23191340,1
22643514,1
22434717,1
23482135,0
23250099,1
22522810,0
23213709,1
23461223,0
23654452,1
23749317,0
22793017,1
22608075,0
23190834,0
22365712,1
23734223,1
23718682,0
22961735,0
22348039,0
23324111,0
23143855,1
23553857,0
23097132,0
22374847,1
22906781,1
22355170,0
22394710,1
23406446,0
23291088,1
22905546,1
22530254,1
23727567,0
23640533,1
23314100,0
22737506,0
22561207,0
22470087,1
22967972,1
22581827,1
22950903,1
23561599,1
22517868,1
22590774,1
22619395,1
22775796,1
22743281,1
22735497,0
23303579,1
23720680,0
23120824,1
22702537,0
22906001,0
23300029,1
23022569,1
22794381,0
23660034,1
22925280,1
22442517,1
23637997,1
23629964,1
23304107,1
23370819,1
23184086,1
22375906,1
22655985,1
23353509,1
22860489,0
23409808,1
22897500,0
22932195,1
22683521,1
23281948,0
22595645,0
23111719,1
23443131,1
22854896,1
23074234,1
23622506,0
23750817,1
22593296,1
23650561,1
23560361,0
23742921,0
23229790,1
22998010,0
23036080,1
22333553,1
23575405,0
22698783,1
23641313,0
23255677,1
23037640,0
23462832,0
23037068,1
23136791,1
22547635,1
23114199,1
23668031,1
23176073,1
23581488,0
22679626,0
22863078,0
23263110,1
23353502,0
22836319,1
23062515,0
22822681,0
23209570,1
22506869,1
22905547,1
23423895,1
22640672,1
23090586,0
23189595,1
22532576,1
23288189,0
23326413,1
22647273,1
23550797,1
22600276,1
22352708,1
23292345,1
23166506,1
22535468,0
23172295,0
22534932,1
23083545,0
23633312,0
23516552,1
23191905,0
22469815,1
22342820,0
23741544,1
22548999,1
22591500,0
23553247,0
23226232,0
23401046,1
23466137,0
23018415,0
23620458,1
22465189,1
22633348,1
22651622,1
23655633,0
22528128,0
22419477,1
22529777,1
23260146,0
23382289,1
23024538,1
23444531,0
23209881,0
23150404,1
22833708,1
22742566,1
22749420,1
23194700,0
22620461,0
23255457,1
23603036,1
23417137,1
23327265,0
22580271,0
22441720,1
23177678,1
23003200,1
23466572,0
22684366,0
22996187,0
22948941,1
23727959,1
23532001,1
23160302,1
23198346,0
22612321,1
22815910,1
23468725,0
23404549,0
22928516,1
22902481,0
23256366,1
22339465,1
22394352,0
22706251,0
23693638,0
23573136,1
23413363,1
22979824,0
23300700,1
23318346,1
23023342,1
23394954,0
23012176,0
22673308,0
23341661,1
22515892,1
23383975,1
23270996,0
22462878,1
22976772,1
23071772,0
23690588,1
22940890,1
22610496,1
23591901,1
22920094,1
22910963,1
22658885,0
22939610,1
22943259,1
22647140,0
22576045,1
23759945,0
22920384,1
22601056,1
23270370,0
22835234,0
22588873,1
23207647,1
23448113,0
23007767,1
23238872,1
23209392,1
22896689,0
22383793,1
23163722,1
22876550,0
22340466,1
22723047,0
23407155,0
22427594,1
22762828,0
23255224,1
23365644,1
22907383,1
23354618,1
23342473,0
22674226,1
23752388,0
23099945,1
23039789,0
22333567,0
22906592,0
22629667,1
23131439,1
22972314,1
22665915,1
22450591,1
23061495,1
23190076,1
23523634,0
23661669,1
22809388,1
23433225,1
23442489,1
23007803,1
23670625,1
22522571,1
23190344,0
23080642,1
22398802,1
22352875,1
23196986,0
23299064,0
23577915,1
23568793,1
23493918,1
23337260,0
23151543,1
23512581,0
23538845,0
22503739,0
23360356,1
23376779,1
22804119,1
23042425,1
23205519,1
22509586,1
22523780,0
23481040,1
23712758,1
23414867,0
22577239,1
23597030,1
22378334,1
23007427,0
23280885,0
22673164,1
22690024,1
23598767,1
22649377,1
23448886,0
23125323,1
22854937,1
23273617,1
23527212,1
22772022,1
23255184,1
23357564,1
23660505,0
23246294,1
22714381,1
23173423,1
23634948,1
22809862,1
23381934,1
23029148,1
23481261,1
22938538,0
23758235,0
23484212,1
23102037,1
22552788,1
22344742,1
23701256,0
22903474,1
22755809,1
22712907,1
22847383,0
22712373,0
22545545,1
22357724,0
22405583,1
22949432,1
22468676,1
23042021,1
23447675,0
23316419,0
22928270,1
23348673,1
22444875,1
22830624,1
23665962,1
22628893,1
23456362,0
22439050,1
23247046,1
23733590,0
23617037,0
23332064,1
23211813,0
22852086,1
23746087,1
22515500,0
23537207,1
23414142,1
22503629,1
22331812,1
23042026,0
23475767,1
22444659,1
22667649,1
23279870,1
22381032,1
22939637,0
22899154,1
23706914,1
23147843,1
23060095,0
23182944,1
22542397,0
23204002,1
22958983,1
22485440,0
22835371,1
23621035,1
23008276,1
22348320,0
22330379,1
23051269,0
23754568,0
23200101,0
22823226,1
23115282,1
23153162,0
23140746,1
23062183,0
22701333,0
22963368,1
22712939,1
22421833,1
23583895,0
23105276,0
22734036,1
23672725,1
22465955,1
22411135,0
23419507,0
22794107,0
23501171,1
22565514,0
23222972,1
23084309,0
23735748,1
23209612,1
22397075,1
22644021,1
23469129,0
22661981,1
22624206,0
22468918,1
22541141,0
23441238,0
22490761,0
22768661,1
22423766,1
22453781,1
23172515,1
22854604,1
22868109,1
23092324,0
22694522,0
22439304,0
22550270,1
22435220,0
23755290,1
22791267,1
22456523,0
23423529,0
23389955,0
23470568,1
22698146,1
22918208,0
23075469,0
22423798,0
22483103,0
22360545,1
22330033,1
23649629,0
22876032,1
22489562,1
23725679,0
22990051,0
22786175,1
22383294,0
22383786,1
23610829,1
23451921,1
23305457,1
22763803,1
23554958,0
22498206,1
22654493,1
23335565,0
23741285,1
23182398,1
23509732,0
23013415,1
23459317,1
23096815,0
22852388,1
23050347,1
22428144,1
23669415,1
23612744,1
22604335,1
23190977,0
22336671,1
23539579,0
22972714,1
23149632,1
23358398,0
22508451,1
22548015,1
22875004,1
22694367,0
23031755,0
23155942,1
23121564,0
22639106,1
23301540,1
22768410,1
22865070,0
23312952,1
22643560,0
22818014,1
23583642,0
23135426,1
22397089,1
22343245,0
22974844,0
22663667,0
23578787,0
23351726,1
23734926,1
22944901,1
23220784,1
22762829,0
23526271,0
22902879,1
23560548,0
22898325,0
23166352,0
22984388,1
23576273,1
22629741,1
22466153,1
23385743,1
23731894,0
23503036,0
23005747,1
22574122,0
23162823,1
23431996,1
23091736,1
22336007,1
23319640,1
23448917,1
22330545,0
23325249,1
23656442,1
22817111,0
22355593,0
22750040,1
22379934,1
23251874,1
23745658,1
23721493,1
23215393,0
23403563,1
23245092,1
22351201,1
22895668,1
22430947,0
22549653,1
22833168,1
22544624,0
23000124,0
23691545,1
23356029,0
22522088,0
22950974,1
23393129,0
22402271,0
22803240,0
23429547,1
22374102,1
22921908,0
22390497,1
23291733,0
23189160,1
23199751,0
23362608,1
22843255,1
23131290,1
23240370,0
23251098,0
23016155,1
23281192,1
22898924,1
22474999,0
23460976,1
22870341,1
23467807,0
22811788,1
22420278,0
23626772,1
22636660,1
23509297,1
23322594,0
23239907,1
23298624,1
22675927,0
23694319,0
23589964,1
23035883,0
22859101,0
22650727,1
22964644,1
22371888,1
22821033,1
23176329,1
23150977,0
22528126,1
23090341,0
23168770,1
22394297,1
23653405,0
22757385,1
23055440,1
22920068,1
23286760,0
22676812,1
22681680,1
22973361,1
23550629,1
22499095,1
23565698,1
22435001,0
23594615,1
22874523,0
23706198,0
22916016,1
23698097,1
23197827,1
23566302,0
22880471,1
22599700,0
22622818,0
23013398,0
22654013,0
23732274,1
22493992,1
23059623,0
23222198,0
23686598,1
23421182,1
23450020,1
22805048,0
23422803,1
22344062,0
23443047,1
22742761,0
22946506,1
23161782,1
23315904,0
22645648,1
23751972,0
22470245,1
23041384,0
23608095,1
23628358,1
22540409,1
22783004,1
23740647,1
22341587,1
23495608,1
22393705,1
23114940,0
23138101,1
23437470,1
23168132,0
23441797,1
22374693,1
22608040,0
23520041,1
23215796,1
22743002,1
23091970,1
22999322,0
23134028,1
23197463,0
22563139,0
23646772,1
22710034,0
23703781,0
23491630,0
23549613,0
22505926,0
23370859,1
23557866,1
23591055,0
23014368,1
22659119,1
22373270,0
22718477,1
22649956,0
23356291,1
22571229,0
22635281,1
23624277,0
22977983,0
22901668,1
22952166,1
22563667,0
23645106,0
23383091,0
23700711,0
22657419,0
22471465,0
23759706,0
22657041,1
23677409,0
23743764,1
22805762,0
23652822,1
22682240,1
23586669,0
22656139,1
22615888,1
23001312,1
22819983,1
22880594,1
22980625,1
22459655,1
22569825,1
23726496,0
22635924,1
22782428,1
22514887,1
22608851,1
23516637,1
23331602,1
22938846,1
23095262,0
22590808,0
22680704,1
22925812,1
22800510,1
23116627,1
22918969,1
23596073,1
22886430,0
23666220,1
22796107,0
22818464,1
22820613,1
22637596,1
23263366,0
23193537,0
23399452,1
23066086,0
23362918,0
22402640,1
22636347,1
23655892,1
22992302,1
23539956,1
23437128,1
23274079,1
22719419,1
22567666,1
22675817,1
23663876,1
23311673,1
22630847,0
23231164,1
23339468,1
23686461,1
22758680,0
23687292,1
23547979,0
23475816,1
23267006,1
22340159,1
22595340,0
23485471,1
22981223,1
22874916,0
22356697,1
23670247,1
23253582,1
23367839,1
22910138,1
22586286,1
22548837,1
22685750,0
23679051,0
22603167,0
23067486,1
23491670,1
22764409,1
22533200,1
23349022,0
22470322,1
22614965,0
23634653,1
22380949,1
23730130,1
22568581,0
23742174,1
23221798,1
23145480,1
23304593,0
23194999,1
22381938,1
22752885,1
23648978,0
23684946,0
23659574,1
22394260,1
22468422,1
22679256,0
23391380,0
22591726,1
23020405,1
23168077,0
23332534,1
23359252,1
23374290,1
22786781,1
23068281,1
22767637,1
22864108,1
23016678,0
23132204,1
23451997,0
22907676,1
22746060,1
22573790,1
23540596,1
22415808,0
23396465,1
23543448,0
22980897,1
23602457,1
22968530,1
23625043,0
22909939,1
22851519,1
23616389,0
22764272,1
23400053,0
23388154,0
22621464,0
22973310,0
23568056,0
22969536,1
23152689,0
23705132,0
23751696,0
22943006,1
22910447,0
22604489,1
22814995,1
23398404,1
22999006,0
22510451,0
22610507,0
23182223,1
23146364,0
22829795,0
22438442,1
22898014,1
23668248,1
22372905,0
23126290,0
22850361,0
22905727,1
22364090,1
22992499,1
22638029,1
23585785,1
22567614,1
23622037,0
23029461,1
22453886,1
23476054,1
22578024,1
22782874,0
23754335,0
23623999,1
23569473,1
22972580,1
23275668,1
23651848,1
22524046,1
22386550,1
23746318,1
23316518,1
23434398,1
22529504,1
22586155,1
22734241,1
23667490,0
22778809,0
23466198,0
23255232,1
22771066,1
22699444,1
22692770,1
22346061,0
22743825,0
23728456,1
22643329,0
23351438,1
22791534,0
22810274,1
23411072,0
23406459,1
23223703,0
23723543,0
23741679,0
23754574,1
22399675,0
23547765,0
23349470,1
23113252,1
22810363,1
23385131,1
23094057,1
23719789,0
22427217,1
22815623,1
23578066,1
22871582,1
22597950,0
23388886,1
22964271,1
23160213,1
23209897,0
23351296,0
22697239,0
23682064,0
23155842,1
23055861,0
22980774,1
22638101,0
23358092,0
23289963,1
22926030,1
23149926,0
22844426,1
23214065,0
22849971,1
23291977,0
22853574,0
22637063,1
22426897,1
23415773,0
22543226,0
22825486,1
23761215,0
23742936,0
22790210,1
23228561,1
22774321,0
22605985,0
22329466,0
23397655,1
23659567,1
22438430,0
23318901,1
23503501,1
23360089,1
22366430,1
22772131,0
22432951,1
22372204,0
23335596,1
22604638,1
23742626,1
22374599,0
22809429,1
22811319,1
22802662,1
23529549,1
23228571,0
22607284,1
23699818,1
22521400,1
22598543,0
22803007,1
23577984,0
22861332,1
22755860,0
22660030,0
23003944,0
22590338,0
23115392,0
23546962,1
22464751,0
23640491,1
23690121,0
23142101,0
23361978,1
23217963,1
23232624,0
22638050,1
22495764,1
22350901,0
22997721,1
23273227,0
22782194,0
22670241,0
23316081,1
22877418,1
23761143,1
22695201,0
23323228,1
23752111,0
22834184,0
22610352,0
23307590,1
23585242,1
23696161,1
22798312,1
23371696,1
23507000,0
22810722,0
22713996,1
22455411,1
23687234,1
23172702,1
23365413,1
23449152,1
23670658,1
22377920,1
22765472,1
23306269,0
23003599,0
22878183,1
22374221,0
23159690,0
22387622,1
22483913,1
23560592,1
22986685,0
23753484,0
23608081,1
22334803,1
23097929,1
23670715,1
23685708,1
23566203,1
23458691,1
23068719,1
23163355,0
23533912,1
23060320,1
22704750,0
22682490,1
22421797,1
22922954,1
23323109,1
22327364,1
23000639,0
23151311,0
23599332,1
22389882,0
22792667,1
23240708,1
23461137,1
23725298,1
23502644,1
23163613,0
23175523,0
23713711,1
22496474,1
22554306,1
23286048,1
23221439,1
23184219,0
22781272,0
22976009,0
22623144,1
22979597,1
22389549,1
23036581,1
22468790,1
22332242,1
23595742,0
23505543,0
22644736,1
22502716,0
22503349,1
22571272,1
22793455,0
22543108,1
23330035,0
23597622,0
23115908,1
23206977,1
22596753,1
23630561,1
23150353,0
23326514,0
22390057,1
22741165,1
23278146,1
22499805,0
23435157,1
22574642,0
23211276,1
23167262,1
23596987,1
22733389,1
22851359,1
23655698,0
23193707,0
22946645,1
23721668,1
23056061,1
23264625,1
22542636,0
23599443,1
22610942,0
22494779,0
22868745,1
23273275,1
23265454,1
23575253,1
23521190,0
22974961,1
22537160,0
23380977,1
23021991,0
23036479,0
23679177,0
23162480,1
23274775,0
22507039,0
23733501,0
23484343,1
23000582,1
22395463,1
23670537,0
22356558,0
22744253,0
22969452,1
22956557,1
22693094,1
22643767,1
23681497,0
22642695,1
22513965,0
23191725,0
22718900,1
23197067,1
22633761,1
22441924,1
22733790,0
22438885,0
22675919,0
23497005,1
23042808,0
23154892,0
22402542,0
22565289,1
22572873,1
22979763,0
23165590,1
22440056,1
23430406,0
22572858,1
23138269,1
23323385,1
22637100,1
23411970,0
23287796,1
23654796,0
22696617,1
22655768,0
22581154,1
23678378,0
22506908,1
23583861,1
23745566,1
22654861,1
22346809,1
23318042,1
23665550,1
22617729,0
22635072,0
23323006,1
22704273,0
22916145,1
23713617,1
22644673,0
22432680,0
23741174,1
23668376,0
23683192,0
23000278,1
23568668,0
22783209,1
22546401,1
23072624,0
22467638,0
23560607,1
23049217,1
23594858,0
22607649,1
22343685,0
23281202,1
22349799,1
23176051,1
23229441,1
23438895,1
22414347,0
23434080,1
22389983,1
22823113,0
23280851,1
22538731,1
23311128,0
22520422,1
22723905,0
23232862,1
23718551,0
22919441,0
23035715,1
23507505,1
22518148,0
22395807,1
22937689,0
22944299,1
22365515,1
23502217,1
22784340,0
23030066,1
22846172,1
22983193,1
23334627,1
23500191,0
22841415,0
22540488,0
23426469,0
22384283,1
22416007,1
23248167,1
23446582,1
22716399,1
23043839,1
23575203,1
22575977,0
23683984,0
23108669,0
23121865,1
22827729,1
23548391,1
23464120,1
23566035,0
23591094,0
22690328,1
23380405,1
23168849,1
22520038,1
22500062,1
22425608,1
23568633,1
23669344,1
23579045,1
23492183,0
23617654,1
23282327,0
23379623,1
23577726,1
22548397,1
22764437,0
23101551,0
23019861,1
22733728,1
23488658,1
23165257,0
22970710,1
22624211,0
22787903,0
22435182,1
23159067,0
23136003,1
23436908,1
23212721,1
23421319,1
23196178,1
22754783,0
23541585,1
23099667,1
22664608,0
23545070,1
22750031,1
23470552,0
23649336,1
23019826,0
23694632,1
22812646,0
22392351,0
23002283,0
23453979,0
23429128,1
22600609,0
23431815,1
22884232,1
22712930,1
22342910,0
22878740,1
22843709,1
23568130,1
22819840,1
22888178,1
22598787,1
22912080,1
23625314,0
23062744,1
23309427,0
22473546,1
23755273,0
22847885,0
23666581,1
22393852,1
23321598,1
23544730,0
23528423,1
23761368,1
22420109,1
23605593,1
22813769,1
22370588,1
22900012,1
23508510,1
23761763,1
23673941,1
22485190,1
23080671,1
23042816,0
23147884,1
23295476,1
22689292,1
22586759,0
22583935,1
23383656,1
23237869,1
22649375,1
22537222,1
22678119,1
23402839,1
23559357,0
23466020,0
22768348,0
23746879,0
22639665,1
22382015,0
22973304,1
22693512,1
22980420,1
22607140,0
22997015,0
22937723,0
22904574,1
23559668,0
23302018,1
22391541,1
23062818,0
22718354,0
23448130,1
23718575,1
23372147,0
23062426,1
22929298,1
23071810,1
23420494,1
22919175,1
23252753,1
23386323,0
23602529,0
23470271,0
23082313,0
23129658,1
22390815,1
22399389,0
22513782,1
22341475,1
23451594,1
23701951,1
23745565,1
23637418,1
23412882,1
23095293,1
23150342,1
23082932,1
22589528,1
23402733,0
22916779,1
22796253,1
22603138,1
22330226,0
22545016,1
23045045,1
22588737,1
22588384,1
22963337,0
23160128,0
23031339,0
23441158,0
23674781,0
22416944,1
22366751,1
22863149,1
22458856,1
23272847,1
23655363,1
23270587,0
22756196,1
23344172,1
22573251,1
23236370,1
22346658,1
22358567,1
23416242,1
22930365,0
22816040,1
23058454,0
22493226,1
23398610,0
22633809,1
23118897,1
22755817,1
22970755,0
23188414,1
23072743,0
23185919,1
23759324,1
23410842,1
23380742,0
23474126,0
23253663,0
23201874,1
23346719,1
22953791,0
22685956,1
23454813,0
23416774,0
22572697,1
22562686,1
23639978,0
23578478,1
22845693,0
23409903,1
22665620,1
23761643,0
22515461,0
22532022,0
23507526,1
23136915,1
23698244,1
23451886,0
23243004,0
22744094,0
23757792,1
22617529,0
23525593,1
23506380,0
23064602,1
22683024,1
22873102,1
23159153,0
23618561,0
23080057,0
23202287,1
22632902,0
23262154,1
22525892,0
23614496,0
22939260,1
23269517,1
22807838,1
22356604,1
23312635,1
23245620,0
23494339,0
23043325,0
22688967,1
22796202,1
22375865,0
23385822,1
22557394,1
23354591,1
22603610,1
22948521,1
23217248,0
23677554,1
23454836,0
23529972,1
23113509,1
23239653,1
22902498,1
22499091,0
23477806,1
22648189,1
22333462,0
23303376,0
23447201,0
22572401,1
23639372,1
23317262,1
22545671,1
23288814,0
22490875,1
23581010,1
22593289,1
23631856,0
22803675,1
22976248,0
22973701,0
23643695,1
23056150,1
23568528,1
23102447,0
23327824,0
23690951,1
23512339,1
22646874,0
22778682,0
22453188,1
22916496,0
23119710,0
22362119,1
22344666,0
22875869,1
23077283,1
22863686,0
23546495,0
22447913,1
23555749,0
22812635,1
23019980,0
23328133,1
23247318,0
23490993,1
22652926,0
22532579,1
22391232,1
23207194,1
22975442,0
23742959,0
23209186,0
22746291,1
23497964,0
22965156,1
23013874,0
22486104,0
22489707,1
22846590,0
23469358,0
23340379,1
22681993,1
23435454,1
22340547,1
23722678,0
22770129,0
23624106,0
22832498,0
23452336,1
23202961,0
23477523,1
23132682,0
23366053,1
23174854,1
23623877,1
22794729,1
22343499,1
23193601,0
23277028,1
22380221,1
22834059,0
22872364,0
22493855,0
23755440,1
22852775,0
22979045,0
22943141,1
22931825,0
22506778,0
22783873,0
23235585,1
22998861,1
23266514,0
23263654,1
22333612,0
23119267,0
22488012,0
23499745,1
23365269,1
23121875,1
23113567,1
23645553,0
22664919,0
23590593,1
23476235,0
23393677,0
23182506,1
22605399,1
23538045,1
23195601,0
22668143,0
22458105,0
23488151,0
22965155,1
23180249,1
23676523,0
22633537,1
22978155,1
23002723,1
22411808,1
23462725,0
23050244,1
22645741,0
23468045,0
23577688,1
22694181,1
22336632,1
22645567,0
22527320,0
23675497,1
22573182,1
22863522,0
23550876,0
23177770,1
23296145,1
23371599,1
22560536,1
22607605,1
22667088,1
23141047,1
23583228,0
22968239,0
23644828,1
22628818,1
23177917,0
23163690,1
23227310,0
23324819,1
23098641,0
23226929,1
23674018,1
22721877,0
23371772,1
23243178,1
23456691,0
23033587,1
22614320,0
22611431,1
22537213,1
23070990,0
23225822,1
22766506,1
23466188,0
23197110,1
22478839,0
22988975,0
23273040,1
22869451,0
23636177,1
22699612,0
23481426,0
22768816,0
23262949,1
22729698,1
23050803,0
22878192,0
22910299,0
23027646,1
23755239,0
23001792,1
23616406,0
23162074,1
23421618,0
22869484,1
23012718,1
22564979,1
22763890,1
23562238,1
23524836,1
23413871,0
22483517,1
22953680,0
22702844,1
23334148,0
22586848,0
22832781,0
22997006,1
22586795,0
22503843,1
23577580,1
23411544,1
23131304,1
23482382,0
22700361,0
23417479,0
23384820,0
23727939,1
22807664,0
23456161,0
22728618,0
22942095,0
23102935,1
23579197,1
22814713,0
22728561,1
23145690,1
22378644,0
22707220,1
23084851,1
22864941,1
22609443,1
23288517,0
23014340,0
22884842,0
23071426,0
22929485,0
22732482,0
22693132,1
22408023,1
22891608,0
23198931,1
23362716,0
22498010,1
22444798,1
23366826,1
22705510,1
22859358,0
23509289,1
23514349,0
23455031,1
22442061,0
22443418,1
22457339,1
23616036,0
23164249,0
22366067,1
22692110,0
22383025,0
22551077,1
23141537,1
23181626,0
23053965,0
22920838,1
23710773,1
23369885,0
23437248,1
23630545,0
23150303,0
22556008,1
22895436,0
22484466,1
23516000,0
23708407,1
22916022,1
22355796,0
22331510,1
23545592,1
22843166,0
22788976,0
23541109,1
23546206,1
23699742,1
22754405,0
23213173,1
23222310,1
23370268,0
23653333,0
23456812,1
22412536,1
22745608,1
23233061,0
23548593,1
23313654,0
22338289,0
23645175,0
22943329,0
22642058,0
23200969,1
22506128,1
23039943,1
23272473,0
22573299,1
23717839,1
23019435,0
23272625,1
23040867,0
23373258,0
23484985,0
22376700,0
22963249,1
22633069,1
23166968,1
23035810,1
22564945,1
22338281,1
23676927,1
23329788,0
23691148,1
23744303,1
22353263,0
23043008,1
22658410,0
22939743,1
22779627,0
23361526,1
23743951,1
22706123,1
23358015,1
23456958,1
22901807,1
22336383,1
23257395,0
23586705,0
22598392,1
22540647,0
23266453,1
22950139,1
23172093,1
23703426,1
22533039,1
22343516,1
22555505,0
23297384,0
22865002,1
22735345,1
23139211,0
22853676,0
22358865,1
22458797,1
23019260,1
23334877,1
23158407,1
23533720,0
23402338,1
22477579,0
23379016,1
22472340,1
22941515,1
22336529,0
22331524,1
22519531,1
22884156,1
22552775,0
22564417,0
23630508,1
22860362,0
22550762,1
22850132,1
23228445,0
23429282,1
23315790,1
23337047,1
23221336,1
22951735,1
23135172,0
23509157,1
23635418,0
22900887,1
22615430,0
22532834,1
23443532,1
22744613,1
23035768,1
22577252,1
23720147,1
22398385,1
23717002,0
22751611,1
22379866,1
23471379,1
23155178,0
23338597,1
23263880,0
23097497,1
22823637,0
23404954,0
22468068,1
23205716,1
23322855,1
22623430,0
23719194,1
22954405,1
23034920,1
22338618,1
23695088,1
22444288,0
22910238,0
23416696,1
23744921,1
23160770,0
23613726,1
23284987,0
22586014,1
23353471,0
22652152,1
23109543,0
23313564,1
23380209,1
22820735,0
23634530,0
23696522,1
23448462,1
22403362,1
22848737,1
22480443,1
23746614,1
23069155,0
22985947,0
22554202,0
23026553,1
23630706,1
22747356,1
23166212,0
22504723,0
22555622,1
23726262,0
22696625,1
23352739,1
23475569,1
23485623,1
23427922,1
22957514,1
23413669,1
23684477,1
23071820,1
23503366,0
23243614,1
22999220,0
23272627,1
22582470,1
23207693,0
23626370,1
22688962,1
22797391,0
23452299,1
22745805,0
23010926,1
22383177,1
23170944,0
22503631,0
22739095,1
22534351,1
23665871,1
23709925,1
23072835,1
23211504,1
22754008,1
22434410,0
23223291,0
23486675,0
23460199,0
23668262,1
22609033,1
22412823,0
22419372,0
22936165,1
23168267,0
22363940,0
22357643,1
23735641,1
22416747,1
23758823,0
23604284,0
22452830,1
22916313,1
23046151,1
22899446,0
23052927,1
22853230,0
22989917,1
22681028,1
22916729,0
22555962,0
23728436,1
22990590,1
22780717,0
23103540,0
22765028,1
22536670,1
23392423,0
22347968,1
23385742,0
22336164,0
23637263,0
22857244,1
23108006,0
22852757,0
22684770,0
23156602,1
22858744,1
23028714,1
23091947,0
22365933,0
23339230,0
23506916,1
23191846,1
23274657,0
22555450,1
23246406,1
22922014,0
23277172,1
23278166,0
22574551,0
23199224,1
22359113,1
23530849,1
22780113,1
23077848,1
22444707,0
23703165,1
22954075,1
23191043,0
23760557,1
22943585,1
22389862,1
22538611,1
23104226,1
22696805,0
23238977,1
22861750,1
23279784,1
23320097,1
23032521,1
23102943,1
23488438,0
22440313,1
23469038,1
22374835,0
22714521,1
22994820,0
23642734,1
22887468,0
23561508,1
22340446,1
23611647,1
22562345,1
22470352,1
23711457,1
22732785,0
22659711,1
23549356,1
23081266,1
23239440,1
23231343,1
22901001,1
22503954,0
23034644,0
22920385,0
22977683,0
22512282,1
23541663,1
23526445,0
23391250,0
22898391,0
23071663,0
22614746,0
23419065,1
23594266,1
23015364,0
22950260,0
23494745,1
23267307,1
23291168,0
22491205,0
22996076,0
22656889,1
22599932,0
23205429,1
23377911,0
22743803,1
22926978,0
22824393,1
22848989,0
23222230,1
23307140,0
23167411,0
23677006,0
23612418,1
23329455,1
22462267,0
23610181,1
23144008,1
22344150,0
22985687,1
22523299,1
22941268,1
22803441,0
23511156,0
23583548,1
23431236,0
23094979,0
22769863,0
23237975,1
23346422,0
23525669,1
22820091,1
23695382,0
23284234,0
22810057,0
23530111,1
22585787,0
23094100,1
22910247,1
22829871,0
22909922,0
23757485,1
23744376,1
23351012,0
22984835,1
23491259,1
22774641,0
23536687,0
22332775,1
23146709,1
22630152,1
22649139,1
23118021,1
22999755,1
22396783,0
23289029,1
23445526,1
23640779,1
22596643,1
22360511,0
22789178,0
23483839,0
22885408,1
23282077,0
23346124,1
23720544,1
23200455,0
22754338,1
23585076,0
22357008,1
22746975,1
22933800,0
23007971,1
23611903,0
22358968,0
22894705,1
23370250,1
22768330,1
22882700,1
22975028,1
22542524,1
23382407,1
23320080,0
22981923,1
22945599,0
23754816,0
22925373,0
23436242,0
23752806,1
22524699,1
22733310,1
22458037,1
22940933,0
23489395,1
23239931,1
23486538,0
23498541,0
23294365,0
23625670,0
23348123,0
23617571,1
22920354,1
22475429,1
23487154,0
22907327,0
23284399,0
23696829,1
22763885,1
22849589,1
22937992,1
23064652,1
23255329,1
23600384,0
23605721,0
23144057,1
22462398,1
23427276,0
23606896,0
22924751,1
22466984,1
22413930,1
23119067,0
23494760,1
22561867,1
22536988,0
23512930,0
22332489,0
22615155,1
22472450,0
22550918,1
23359322,0
23094590,0
22548137,1
22529703,0
22893292,1
23543213,0
22493982,1
23224650,1
22980573,1
22935511,0
22428788,1
22328780,0
23726580,0
22421848,1
23177553,1
23575673,1
23686732,1
22643595,1
23688493,1
23071596,1
22674035,1
23735189,1
22511802,1
23488010,1
22723783,0
22447337,0
22943644,1
22606538,1
22891184,1
23658283,1
22803914,1
23165525,0
22689843,0
23330367,0
22737682,0
22379546,1
23535326,0
22771471,1
22670782,1
22984184,1
22916442,1
22783029,1
23560013,0
22526490,0
22644147,0
23225112,1
22982306,0
23180683,1
22799421,1
22344709,1
23001719,1
22889803,1
23009834,1
22568317,1
23006039,0
23343518,0
23693418,0
23342851,1
23176625,1
23530351,0
23307962,0
23579986,0
22666246,0
22465891,0
23237334,1
23442535,1
22902257,0
22380797,1
23217350,1
23638333,1
23526436,1
22928825,1
23133866,1
23708241,0
23182811,0
22690235,1
23705029,1
22845651,1
23652939,1
22593332,1
22513400,1
23584438,1
23574085,0
22999900,0
23390424,1
23270949,1
23736196,1
22388110,1
23516322,0
23229873,0
23258956,0
23146070,1
22746226,1
23311001,1
22763879,1
23442884,1
23637223,0
23247245,1
22570189,1
23029754,1
22334619,1
23368547,1
23153362,0
23610397,0
22788179,1
22768036,1
23321622,0
23753171,0
22569655,1
22846987,1
23595621,1
23751846,1
23532424,0
23592230,0
23083614,1
22690822,0
22662545,1
23467865,0
22502722,0
22546477,1
22673402,0
23498710,0
23512524,1
23695784,0
23550295,0
23154296,1
22528877,1
23709026,0
22456978,0
23048241,1
22937807,0
23174751,0
22608267,0
22663942,1
22722922,1
23378168,1
22934186,1
23405892,1
22805038,1
23684740,0
23659063,0
22762403,1
23596122,1
23365327,1
22943710,1
23160121,1
23653194,1
22819033,0
23178334,0
23085758,1
22562960,1
22926321,0
22773754,0
22728805,1
22820446,0
23223915,0
23421710,1
22630574,0
23348259,1
22582375,1
22460921,1
23650955,1
23646044,1
23286080,0
23241833,1
22817508,1
22376148,1
23201458,0
22912650,1
22998758,1
22702129,1
23153023,0
23464872,0
23461715,1
22425957,0
23095439,1
23474530,1
23653743,1
22787114,0
23510600,0
23046808,0
23086461,1
22689717,1
23639808,1
23472047,1
23413570,1
23117005,1
22865727,1
23550402,1
23236341,0
23380273,0
23094078,1
23416004,1
23495557,1
22400953,0
22433406,0
23485092,0
23555027,1
22478301,1
22525484,1
22482944,1
22868479,1
23070059,1
22519878,1
22351358,1
22841037,1
23589392,0
22654016,0
23029738,1
23286328,0
23655743,1
22661376,1
22565362,1
23361667,1
22700865,1
22444528,1
23205546,0
23065575,0
23252319,1
23172606,1
22849379,0
23234120,1
23582511,1
22529542,1
22404734,1
23417450,0
22694005,0
23691976,1
23444514,0
23082995,0
22826406,1
23049982,0
23528954,1
23671695,1
22560807,1
22964971,1
22608702,1
23323756,1
22444168,1
22612950,1
23643437,0
22437211,0
22493917,1
22369050,1
23523583,0
22971620,0
23035872,1
23554077,1
23461554,0
22751316,1
23699340,1
22658477,1
22686249,0
23122806,1
22660567,1
23687685,1
23690980,1
22449803,1
23236749,0
23085466,0
23016638,1
23557890,1
22408833,1
22908259,1
23527897,1
23208275,1
23008568,1
23161898,1
22760031,0
22739557,1
22466156,1
23699191,1
22483975,1
22879870,1
22674027,0
22703976,1
23638193,1
22546721,0
23168947,1
23656883,0
23542254,0
23541917,0
22459357,1
23665653,1
22366125,1
23521261,0
23250347,1
23471267,1
22629109,1
22600349,1
22369433,0
23482776,0
23581504,1
22523574,0
22916956,0
23555720,1
23080331,1
23156624,1
23405815,1
22431656,0
22567931,1
23379553,1
23107459,0
23140233,0
22786261,1
22605783,1
22610634,1
23637150,1
22356383,0
23228331,1
22758120,1
23374439,1
22683268,1
23148152,0
22359389,1
23356601,1
22344506,0
22770208,0
22818918,1
22922159,1
23577148,0
22607873,0
23626317,1
22858402,0
22400273,1
22707217,1
22507890,1
23104583,0
23605309,0
23281260,1
22454170,1
22567425,1
22637438,0
23517412,1
22386785,1
22502218,1
22653023,0
23294996,0
22432402,1
22349455,1
22621784,1
23568541,1
23291944,1
23516329,1
23138931,0
22794922,0
23237394,1
22719441,1
23459244,0
23647733,1
23725295,1
22346876,0
22869504,1
22517990,1
23683804,0
22751515,1
22648408,1
23467605,1
23560055,1
23754859,0
22401748,0
23247772,0
23420376,0
23539007,0
22432030,1
23425879,1
22865280,1
23733735,0
22769603,1
22940138,0
22807029,1
22859946,0
23503618,0
23094996,0
23082115,0
22747694,1
23369384,1
22568705,0
23694957,0
23152861,1
23696224,0
23066309,1
23505755,1
22909173,1
22953361,1
22403700,1
22946381,1
23432286,0
22365176,1
22546594,0
23294129,0
23126927,0
22656152,0
23382615,1
22369100,1
22338650,0
22738740,0
22713114,1
23377277,1
23041024,0
22486401,0
23540240,1
23183624,1
23384580,0
23717297,0
22654734,0
23453282,0
23199126,1
23173033,0
23225860,0
22489875,0
23445633,1
22802999,0
23287082,1
22688530,0
23502139,0
22761596,1
22999567,1
23039149,1
22842813,1
23444175,0
22386323,0
22703991,1
22650883,1
22846778,1
23119263,1
23317513,1
22668161,0
22567299,1
23241960,1
22941588,1
23008344,1
23124772,1
22342938,0
23440178,1
22832019,0
23018636,0
22460374,1
23269141,0
22920435,1
23333553,1
23303992,0
23317156,1
22746352,0
23626327,1
22412376,1
22557322,0
23000654,1
23668835,0
22614395,0
22799951,0
23456221,1
23393724,1
22585526,1
23742618,0
23472841,1
22833325,1
23723242,0
22414898,0
23701837,1
23347879,1
23353447,0
22456538,1
23454554,1
23190440,0
22742590,1
23714188,1
23240361,1
23698987,0
22336304,1
22481692,1
22506897,1
23623931,1
23389717,0
23598369,1
23445871,1
23649050,1
22834703,1
23324833,1
23682723,0
23083322,0
22947087,1
22790473,1
23475011,0
23199250,0
22340297,0
23051260,1
23466313,1
23295781,1
22707793,1
22690383,1
22794140,1
22444537,0
23104877,0
23548697,1
22723093,1
23064726,0
22956607,1
23654672,0
23744387,0
23726489,0
23743324,0
22902438,1
23081624,1
23084709,1
22333069,1
23050137,0
22436561,1
22675999,0
22371343,1
23715181,0
22798282,1
22962822,0
22753290,1
23069145,0
22607474,0
23004546,1
23010372,0
22453805,1
23425236,1
23019651,0
22656582,1
22728968,1
23198601,1
22700651,1
22551764,0
23512428,1
22787614,1
23057665,1
22370463,1
22729700,1
22481586,1
23090894,0
23608875,1
22563930,0
22428289,0
22925668,0
23221181,1
23036645,0
22640731,1
23497961,1
22808001,0
23617470,1
23109684,0
22564374,0
22815866,1
22828619,1
23751279,1
23324529,1
22929977,1
22453812,1
22506092,1
23330019,0
22853346,1
23064190,1
22346772,1
23723642,0
22853131,1
22728535,1
23648377,0
23252091,1
23538495,1
23736137,1
23544105,0
22669059,0
22818995,1
22390943,1
22610756,0
23509651,0
23446165,1
22953377,1
23001806,1
22792427,1
22941267,1
23747980,0
22815272,1
23632075,1
23420911,0
23724124,0
23230780,0
23004723,0
22906624,1
23494693,0
23721389,1
23558038,0
22971491,1
23585291,1
23277340,1
23099615,1
23227786,1
22409853,1
22922719,1
22821382,0
22657609,0
23430132,0
23670710,1
22678522,1
22741348,1
23200296,0
22755900,1
22672552,0
22337432,1
22620368,1
22521391,1
23268124,1
23279855,0
22804585,1
22936253,1
23617525,1
23499465,1
22940384,0
22463181,0
23621095,1
22707448,0
22376104,1
22326851,1
22331974,1
23657847,1
23578605,1
23636464,1
23383530,1
22500348,1
22678923,1
23195333,1
23328056,1
22383720,1
22482460,1
22789099,1
22547330,1
23351306,0
23496581,1
22421568,1
22662468,0
22350132,1
22712676,1
23040886,1
22699813,1
22548096,0
23400110,1
22459233,1
23343567,1
23556258,0
22473951,1
22839225,1
23679533,1
22460204,1
23731339,1
23714639,0
23179308,1
22499525,1
22740699,1
23729384,0
22849358,0
23761333,0
22958740,0
22708842,1
22564262,1
22887333,0
23076664,1
23392458,1
23145644,0
22549004,1
22656773,0
22748128,0
23132098,1
23388600,1
22333712,0
22770542,0
22785099,1
23716518,1
23312581,0
22363037,0
23298999,0
23010457,1
23742058,0
22791736,0
22407681,0
23336313,1
23361721,0
23007575,0
23619187,0
22715026,1
23433024,0
23085890,0
22361418,0
23020985,1
22742975,1
23265396,0
23458112,1
23515297,1
22593561,1
22461860,1
23143647,0
22773163,0
22520014,1
22667039,1
23334531,1
23005259,1
23284124,1
23209701,1
22818863,0
23209522,0
22556785,1
23335538,1
22983662,1
22923809,1
22758846,1
23501924,0
23550862,0
22855538,0
22881318,0
23465855,0
22632360,0
23513487,0
23482390,1
22918940,1
22377162,0
22731732,0
23391277,0
22742804,1
22786890,0
23541456,0
23554548,0
23111410,0
23562929,0
23038743,0
22603213,0
23058472,1
22393213,0
22652855,0
23513295,1
23539093,0
22366211,1
23687855,1
22991803,0
22373933,0
23305785,0
22395700,1
22968224,0
22491045,1
22496049,1
22396136,0
22898499,1
23374999,1
23017325,1
23761000,0
22351241,1
22779179,1
23191066,0
23342480,1
22456918,1
23273638,1
22395038,1
23425313,1
23312506,1
23208932,0
22406655,1
22988181,0
23540976,1
22670128,0
23371435,0
23209236,0
22359896,1
23243838,1
23490230,0
22803130,0
23273734,1
22598164,0
22823284,0
22764055,1
22612723,0
23272749,1
22467042,0
22549294,1
23081918,1
23096660,0
23605374,1
22787830,1
23469706,1
23334808,1
22740130,1
22576935,0
22605248,0
22375182,0
22961022,0
23210238,0
22711409,1
22983010,1
22502714,1
23085517,1
23328476,0
22704579,0
22939674,1
22985555,1
22842286,0
22365667,1
22794174,1
22804047,1
23188119,1
23484629,1
22640318,1
23384505,0
22801769,0
23449719,0
23627605,1
23471034,0
22471821,1
23694351,0
22433568,0
22810047,1
22542828,1
23251094,1
22662099,0
23473458,1
23404665,0
22590206,1
22549161,1
23728777,0
22408036,1
22661998,1
23749849,0
22533791,0
23265851,0
23698359,1
22699084,0
22525353,1
22953001,1
23428642,1
23467819,0
23659299,0
23217340,1
22913865,1
23384589,1
22975317,0
22810075,1
23484597,1
22858065,0
23129020,1
23505169,1
23460679,1
23584756,1
23712502,1
22904711,1
23188905,1
23753745,0
23241047,1
22985710,0
23164117,1
22457470,1
22780748,1
22949695,1
22485586,0
22692313,0
22921782,1
23241820,1
22560719,1
23009799,1
22986125,1
23326072,1
23147902,1
23176914,1
23720484,1
22694552,0
22834535,1
22911265,1
23042494,1
22533544,1
22854507,1
23276995,1
22765036,0
22452919,0
23270760,0
22589643,1
23355556,0
23522063,0
23421193,1
22987831,0
22665810,0
22976835,1
22675720,0
22881748,0
22363566,0
22403750,1
22340313,1
22327420,1
23362144,0
23555485,1
22487783,1
22622485,1
22741244,0
23585530,1
22420851,1
23241947,1
23605290,0
23732652,0
23436583,1
23233369,1
22773538,1
22654535,1
23293688,1
22639013,0
23406125,1
22545903,1
22617773,0
22852843,1
22678144,0
23601897,1
23108372,1
23104693,0
23413266,1
23339439,1
22667634,0
23370529,0
22812924,0
22424091,0
23228485,0
23193093,1
23269252,1
23033122,0
23170831,0
22935346,1
23212581,1
22548157,0
23536918,1
22474572,0
22963040,0
23655215,0
22625681,1
23617083,1
23079362,1
23194559,0
22529236,1
23144100,1
22757522,0
22733679,0
23574599,1
22330472,1
23507331,0
22563034,1
22978542,1
23067936,1
22735460,1
22957090,0
23584505,1
23462192,0
22910824,1
22815461,1
22628901,1
23216041,1
23712168,1
22609187,0
23376698,0
23135498,1
22666274,1
22821355,1
23408329,1
23387414,1
22758601,1
22561594,1
23297851,1
23091086,1
22442872,1
22707726,1
22790077,0
23099918,0
22587593,0
22929641,1
22538451,1
22629434,0
23581190,1
22397694,1
22879565,1
22657712,1
23027270,1
22836116,1
22917798,1
22922884,1
22736216,0
22438309,1
22593697,1
23529925,1
22573440,0
22901154,1
23192239,0
22374435,0
22592374,1
23317926,1
23400241,0
22624329,1
23735732,0
22481591,1
23396800,1
23583785,1
23632740,0
23059371,1
22547227,0
22714239,1
23514584,1
23089465,1
23289656,0
23494317,1
23196903,1
23558395,0
23537130,0
22948862,0
22425421,0
23390580,1
22709364,0
22896817,0
22629770,1
22748324,0
22958396,1
23164181,1
23309603,1
22658728,0
22554662,1
22841294,0
23015487,1
22491192,1
22410240,0
23387459,1
23461858,1
22630903,1
22928027,1
23606581,0
23114081,0
23569140,1
22890936,0
22923425,0
23754551,1
23437392,1
22777381,1
23256119,0
23436611,0
23350854,1
22625842,1
23268803,1
23195932,1
22964946,1
23112998,1
23321942,1
23430716,1
23181622,1
22901650,0
22348014,1
23255701,0
22531651,0
23614982,0
23277021,1
23031747,0
23102229,1
23492236,1
23531914,1
22828634,0
23708890,1
22855486,1
23730876,1
23349646,0
22884786,0
23314548,0
23570434,1
22530800,0
23417591,1
22519219,0
22492746,1
23684826,1
22744805,1
23546888,0
23440018,0
22606972,1
23447619,0
22568637,1
22412277,1
23505642,1
22656619,1
23731599,0
22733590,1
22750380,0
22371538,0
23746606,1
23670825,0
23195287,1
23624111,0
22775690,1
23406217,1
23080748,0
22700178,1
23532673,1
22733108,0
22601373,1
23134240,1
23268289,1
23037860,1
22887127,0
23385995,0
23506485,1
22635811,1
23367317,1
23472686,1
22395325,1
23735166,0
22847041,1
22472552,1
23404334,0
23632835,1
23385640,1
23405231,1
22352693,0
22407393,0
22893468,0
23385669,0
23381178,0
22983796,1
22465957,1
22903500,1
23153666,1
22889870,1
22501906,1
23114703,0
23202047,1
23701173,1
22873187,1
22454659,1
22553584,0
22482399,0
23181340,1
22598275,0
23405338,0
22606753,1
22459348,1
23178577,0
23759765,1
22816814,1
23384535,0
23480924,0
22716106,0
22793756,1
23280868,1
23717498,1
22475353,1
22904819,1
22530650,1
22769013,0
22600039,1
23263293,1
23573979,1
23382434,0
23631438,1
23654803,1
23180295,1
22357452,0
22581292,0
23316088,1
23334549,1
23737613,0
23192084,0
22584208,0
23614286,0
23748361,0
23378698,0
22419721,1
23140902,1
23486038,1
22338150,0
22333967,0
22902593,1
22740589,1
22664815,0
22793964,1
22485823,1
22592005,0
23259193,1
22925067,1
22833391,1
23290489,1
22368523,0
23273302,1
23395859,0
23059971,0
22841848,1
22944483,1
22728272,1
23507817,0
22471208,1
22433942,0
22827659,1
22808955,1
22678143,1
22891116,1
23362415,1
23100656,0
23499724,1
22341854,1
23728711,1
23335539,1
23215372,1
22494558,1
23446726,0
23378436,1
22840384,1
22804955,1
23538764,0
23027516,1
23481630,1
23353332,0
22421422,0
22802155,1
23246388,1
22746739,0
22483748,1
22474445,1
23558726,0
23382276,0
22529070,0
23114711,0
22680998,1
23638609,0
22454902,1
23227707,1
22404520,1
23094671,0
23425073,0
23585477,1
23695704,0
22690142,0
22378406,1
23373723,1
22667897,1
23657322,0
22389164,0
23559121,1
23063075,1
23455123,0
23409670,1
22405233,1
22804310,0
23064906,1
23714595,1
22561190,0
23339788,1
22986444,0
22715862,1
22947037,1
22979312,1
22664710,0
22619895,0
22962095,0
23068944,0
23631780,1
22668053,0
23253319,0
23701274,1
22486109,1
23610715,1
22675561,0
23133690,1
23433695,0
23407322,0
23035270,1
22689737,0
23495610,1
23694968,1
23498950,1
23145553,0
23194691,0
22457149,1
23335828,0
22450573,1
23483168,0
23640338,1
22625181,0
23499050,0
22492862,1
22841730,1
23426802,1
23140761,1
23292822,1
23279768,1
22337777,1
23540503,0
22922424,1
22581474,1
22489348,0
23617940,1
23103861,1
23195795,0
23322723,0
22889702,1
23712341,1
22568338,1
23717845,0
23491305,0
23660565,0
22960147,0
23607717,1
23148621,0
23145759,1
22824910,1
23273291,1
22651329,0
22599455,0
22996457,0
22772079,0
23152214,1
22365003,0
23363462,1
22498238,0
23465821,0
22379693,1
23071956,1
22426074,1
22639882,0
22913233,0
22564976,0
23728502,1
22814146,0
22355349,1
23648568,0
23535381,1
22972560,1
23254606,1
23108727,1
23128488,1
22575029,0
23627777,0
22401139,0
23485257,0
23602870,0
23408204,0
23253963,1
22573530,1
23547221,0
22357386,1
22543113,0
23154605,1
22642844,0
23328780,1
23744667,1
23387381,1
23472376,1
23732947,1
23050586,0
22570855,0
23365897,1
23684242,0
22578604,1
23125256,1
23028666,1
23329263,0
22637097,0
23734606,1
23385516,1
22341883,1
23051109,1
23066500,1
23241010,1
23484703,0
22537562,1
23164821,1
23162767,0
23139368,1
22809397,1
22395319,1
23456775,1
22531072,1
22752125,1
23321960,0
23227881,1
23624019,1
23675981,0
23754784,1
22660108,1
23161831,1
23590067,1
23243312,1
23249910,0
22677720,1
23546871,1
22865599,1
22652649,1
22938715,1
22866638,0
23514516,0
23379653,0
22789110,0
23668413,1
23071320,1
22797831,1
22747354,1
23570357,1
22842337,0
23540455,0
22516699,1
22543528,1
23701119,1
22477941,1
23443722,1
23171804,1
22804515,1
23038812,0
23572026,1
23629036,1
23288552,1
23109554,0
23136038,1
22702857,1
23126855,1
22928996,0
22531727,0
23120857,1
23389771,0
22562333,0
23629870,1
22488494,1
23224167,1
23470092,1
23392082,0
23521131,0
22622127,0
23408886,1
23161557,1
23473364,1
23439727,0
22497674,1
23220507,1
23706185,0
22721585,0
22763593,0
23161113,1
22949338,1
23415232,1
22701904,1
23730074,1
22409455,0
23166839,0
22886213,1
22698387,1
22868677,0
23179079,1
22625561,1
22646736,1
23327318,0
22971915,1
23631695,1
22727150,0
22406072,1
22726308,1
23036657,1
22468802,1
23657909,0
23209116,1
22902990,1
22447800,0
23442008,1
22980613,1
22853954,1
23537935,1
23611545,0
23019818,0
23614941,0
23183593,0
22965733,0
23690305,0
22851142,1
23200277,1
23502834,1
22413540,1
22615428,0
22893745,1
22618250,0
23165360,1
23526598,0
22923284,1
23649704,1
22443450,0
22505662,0
23408781,0
22877791,1
23346131,0
22953696,1
22356095,1
23074524,1
23467874,0
22648522,1
22655974,0
22651301,1
23685405,0
23094898,0
23191660,1
22800906,0
22735701,1
23092234,1
22642049,1
22480977,1
23393231,1
23754456,0
22690278,0
22579417,0
22380733,0
22802671,1
23224398,1
23543114,1
22448448,1
23587750,0
22444412,1
23687833,0
22542536,0
23448989,1
22350417,1
22918026,1
22878197,0
22831974,0
23350812,1
22618100,1
23129497,1
23344837,1
23440966,1
23295125,1
23233464,0
23271782,0
22648240,1
22741623,1
23447837,1
23168945,1
22955273,1
23643423,1
23148098,1
22441687,1
23686926,0
22953243,1
23188256,1
23475599,0
22855539,1
22584830,1
22746553,1
22631485,1
23016986,0
22966052,1
22929608,1
22658777,1
23515345,0
23222203,1
22407492,1
22568395,1
22681225,1
22899631,1
22370835,1
23494752,1
22913066,1
23521936,0
22580492,1
22978133,0
23057737,0
22368178,1
22994070,1
23330772,0
22532240,1
23313900,1
23182004,0
23271966,1
23583840,1
22898696,1
23320607,1
23413952,0
22858252,1
23311322,1
22590654,0
23712880,1
22419503,1
22975991,1
23715724,1
22434387,0
23193136,0
23516522,1
23249916,1
23627966,1
23322278,1
22961717,0
22654332,1
23537812,0
23442632,1
22653556,0
23144094,1
22830733,1
22800878,0
23201068,1
22563127,1
23204323,1
22730618,0
22772104,1
23749143,1
23308714,0
22673812,1
22848343,1
22605374,1
22674710,1
23205470,1
22513597,0
23733854,1
23288920,1
22582891,1
22575091,1
22811603,0
23247531,0
23615534,0
23659018,1
23332220,0
23101110,1
22957622,1
22424156,1
23469712,1
22982717,1
22576082,1
23127266,0
23747533,0
22729600,1
23338184,0
22434174,0
23132428,0
23257132,1
23380383,1
22819440,1
23447536,1
22340106,1
23422095,0
22491933,1
22914425,1
23052477,1
22874090,1
23026258,1
22850794,0
22439576,1
22636232,0
23444477,0
22960835,0
23479318,1
23187539,1
22866315,1
23275277,0
23105965,1
22332003,1
22888608,0
23401775,1
23188696,1
22333797,1
22353511,1
23698033,1
22784548,1
23609796,0
22611231,1
22826384,0
23257423,1
23287143,1
23451170,0
22658036,0
22957153,1
23345194,1
23317457,1
22648015,1
22531917,1
22971699,1
22420871,1
23649081,0
22884358,0
23647884,0
23200609,0
23032024,0
22378324,1
22361361,1
23380889,1
23404244,1
23602039,0
22410694,0
22719789,1
23213298,0
22596476,0
22957540,1
23700580,1
23589065,0
23424609,1
23338706,0
22550685,1
22880226,1
23754191,1
22764780,1
23516218,0
23703406,1
22596122,1
23064727,1
23317230,0
22786053,0
22776286,0
23536599,1
23429442,0
23300671,1
23443153,0
23029353,0
22779514,1
23022241,0
22664474,1
22934118,0
22693811,1
22986779,0
22482286,1
23088266,1
22774617,0
22745099,0
23136721,1
22831660,0
23046926,1
22831334,1
22837908,1
22422747,0
23688759,1
22335195,0
23037561,1
22439404,1
23199533,1
22360029,1
22860254,0
23563806,1
22744071,1
23161487,0
23007651,1
23736325,0
23488116,0
23492774,0
22741410,1
23338700,1
23084576,0
22843912,1
22360575,1
22984933,1
23673401,0
22965459,1
23315831,0
22804504,0
22893274,1
22987046,0
23446864,1
23484582,1
22833967,1
23750403,1
22386182,1
22611777,1
22395518,0
23314371,1
22349182,1
22996745,0
22519713,1
23634159,1
23011171,1
22705278,1
23743878,1
23486336,0
22725093,0
22951595,1
23026857,1
23685132,0
23554853,1
23427209,1
22494007,0
22685408,0
22462577,0
22785362,1
23371446,1
22616825,0
23036045,1
22398776,1
22447705,0
23373241,0
23552364,1
22787652,1
23199096,1
22920324,1
23013168,1
22468684,1
23270678,1
22923201,0
22456201,1
23499363,1
23362941,1
23189811,1
22634878,0
22555653,0
23530933,1
22336389,1
22941547,1
23409658,0
22547448,1
23048198,1
23181756,1
23324743,0
23145317,0
22514474,1
22481581,1
23498610,0
23247755,1
22646195,1
23145343,1
22411333,0
23025037,1
22976680,1
22340063,1
22896696,1
22834093,1
23427659,1
22422423,1
22624626,1
23131274,0
22621918,1
22561569,0
22363612,1
23136881,0
23625181,1
23311461,1
22458529,0
23182648,1
23500882,0
22772408,0
23680429,1
23628781,0
23114544,1
23534118,0
22895006,1
22882846,0
22412640,0
22869042,0
22779703,1
23224690,0
23650310,1
22406741,1
22369834,1
23147989,1
22421358,1
23168999,1
22966410,1
23611430,1
23298581,0
22369012,1
23226409,1
23093259,0
23319744,0
22861774,0
23596961,0
22478868,1
22850668,1
23102255,1
22437251,1
23749293,1
22465061,1
23496587,1
22627129,1
22670530,1
23299990,1
22331502,1
23586635,0
23096057,0
23746898,0
23169775,1
23642496,1
22703583,1
22375554,1
23524993,1
22946973,0
22792730,1
23435405,1
23144734,1
22732232,0
22575108,0
23064684,1
22618121,1
22814130,1
22976665,1
23676450,1
23255726,0
23333923,0
22807780,1
22516105,1
22563462,1
23217666,1
23749853,0
23214235,1
22755505,1
22426815,0
22854502,1
22938171,1
23445411,0
23301774,1
22528835,1
23697133,1
22816743,0
23645597,0
23718079,1
22505100,1
22600104,0
22543406,1
23134404,0
23123319,0
22721867,1
23396734,1
23639727,1
23707826,0
23685079,0
22730635,1
22429990,1
23547693,0
23127164,0
23638233,1
23490718,0
22437610,1
22652980,1
23284459,1
22429979,1
22606432,1
22793382,1
22648812,1
23585697,1
23183117,1
23201604,1
23281916,0
22842051,0
22395888,0
22473581,1
22460879,0
23090514,1
23498865,1
22445945,1
22745493,0
23306106,1
22560961,1
23045555,1
22686840,0
23197258,0
22409137,1
23648209,1
22437861,1
23221903,0
23744337,1
22401619,0
22715746,1
23709863,1
23639108,0
23090918,1
23052756,1
22844308,0
23642999,0
22808581,1
22504480,1
22960968,1
23416498,0
23575262,0
23037086,1
22341521,1
22590934,1
23615333,1
23373515,0
23428372,1
23196538,0
23169177,1
22382034,1
22625737,0
22867010,0
22580310,0
22684002,1
22563309,1
23487702,0
22373332,0
23319546,1
22628609,1
23403104,0
23539974,1
22551914,0
23262611,1
23389737,0
22466337,1
23265904,0
23173697,0
23089662,0
23492426,0
23090565,0
22858607,1
22896179,1
22602838,1
23081945,1
22951839,1
22478365,1
22340550,0
23221584,1
22880073,1
22954242,1
22489056,0
22728233,1
23211577,1
22338539,1
23698838,1
23156690,1
23381778,1
22856473,1
23045039,0
23326090,0
22566181,1
22655550,1
23673982,1
22978085,0
22345638,0
23733952,1
22768927,0
23097018,0
23484139,0
22788428,1
23642574,1
23138167,0
23282322,1
22517037,0
23106931,0
23402291,1
23684957,0
22431079,1
23378416,1
22648922,0
22913601,0
22745577,0
23513342,0
22727421,0
22641690,1
22468791,1
22564887,0
22383752,1
23361509,1
23157429,0
22655576,0
22500279,1
22656680,0
23338886,0
22337102,0
22964701,0
23568379,1
23635303,1
22446571,0
22828011,1
23244650,1
22845682,1
23460437,0
23054020,1
23417149,1
23121825,0
22363094,1
22776818,0
23458562,1
23241290,0
23061737,1
22572554,0
22569911,1
23527757,0
23619190,0
22499500,0
23446009,1
23445728,1
22481695,0
22453415,1
23237024,1
22482383,0
22924779,0
23402123,0
22910517,1
22897828,1
22549650,1
22477674,1
22824926,1
22725778,1
22376919,1
23410760,1
23540676,0
23438470,1
23718261,1
22519499,1
23694980,1
23597328,0
22841815,0
22946360,0
23565316,1
23468144,1
23231559,1
22969298,1
23322484,0
23202463,1
23488028,0
22517607,1
23027939,1
22770000,0
23716624,1
22778331,0
23568092,1
22565020,1
23560846,0
22380713,1
23015301,1
22758726,1
22748061,0
23101440,1
23698132,0
22807230,0
22735175,0
22570856,0
23541091,0
23724450,1
22856545,1
23477957,1
23038114,1
23041982,0
23059110,1
22618118,1
23343664,1
22854801,1
22623935,0
23297854,0
23322486,1
23292323,1
22777617,0
22674817,1
23673397,1
22388763,1
23536870,1
23006297,1
22953726,1
23757914,0
22527781,1
23336190,1
22529292,1
23738772,0
23755760,0
23367302,1
22672318,1
22926166,1
22974008,1
23098777,1
22805366,1
22587483,1
23614509,1
23109091,0
22892203,1
23244121,1
23491635,0
22611184,1
22731443,1
23591003,1
23737258,1
23550290,0
23428343,1
23410129,1
22999245,0
23395550,1
23021410,1
23533370,0
22852860,1
23567587,1
22611280,0
22443355,1
22391454,1
23516780,1
22947436,1
22567056,1
22799947,1
23187778,1
22856567,1
22925642,1
23535105,0
23387967,0
22501577,1
22728665,1
22492221,0
22667828,1
23357730,1
22762124,1
23159074,0
22529141,0
23376883,0
22394488,1
23740784,0
23130878,1
22917279,1
23538725,0
23431215,1
23121024,1
22596228,1
22700343,1
22625752,1
22697380,0
23045162,1
23558965,0
22523817,1
23277078,1
23425757,1
23210444,1
23498852,1
22561878,1
23038397,1
22629863,1
23544600,1
22984872,0
23475765,1
23045516,1
23061863,1
22670908,1
23100753,0
22528008,0
23076227,0
23578329,0
22765050,0
23321526,1
23611595,1
23643771,0
23302246,1
23328568,1
23583554,0
23199490,1
22572772,0
22640753,1
22670682,1
22531113,1
22974597,0
22611230,1
22494688,1
23422905,0
22976059,0
23696355,1
22610884,1
22589049,1
23486962,0
23540312,1
22383616,1
22445923,1
23226558,1
23507612,1
22387145,0
23742239,0
23068454,1
23240332,1
23671197,1
23068990,1
23146945,1
22850222,1
22690885,1
23546044,0
23519296,1
23643860,1
23494643,1
23631904,1
23471593,1
22377460,0
23571264,1
22880870,1
22457051,1
22769875,1
22792208,1
23558636,1
23646643,1
22740542,1
22440664,1
22346899,1
23560597,1
22490558,1
22446757,1
23507739,0
23207904,0
23710962,1
22743632,1
22383249,1
23069083,1
22368110,1
23257063,1
22683882,0
23366522,1
23416441,1
22488934,1
22833673,1
22860863,0
23703460,1
22968214,1
23674480,1
22798670,1
22719750,0
22506710,1
23375752,1
23045408,1
23288861,1
23399459,1
22968181,1
23422849,0
23055007,1
22603634,1
23476895,0
22803995,0
23358058,0
23021488,1
22544478,1
23230820,1
23708598,1
23744625,0
23631114,1
23186505,1
23601947,0
22783522,0
22903098,1
23045196,1
22448413,0
23031715,1
22988711,0
23276768,0
23298176,0
23466239,1
23232982,0
23123065,1
23739716,1
22951894,1
23602358,1
23137703,1
23685927,0
23348030,0
23205648,1
23051423,1
23456784,1
23503789,1
23736382,1
22507605,1
22759326,1
22711385,1
23269963,1
22684123,1
22493878,1
23298780,0
22979854,1
22395202,0
23616918,1
23290524,0
23317480,1
23505161,0
23005595,1
22939691,1
22464962,0
22446373,1
23646082,0
23263183,1
23180116,0
22985737,0
22562146,1
22379881,1
23550325,0
23263854,1
23085554,1
23259660,1
22611148,0
23560812,1
23748395,1
23690997,0
22848637,1
22369783,0
22633031,0
23019622,0
22507463,0
22660578,1
22985592,0
23029431,0
23048193,0
23296898,1
23339342,0
22955073,1
23006146,1
23619234,1
23060496,0
23705517,0
22597439,0
23535980,1
23480352,0
23565487,1
22524716,1
22372022,1
22607555,0
22976013,1
23703454,1
23277107,1
22371144,0
23417417,0
23070615,1
23018704,0
22355444,0
22492766,0
22694628,0
23254589,0
22655595,1
23511189,0
23742215,0
23501855,1
22358203,1
22941450,1
23698416,1
23249313,1
23443296,1
22686450,0
22378845,1
22753336,0
23760178,0
23395712,0
23578258,0
23523153,1
22925685,1
22771303,0
22553168,0
22480505,1
23233346,1
23098713,1
22838113,0
22649565,0
22519632,1
22876439,0
22694126,0
23065141,1
23010505,1
22729044,1
23318108,1
22829542,1
23334143,1
22682188,0
23213843,1
23745996,0
22770566,0
23195767,1
23593355,1
23263343,1
22436498,0
23435711,1
22551988,0
23563435,1
22643761,1
23008790,0
22865902,1
22425779,1
22540973,1
23071817,0
23458459,1
23120977,1
23445485,0
23396348,1
23205442,0
23137650,1
23538253,0
23707727,1
22936260,1
22493019,1
22479555,0
23220378,1
23581773,0
23550296,0
23564676,0
22951648,1
22478240,1
22862472,1
23461811,1
23039474,0
22448770,1
23729165,1
22973022,1
22868296,1
22624006,1
23398823,0
23686934,1
22694897,1
23031916,1
23317265,0
22613983,1
23153529,0
23734034,1
22390676,0
22895211,1
23025214,0
23459548,1
22550726,1
22353859,1
23480189,1
22366302,0
22354636,0
23697735,1
23751969,1
22944055,1
23584088,0
22702485,1
22675077,0
22719171,0
23702001,1
22392609,1
23584331,1
23426981,1
23181530,0
23519040,1
22873179,1
23139484,1
22470389,0
22650044,0
22423411,0
22984886,1
23523587,0
22762867,1
23269223,1
22701758,1
23086258,0
23509049,1
23098428,0
23215098,0
23031201,1
22937758,1
22391604,1
23064200,1
22966001,1
23261775,0
23122099,0
23332685,0
22932781,0
23707738,0
22695944,0
22330037,1
23090284,1
23691138,1
23555411,1
23064156,1
22332936,0
23237166,0
23702697,0
23320753,1
22833257,0
23599217,1
22933134,1
22717515,0
23053288,1
23493827,1
22461487,1
23161288,1
23496898,1
22670617,1
23077466,1
23199799,1
22668292,0
22436611,1
23653411,0
22897080,1
22828789,1
23293069,0
22577709,0
22599301,0
23079033,1
23270129,0
23107219,0
23759888,0
23610313,1
22610510,0
22958743,0
23260894,1
22800530,1
22445603,1
23510939,0
23692718,1
22415653,1
22759175,0
23571956,0
23186803,1
22481410,0
22787841,1
22934479,0
23605170,0
22999004,0
22362907,1
23302052,1
22760945,1
23711858,0
22329194,1
22360481,1
23339429,0
22669539,0
23103518,1
22956677,1
23629338,0
23323367,1
22382949,0
23313466,1
23189822,0
23663284,1
23669864,1
23183597,1
23091035,0
22751085,1
23469883,1
22556100,1
22402887,0
23435903,0
23461240,1
23634529,1
22859727,0
23635370,1
22392715,1
23418172,1
22344375,0
23496329,1
22743241,0
23080602,0
23663047,1
22452056,1
23406567,0
22972090,0
23619273,0
22729487,0
22541229,0
22510378,1
23364116,0
23479463,0
23289768,0
23063263,1
22784611,0
23128559,1
23338948,1
22749908,0
23444792,0
23108616,1
23409221,0
22998558,0
23350215,1
23757120,1
22338761,1
22638240,1
23672316,0
22425064,0
23453966,0
23305061,0
23706884,1
22719223,0
23603702,0
23163439,0
22884718,1
22863978,1
23337320,1
22809281,1
22850691,1
23141738,1
22812576,0
23255375,1
23240141,1
23705328,1
22416629,1
22754226,1
22614136,0
22876462,1
22893010,1
22814373,0
23145703,1
22483849,1
22974987,1
23078838,1
22889482,0
23709544,1
22529446,1
23260327,0
22767575,0
22907952,1
23590706,1
22333350,1
22417580,1
23362703,0
23581158,0
23658662,0
22351348,0
23332473,0
23686577,0
22775239,0
22410205,1
23665281,0
22918980,0
23662626,1
22440257,1
22830913,0
23571951,0
22774728,0
22444826,1
22528890,1
23097643,0
22372912,0
23454470,0
23137855,1
22471984,1
23093825,0
23467494,1
22495538,1
23337535,1
22425949,1
23107646,0
23350515,0
22548997,1
23043337,0
22352353,0
22627766,0
22682566,1
23124285,1
22599431,0
22662867,1
23219188,1
22578548,0
22954953,0
23513146,1
23733616,1
23663611,1
22853703,1
22723305,1
23586283,0
22702663,1
23318017,1
22824143,1
23182045,0
23080665,0
22742549,1
23514473,0
23088640,1
22749693,1
23112973,1
23473831,1
23728425,1
23033240,1
22417705,0
23630595,1
22817265,1
23593642,0
23460793,0
23759171,1
22697757,0
22828877,0
22453556,1
23332905,1
22862520,1
23214448,1
23671321,1
23735350,1
22874986,1
23202203,0
22758225,1
23190000,1
22880911,0
23003336,1
22527489,0
22665569,1
23199866,1
22490988,1
23646495,0
22610771,1
22988956,1
22747211,1
22683029,1
22500247,0
22571231,1
22676747,1
22561949,1
22960284,1
23412479,1
22585168,1
22567989,0
23432315,1
22913367,1
23207837,1
23606311,1
23354502,1
23349402,1
23647247,0
23639825,0
22384347,1
22509476,1
22793814,0
23342378,0
22734762,0
23095549,0
22764434,1
22732799,1
23236546,0
23028566,1
23731477,1
23282776,1
22362962,0
22561099,0
22521254,0
23509460,1
22780514,0
22490265,1
23123107,1
23490505,0
23060066,1
23461266,1
22725558,0
23183203,1
23131566,0
22517005,0
22914188,1
22931721,0
23258321,1
23441950,0
23698824,1
23611697,1
23502792,0
23345059,1
23412043,1
22515359,1
22547311,1
23284034,1
23407448,1
23537096,0
22758208,1
22630303,1
22808151,1
22983690,1
22980243,1
22818263,0
22665353,1
23167799,0
23127836,1
23240249,0
23739153,1
23343099,1
23567226,0
22542031,1
23535213,0
23136336,1
23643404,0
22863360,1
23651641,0
22388865,1
22521865,1
22720406,1
22872758,1
23720987,1
22808285,1
22690995,0
22910459,1
23436998,1
22807494,0
22736684,1
22847807,1
23235849,1
22382834,1
23085705,1
22911181,1
23644651,1
22579226,1
23136114,1
23672829,0
22929785,1
22970188,0
23483949,1
22588742,0
22850597,1
22847667,1
22848972,1
22944346,1
22910522,1
22872015,0
23639491,1
22561258,0
22750597,0
23277703,0
23520951,0
22348156,0
22711260,1
23062390,1
22729096,0
23081428,1
22595097,1
22993987,1
23294691,0
23126549,1
23745357,0
23287949,0
23390872,1
22662645,1
23110179,1
22786362,1
22928107,0
23606359,1
23012985,1
23385777,1
23020889,0
22728680,0
23637718,1
22649861,1
23467050,0
22420068,1
23727294,1
23693743,1
23013399,1
23075342,1
23163544,0
22762312,0
22880970,0
23691670,1
22787919,1
22932116,0
22868622,0
23189103,1
22694606,1
23394299,0
22366285,0
23207160,1
23210393,1
22971752,1
22875852,1
23589170,1
23353991,1
22649343,0
22979655,1
22427028,1
22413455,1
22357935,0
22946615,1
23655496,1
22444710,0
22731963,1
23389160,0
22832418,1
22841979,1
23541396,1
22956916,1
22433627,0
23527765,0
22344149,0
23490612,1
23539092,1
23136609,1
22690895,1
22638878,1
23255016,1
23586636,0
22928562,1
22430055,0
23674024,1
23409944,0
23595979,0
22783262,1
22436341,1
23715974,1
22359218,1
23079963,0
22983600,0
23121019,1
23694515,1
23327162,0
23058756,0
22909527,0
22633606,1
23379269,1
22590943,0
23369111,0
22983592,0
23710223,1
23246549,1
22448485,1
22919198,1
22448932,0
23531329,0
23403711,0
23006130,1
22790425,1
22571759,0
22792936,0
23343990,1
22415079,1
22969053,1
23359962,1
23153929,0
22479493,0
22995080,0
23389071,1
22402954,1
23686642,0
22917889,1
23469673,1
22519863,0
22698732,1
22796771,1
22646001,1
23425361,1
23724817,1
23677774,0
23653098,0
22355743,1
23683935,1
23711877,1
22423352,0
22928942,0
23575113,1
22538650,0
22692416,0
23543631,1
22866267,1
23095738,1
23510081,1
23650138,0
23462711,1
22535555,1
22803734,0
22344945,1
22429151,1
22792407,0
23742781,1
22806611,0
23164128,0
23058059,0
23066926,1
23648296,1
23429083,0
23535891,1
23280383,1
23298704,1
23032047,1
23193041,1
23615284,0
22396056,1
22678964,1
23474021,0
22729419,0
22894827,1
22349213,1
22370022,1
23105942,0
23023269,0
23556483,1
23582073,1
22988081,0
23195002,1
22474766,1
22852982,1
22548081,0
23521591,0
22911073,1
22667219,1
23573104,0
23654903,0
23175467,1
23450330,0
23275133,0
23394407,1
22578541,1
23380434,1
22494524,0
23625509,1
22435033,1
22918372,0
23230566,1
22549430,1
22788827,0
23137295,0
23232546,0
23465203,0
22744912,0
23097314,1
22739070,0
22900423,1
23052400,1
22683183,1
23208870,0
23594285,1
23617319,0
23247340,1
22402141,0
22330768,1
23077126,0
23384151,1
22350466,1
23156223,1
22370559,1
23184111,1
22456169,1
22687006,1
22911610,1
23151621,1
22650413,1
23132332,1
23051264,0
23142623,0
22961443,0
22777756,0
23312243,0
22724994,1
22488286,0
23289721,1
22489150,1
22618460,0
23092251,1
23362900,0
23159875,0
23414949,1
22518424,1
23536281,1
23630935,1
22956905,1
22862557,1
23528495,1
22738704,0
23159903,0
22958926,1
23337457,0
22917139,1
22579800,1
22484824,1
23218367,0
23038459,1
22951413,1
22848783,1
23420045,1
22343414,1
22500012,1
22988056,0
22410305,0
22843212,1
22494745,1
23585825,0
23476011,1
23673010,1
23640480,1
23087484,1
23497153,1
22735631,0
22830086,1
23722069,1
23708584,0
23490090,1
22737113,1
22663722,1
22664004,1
22896464,0
22652503,0
22468250,1
23172719,0
23084489,0
22434592,1
22423466,1
22610367,0
23086409,1
22375325,1
22575602,0
23760431,0
22716016,1
23120164,1
23248526,1
23180463,0
22641131,1
23147868,0
23253541,0
23392313,1
23497798,0
23289166,0
23349545,1
22885675,1
23752535,0
22360078,1
22977382,1
22661844,0
23176009,1
22376775,1
23522377,0
22573739,0
23589704,0
23087796,1
23296744,1
22833684,1
23321200,1
22340416,0
22527016,1
23462119,1
23577145,0
22446927,0
22720193,1
23045959,0
23233241,1
23254976,0
23614085,0
23053105,1
22490271,0
23290047,1
23154553,0
22854821,1
22736258,1
22586499,0
23029867,0
23594922,0
23589839,1
22912623,1
23485532,1
23078232,0
23026748,1
22757834,1
23559317,1
22856724,1
23381615,0
22502380,1
23625013,1
23493621,0
23531797,0
22346575,0
22407166,0
23075344,0
23745352,0
22689891,1
22659405,1
23394687,1
23249119,1
23523168,1
22826478,0
22990181,0
23589212,1
23031771,1
22564598,0
22556638,1
22579244,1
23296848,0
23566172,0
23596111,1
23629545,0
22804017,0
23516172,1
22784792,1
23254450,0
22562327,0
22362072,0
23756961,0
22733508,1
23296682,1
22867205,1
23275251,0
22666033,1
23163365,0
22725577,0
22337548,0
22895376,0
22939884,0
22598338,0
23440727,1
22743181,1
22775399,0
22426534,1
23438338,1
23028891,0
23038804,1
23285111,0
22605999,0
23220158,0
23490523,1
23732691,0
23204168,0
22373370,1
22816311,1
22400030,1
23548011,1
23541807,0
22850708,0
22608857,1
23268735,0
23356513,1
22943558,1
22582422,1
22984996,1
23052716,1
22390552,1
23381734,1
22419830,0
23557350,1
23212824,1
22675551,0
23272052,0
22942800,1
22350655,1
22352557,1
23678766,1
22381533,0
23733045,1
22701130,0
22421098,0
22638080,1
22333637,1
23536328,0
23061021,1
22589279,0
22916024,0
23384347,0
23319062,0
23002093,1
23749346,1
23340074,0
23012872,1
22358238,1
23374308,1
23435384,0
23436146,1
22339629,1
22709700,0
23377374,1
22357150,0
23413222,1
22823518,1
23760533,1
22850417,0
23025367,1
23388474,0
22819546,0
22537655,0
23488870,0
23717531,1
22955230,1
22416766,0
23693030,1
22383183,1
22847995,1
23430221,0
22565499,1
23318820,0
22550684,1
23278010,1
23268575,1
22363085,0
23287387,0
23525252,0
22491028,1
22518751,0
23743976,1
22375811,1
22653541,0
23536466,0
23644949,1
22974447,1
22450125,1
23149894,1
22624863,1
23667857,1
23423344,1
23132258,1
22937771,0
22786184,0
22973187,0
23114089,1
23314298,0
22674367,1
23002184,1
23157648,0
23197716,1
23511778,1
22608852,1
22488436,0
22642367,0
23097983,1
22998779,1
23558631,0
23719992,0
22326578,1
23626169,1
23689164,1
23456419,1
23463941,1
23518140,1
22669589,1
23239211,0
22462589,1
22420744,0
22392398,1
22647990,1
22494953,1
23240976,1
22864011,1
22606678,0
22754736,0
23736836,0
23370319,1
22472143,0
22458272,0
23590648,1
22937785,0
22938972,1
22667342,0
22624479,0
23047840,1
23516956,0
23697341,0
23465110,0
22604126,1
23268188,1
23464663,0
22347490,1
22658940,1
23198433,0
22878020,0
22490525,1
22805397,1
22699582,0
22561776,1
22327022,1
23154551,1
22720775,1
23482003,0
23581053,0
22394213,1
23476013,0
23148579,1
22931950,1
23072920,1
22910505,0
22898257,1
23209089,1
23319223,1
23017827,1
22572197,1
23278428,0
22368022,1
23056389,1
23675303,0
23337132,1
23427571,1
23290040,1
22370246,0
23535906,1
23349867,1
22329402,0
23704499,1
22338592,1
22391795,0
23625559,0
23336939,0
22797529,1
23738188,0
22684596,0
22747365,1
22876433,1
22918001,0
22909502,0
22696469,0
23039279,0
22350411,0
23245898,1
22802833,1
22914120,1
22435808,1
23552410,1
23446031,0
23141182,1
22852743,1
22923949,0
22467209,0
22470140,0
23289389,1
22796023,0
23312656,1
23559378,1
23549233,0
22448480,1
22923616,0
23429076,1
23716985,1
23158127,0
23067891,1
22917836,1
22353932,1
23743476,1
22926274,0
23384762,1
23017661,0
22957659,1
22547740,1
23520561,1
22800883,0
22438257,1
22682008,0
23213193,0
22965934,1
23200345,1
22934856,1
23390411,1
22950429,1
22715144,1
22653557,1
22905041,1
22815154,1
22758450,0
22754547,1
23115072,1
22637030,1
22668432,1
23052546,0
23507482,1
23137675,0
22454416,0
23429465,1
23413351,1
22418959,0
23411273,0
23028260,0
23566032,1
22937281,1
23609528,1
22390811,1
23137773,1
22417254,1
23667176,0
23142217,1
23598059,0
22563299,0
23651379,1
23360327,1
22579869,1
22434668,0
22420683,1
23581824,1
22596464,1
23572611,0
23660768,1
23496992,1
22936487,1
23611318,0
23414823,0
23552013,0
22533332,0
22390085,0
22376410,0
22491814,0
22575896,1
23022801,1
23232072,1
22761985,1
22787645,0
23697814,1
23466470,1
23531753,1
23428508,0
23108114,1
22825249,1
22575239,1
23676098,0
22484814,0
23732697,0
23639438,0
23081210,1
23332213,1
22548685,1
23662801,0
22602381,0
23547158,1
22850737,0
22929490,0
22444409,1
23349126,0
22687105,0
22450982,0
23307761,1
22987296,0
22698798,0
23281953,0
22410358,1
23030460,1
22737628,1
22604163,1
22870419,1
23327656,1
22724915,0
22768170,1
22829629,1
22519622,1
23138524,1
23136553,1
22904999,0
23210334,1
22884268,1
22639275,1
23124758,1
23582202,1
23315093,1
22817526,1
23391826,0
23711627,1
23204182,0
22363131,1
23059634,1
23376884,1
23296586,1
23743453,1
23155745,1
22455694,0
23588002,1
23037898,1
23153513,1
23411143,1
22745942,0
22507827,0
22972062,0
23330109,0
23187630,1
22891943,1
23314906,1
23574329,0
23023101,1
23096488,0
22704089,0
23614048,1
23325814,1
23304747,1
23695013,1
23040655,0
22655619,1
23754527,0
23235882,1
23487797,1
23231858,1
22652637,0
23184634,1
23520583,0
23282549,1
22549904,1
23390726,0
22780863,1
22817482,1
22709041,1
22407722,1
23295850,1
22535714,1
23536456,1
22829995,1
23473967,0
23603589,1
23216424,0
23152581,1
23641860,1
23449326,0
23610124,1
22407996,1
23091693,0
23394169,1
23361484,0
23743257,0
22384369,1
23465416,0
23600310,1
22329192,1
23731919,1
22730509,1
23726512,1
23286332,0
22467851,1
23061640,1
22472771,1
22493186,1
23192217,1
23213152,1
23367460,1
23533239,1
22639299,1
23650045,0
23386099,0
23054871,1
22552362,0
23246111,1
22673198,1
22328895,1
23043981,1
23151032,1
22621557,0
23422901,0
23656177,1
22615368,1
23718566,1
22713999,0
22966826,1
23564703,0
22934971,0
23449255,1
23131628,0
23415785,0
23045901,0
22613408,0
22849297,1
23194367,1
22716823,1
23236766,1
23205091,0
23699566,1
22506929,1
23303534,0
23463181,0
23388274,1
23203460,0
22600599,1
23267661,1
22518763,1
22564708,0
23190055,1
22770059,1
22805847,1
22559712,1
23749044,1
22668393,1
22695055,0
22740394,1
23280514,1
22770502,1
22449497,1
22967252,1
23166151,1
22437352,1
22823606,0
22493513,1
23394129,1
23618669,0
23049369,1
23376588,1
23151239,1
22452396,0
23601437,1
23616129,1
23228930,1
22829500,1
22799212,1
22631129,0
22681233,0
22767596,1
22437453,1
23655953,0
23476980,1
22793385,0
23232794,1
22604086,1
23516361,1
22842456,1
22608221,0
23261447,0
23218336,1
23079406,1
22673087,1
23376863,1
23562156,1
22753045,0
22590904,0
23344271,0
22767945,1
23633068,0
22868653,0
22679138,1
22835919,1
23083042,1
23013983,1
23400852,0
23135385,0
22553699,1
23499218,0
23631264,1
22936443,1
22380277,0
22954972,0
22929580,1
23306492,1
22337343,0
22478537,0
23666680,1
23189986,0
22942569,1
23190918,0
23682323,0
22651459,0
23379152,0
22829907,0
22405305,1
22789926,1
22804902,1
22795870,1
23720608,0
23639987,0
23019903,1
22636946,1
22967831,1
23043699,1
22512078,1
23277151,1
22732009,0
22719786,1
22632146,1
23693596,0
23050136,1
22951323,0
22796905,1
23139601,1
23591076,1
22997102,1
23528869,1
23520410,0
22630889,1
23230522,1
22391414,1
22373011,1
22621728,1
22651180,1
22438928,1
23364530,1
23195575,1
22370924,1
22465378,0
23255412,0
23449727,0
22937592,1
22602452,0
22957322,1
23027891,0
22930166,0
23283241,1
22493313,1
22898916,1
22769286,1
22369177,0
22507747,1
22814771,1
23088814,1
22962374,0
22451980,1
22929183,0
22350872,1
23551230,0
23006504,1
23115879,0
22788261,1
23291215,1
23317948,0
23224303,1
23684618,1
23163408,1
22507203,1
23186296,0
22358143,1
22345748,0
22590084,1
22416693,1
23295029,1
23720322,1
22407523,0
23102063,1
22554338,1
22347945,1
23017220,1
22848018,1
22327754,0
23722465,1
23688309,0
23292774,0
22861239,1
23571391,0
22744706,0
23742661,1
23634708,1
22849718,0
23325601,1
23178907,1
23338403,1
23079486,0
22512376,0
23616679,0
22841636,1
22718452,1
23451565,0
23266827,1
22681362,1
23509231,0
22459797,0
22805199,1
22354336,1
22552043,0
23719786,1
22906591,1
22802640,0
22928958,1
22476967,1
23411466,1
23572745,0
23075279,1
22622989,1
23523814,1
23719399,1
22423543,1
23290812,0
22565793,1
22505415,1
23064730,0
23178180,1
23625942,0
23421033,1
23239849,1
23749015,1
23689336,1
22339180,1
23269285,1
23449104,0
23247473,1
23298495,0
23037253,1
22795193,1
23700810,1
22707181,1
22399960,1
22511263,1
22755648,0
22880982,1
23573593,1
22504049,0
22801106,1
22368015,1
22412788,1
23068898,1
22713589,1
23474436,1
23635424,0
23168616,0
22861115,0
22546934,1
22850496,1
23039525,0
22815523,1
23305444,1
22960262,1
23579266,1
23264990,1
22708335,1
22463152,1
23663066,0
22426095,0
23013889,0
23601991,1
23005077,1
23531606,0
22784102,0
22415527,0
23718220,1
23460489,0
23326640,1
22365666,0
22494316,1
23242611,1
22410101,1
22383641,1
22351095,0
22485241,1
23475464,1
23554746,0
23253670,1
22437583,0
23043489,1
22979764,1
23306060,0
22528470,0
22689123,1
22976368,0
23254964,1
22771495,1
23491320,0
22622339,1
22373542,1
22387652,1
23556388,0
23740169,1
23578276,1
22734745,1
23399277,0
22881411,1
23744870,1
23757211,0
22356325,1
22987007,0
22846369,1
22698584,1
22418625,1
22975831,1
23391196,0
22979726,0
22904082,1
22504494,0
22435936,1
22338269,0
23001030,1
22365532,1
23700921,0
23297688,1
22402389,1
22844618,0
22468042,1
23257235,1
22636623,1
23057562,0
23209139,0
22408936,1
23122912,1
23629343,1
22358383,0
22410180,1
23268885,1
22592912,1
22964083,0
23713393,1
22782010,1
23023535,1
23615971,1
22536560,1
22591544,1
23722548,1
22906361,0
22873080,1
23717929,0
22748034,1
22497347,0
22773741,1
22381747,0
22960487,1
23386250,0
23734509,0
22745917,0
22412367,0
23580568,1
23196605,1
22963991,1
22870348,1
23690504,0
22502431,0
23271469,1
22531344,0
23676576,0
22967731,0
23734912,1
23655794,1
22624929,0
22355400,1
23359450,1
23237765,0
23545207,1
23538026,1
23499482,0
22602243,1
22987338,1
22815676,1
23551999,0
23543690,0
22728462,1
23641538,0
23603996,1
22658373,1
22650207,0
23718334,0
23433107,1
23575269,1
23132914,1
23314864,1
23031304,1
23108202,1
22982038,1
22850779,0
22714797,1
22543217,1
22483087,1
22664395,1
23315680,1
23275737,1
22420761,1
23369300,1
22356469,1
22893758,0
22712203,0
23188672,0
23162871,1
22551370,1
23235674,1
23707605,1
22728572,1
23506730,1
23175397,1
23122945,1
23211130,1
22765838,0
23651146,1
22614650,1
23248711,1
22901714,1
23131250,1
23341734,0
23458151,1
23219519,0
22621843,0
23485228,0
23353011,1
23403603,1
22759763,1
23694609,1
22932059,1
23038478,1
23610517,1
22390754,1
22519928,1
23292214,0
23462798,1
22940484,1
22749320,1
23038124,1
23651348,0
23711754,0
23500529,0
22665919,1
23759158,0
23241564,0
23343360,1
23637129,1
23465044,0
22582727,1
23652382,0
22949977,1
22599822,0
22523435,1
22477633,0
23436166,1
22491425,1
22681607,1
22883944,0
22677254,0
23655554,0
22425531,1
22763660,0
23137066,1
23324537,1
22351720,0
23316374,1
22332252,1
23428362,1
23223142,1
23592412,0
22711453,0
23635204,0
22741739,1
23626769,0
22453015,1
23202397,1
23734667,1
23683939,0
22554497,1
23138596,1
23719841,1
23041661,0
22925386,0
22870181,1
23540648,1
23240598,0
22599633,1
23181051,1
22510591,1
23612146,0
22380135,0
22920287,0
23061841,0
22637286,1
22839887,1
23132904,1
23190664,1
23715469,0
22896160,0
22829427,1
22442795,1
22493980,0
23004287,1
23085561,0
23685320,1
23386462,1
22359640,1
23126759,0
23100177,0
23717062,0
23360920,1
22575884,1
23322771,0
22559901,1
23126264,1
22917203,1
22508117,1
23480241,1
22362753,1
23576827,1
22564096,1
22818019,1
22564884,1
22623846,1
23078000,1
23231475,1
22624454,1
22542480,1
22521492,0
22482984,1
23726280,1
23759875,1
23660273,0
23073069,1
23213726,1
22344464,1
23527775,0
23097687,1
22547417,1
23373461,1
23358646,0
23447471,1
22945882,1
23130918,1
23074798,0
23204864,1
22477150,1
22825618,0
22765730,1
23276937,0
22546974,1
22816318,1
23262282,1
22676581,1
23157678,0
22775367,1
22338957,0
22817361,0
22671486,1
23376053,0
22595047,1
22695399,0
23555149,1
22866994,1
22876176,1
22636886,0
23225455,1
22594190,1
22630955,0
22845212,1
22369803,1
22600444,0
22399694,0
22501416,1
23738142,0
23013509,0
22721093,1
22675217,1
23725275,0
22334780,1
23638485,0
23216098,1
22861794,0
23299633,0
23196113,0
23642442,0
23217821,0
22689775,1
22668128,1
22899100,0
23093401,0
23591606,0
23061910,0
22986432,1
22797875,1
23161640,0
22772116,1
22352721,1
22760583,0
22763083,1
22971857,1
23429564,1
23410508,1
22880067,1
23014680,1
23741189,1
23340597,1
22961076,0
23444350,1
23166596,1
22575416,1
22536096,0
23758611,1
22853736,1
22464032,1
23732445,1
22778891,1
23570368,1
23154423,1
23251030,0
23023469,1
23015835,1
22808547,1
23505019,1
22604883,1
23213895,1
22812505,0
23444798,0
22515024,1
23605368,0
22972922,0
23351261,1
22460529,1
23582201,1
22907004,0
22380175,1
22683277,1
22744018,1
22958650,0
22695137,1
23482636,1
23270281,1
22368080,1
22707928,1
23284514,1
22471394,1
22655811,0
22775769,1
22470568,0
23629728,1
23322309,0
23640339,1
23746050,0
23244547,1
23204421,0
23346153,0
23486624,0
22580447,1
23109676,0
23534580,0
22792256,1
23416980,1
22730548,1
23691113,0
23710957,0
23110474,1
23033479,0
23552072,0
22851626,0
23578625,0
22384267,1
23408115,1
22394286,1
23645403,0
23279300,1
23649928,0
22871222,1
23439688,1
23081588,1
22529971,1
22539651,1
22831829,1
23173053,1
23357820,1
22826570,1
22547433,1
22493468,1
22432892,1
23690915,0
23405793,0
22340522,0
22401183,0
22674072,0
22550795,0
23081394,1
23706638,1
23143163,1
22922231,1
22538386,0
23198387,1
22490242,0
22762215,1
23108565,1
22445403,1
23112217,1
23054962,0
22446785,1
23232778,0
23471017,1
22532047,0
22894646,0
23322547,0
23097379,1
23271083,0
22811439,1
22976554,0
22715812,1
23393961,0
22943435,0
23572608,1
23545824,1
22618557,1
22834404,1
22368821,1
23489138,0
23657335,0
22496845,0
23420344,0
23464177,0
22965248,1
22740294,1
23562673,1
22350096,0
22340011,1
23010436,0
23101353,1
23040521,1
22690650,1
23451639,0
23652075,1
23351444,1
23476889,1
22468629,1
23246824,1
23098795,1
23318391,1
23010325,1
23350922,1
22472251,1
23085054,0
23068772,1
23673492,1
23394851,1
22573381,1
23651803,0
22700484,1
22556484,1
22477819,1
22614938,1
23558833,1
22969609,0
23516904,0
22845712,1
23668187,1
23171644,1
22556992,1
22765658,1
23211505,1
23171805,0
23370565,1
22563417,1
23446633,0
23668870,1
22665389,1
22541854,0
23208581,1
22492847,1
22509653,1
22960438,1
22644177,0
22484173,0
22971412,1
22567532,0
23441287,0
23263870,1
22659985,1
22907347,0
22832851,0
23168127,1
23309982,1
23304220,1
23161461,0
22777457,1
23600718,0
22549375,1
22482718,1
22588945,1
23130184,1
23314901,0
22726635,0
22788792,1
23423081,0
22886056,1
23215690,1
22634762,1
23004182,1
23236235,0
23720057,0
22816150,1
22968396,0
22957384,1
22492190,0
23023239,1
22383848,1
23653507,1
23246130,1
23476091,0
23037979,1
22864570,1
23218611,0
23196140,0
23507937,0
23376658,0
23363996,0
23341474,0
22586080,1
23691287,1
22855774,0
22604107,1
23673481,1
22966735,1
23144139,0
22783190,0
23169108,0
22756690,1
23226171,0
22413985,1
22947372,1
22789302,1
22399286,0
22939029,1
22792632,0
23559888,0
23577056,1
23749912,0
23609893,0
23533706,0
22650668,1
22534139,1
22994344,1
22501378,1
22988154,1
22332264,0
22539832,0
23399131,0
23597236,1
22687896,0
23414061,1
23431524,0
23709810,1
23173352,1
23141417,1
23360450,1
22388516,1
23302418,0
22419329,1
22564963,1
22774002,1
22425313,0
23516744,0
22359022,0
22955529,1
23008713,1
22331295,0
23128526,1
23754914,1
23313588,1
22629029,1
22406242,1
22653485,1
23382698,1
22465922,1
22578146,1
23674925,0
23151585,0
23541793,0
23691044,0
22981423,0
23139064,0
22935248,1
23033651,1
23117666,1
23105908,1
23190705,1
23136245,1
22417528,0
23596245,0
22327542,1
22979962,0
22746041,0
23384604,0
22880545,1
23738891,1
23028034,1
22344420,0
23411668,1
22516504,1
23714191,0
23089518,1
23215036,1
22825555,1
22945728,0
23551678,1
23608994,1
22383924,1
23424012,1
22443137,0
22473666,1
23056660,1
22877888,1
23562944,0
23055659,1
23019569,0
23279667,0
22416890,1
22969481,0
22712356,1
23599811,0
22823507,1
23720564,0
22979993,1
23540407,1
23197409,1
23026643,0
22811953,1
23314571,1
23350568,1
23163732,1
23515969,1
23093905,1
22573286,1
22941936,0
22962280,1
22985654,0
22705650,1
23746522,0
22915961,1
23191549,1
22828692,1
22888621,0
23045344,1
22694377,1
23290689,1
23307311,0
23726587,0
23332116,0
22466060,1
22473542,1
23541619,0
22501651,0
22716101,0
23626166,0
23321650,1
22826707,1
23023461,1
23591448,1
23090541,0
23728415,0
23559120,1
22473855,1
23541970,0
23638421,1
23270307,1
23264771,0
22378652,1
23735176,1
23084839,0
23504199,0
23108304,1
23737964,0
23392293,1
22517951,1
23529146,1
22496393,1
22803607,0
22462630,0
23560396,1
22917494,1
23593000,1
23504356,0
22634366,1
22574997,1
23152674,0
23120115,1
22528959,1
23510494,1
22721120,1
22906916,0
22371644,1
23306752,0
23394951,0
23424214,0
22642888,1
22487744,0
23125458,0
23752800,0
23423095,0
22474880,1
22828067,1
22991137,1
23277817,1
22377870,0
23103657,1
23582517,1
22982356,1
22386562,0
23689938,0
22741648,1
23669253,1
23299503,1
23296146,1
22932672,1
22756163,1
22641881,0
22948939,1
23225088,1
23570282,0
23662897,0
22788036,1
22840629,0
23197557,1
23614916,0
23357807,1
23455602,1
22690456,1
22981115,1
22851959,1
23556620,0
22416193,0
22435859,0
23437226,1
22788983,1
22767049,0
23439878,1
22608907,1
22461531,1
23009127,1
23363499,1
22924276,1
23593106,1
22810176,1
22418808,1
23139437,1
23540887,0
22372967,1
22761719,0
22645569,0
23341211,1
22908461,1
22820283,1
23566028,1
23464974,0
22837106,1
23643499,1
23496213,1
22518703,1
23181899,0
22362828,0
22912793,1
22795229,1
23363438,0
23462532,0
23406497,0
22996232,0
23442887,1
22519434,1
23407199,0
23036710,1
23083664,0
22431514,1
23311990,1
22726209,1
23719186,1
22864229,0
23628185,0
23210477,1
22737839,1
22485905,1
22741329,1
23599582,1
22470183,1
23413623,0
22916338,1
22885897,1
22696735,1
23220012,1
23549285,0
23674250,1
22606649,1
22613480,1
22882422,1
23484017,1
23492475,1
22340249,1
23565472,1
23025982,1
23068411,0
23649207,0
22883604,0
22635903,1
23581909,0
23283234,1
22875117,1
22884815,0
23646819,1
23153918,0
22856318,1
22785245,1
23060730,1
23540333,1
22697422,1
22553415,1
23223165,0
22772704,1
23153551,1
23230906,0
22960688,0
22487312,1
22913056,0
23228984,1
23251267,0
22887610,1
23306380,1
22681990,0
22855920,1
23681248,0
23070694,0
23015411,1
23033678,0
23339406,0
22728435,0
22604264,0
22610282,1
22397198,1
23406562,1
22764187,1
22835588,1
22735767,0
22371700,0
23623516,0
22890117,1
22977633,0
23028278,0
23731122,1
22592216,1
23585631,1
23543437,1
23069039,1
22476430,1
22706643,1
23667875,1
22346158,0
22489844,0
23707335,1
23378490,1
22872735,1
23227981,0
23229187,1
22900098,0
23386959,0
23488162,0
22371186,1
23538356,1
23153637,1
22667300,0
23290528,0
23603739,0
23016903,0
23459151,0
23235383,0
22507728,0
22854281,0
22656280,1
23383899,1
22444229,1
23524768,0
22887335,0
22502207,0
22409712,1
22751009,0
23389916,1
23254892,1
22842796,0
23159769,1
22945394,0
23371931,0
22964049,1
23386311,0
23205732,1
23074012,1
23693004,0
22453706,1
22491734,1
22437635,1
23363638,0
22546911,1
22924578,1
22638619,0
23158123,0
22930128,1
22384686,0
23432447,1
23739640,1
22887098,1
22720965,1
23284525,0
23094117,1
22382958,0
22536691,1
23700869,0
23414758,1
22820026,0
22848581,1
23105070,0
23697015,1
23293187,1
23046910,0
23119216,1
22434615,0
22915702,0
23007568,0
23584351,1
22764976,0
23739963,1
23395797,1
22522992,1
22744194,1
22997889,0
23093643,1
23341589,1
23232144,1
23210888,0
23057687,1
23483241,1
22468279,0
23127703,1
22521064,1
22922176,1
22952513,1
22937286,1
23084388,0
22898981,0
22514680,1
23113217,0
22801068,1
23316817,1
23019280,0
22699995,1
23484607,1
23051725,1
22989095,1
22648815,1
22568872,0
22327598,0
22566317,1
23305677,1
23681306,0
23546473,1
23664690,1
23695593,1
23288632,1
23674850,0
23605642,1
22496417,0
23745482,0
22424472,0
22442564,0
23451324,1
23495921,1
23697047,1
22947429,1
22796876,1
22814383,0
22462045,0
22728016,0
23494592,0
22472131,1
23325226,0
22703870,0
22382209,0
22475805,1
23167191,0
23666422,0
23530369,1
23120774,1
22531542,1
23163920,1
23497855,0
23429958,0
23559510,0
23611481,1
22331814,1
22578916,1
22623370,0
22539307,1
23329586,0
22985188,0
23300669,1
22350488,1
22355735,1
23754103,0
23250246,1
22669979,1
22603006,1
23140567,1
22633957,0
23611519,0
23391014,0
23638201,1
23049890,1
22970292,0
23424608,1
22740924,0
23117180,1
22368578,0
22703273,1
23092660,0
22727330,0
23724147,1
22778353,1
23187324,0
22595264,1
23627828,1
23313808,1
23022668,1
22644197,1
23210537,1
23599165,0
22814740,0
23663853,0
23245767,1
22798243,0
22877395,1
23277056,1
23309342,0
23423086,0
22927007,1
22437460,1
23701846,1
23451702,0
23701373,0
22732524,1
23072315,1
23418851,1
23562145,1
22358449,1
23386339,0
23415522,1
23278479,0
22436992,0
22763114,0
23660278,1
22683302,0
23008892,1
23304850,1
22652411,1
22442929,1
23549619,0
23731132,1
22512696,0
22690501,1
23267433,0
23692331,1
23367237,1
23387383,1
23687945,1
23540757,1
23250599,0
22766539,1
22917391,1
22336891,1
23671406,0
22648824,1
22708871,0
22878233,1
23033324,0
22876472,0
22947247,1
23065465,1
22837622,1
23264624,1
22701413,1
23016670,1
22807993,0
22820603,1
22553319,0
22425514,0
23728662,1
22488726,0
23645413,1
22332827,1
22903473,1
22680296,1
22403605,1
22413207,1
22653915,1
22809644,1
22606713,0
22678424,1
22962368,0
22934305,1
23438047,1
23589622,0
23229368,0
22979741,1
22929983,0
22641617,0
22691485,0
23444046,1
22597206,0
23197810,1
22796632,0
22753247,1
22684515,0
23116312,0
22420131,0
22573616,0
23421326,1
22661674,0
22846672,1
22584927,1
22532411,1
23244927,1
22787809,1
22495874,0
23250546,1
22697191,0
23486501,0
22421588,1
22709609,1
23665879,1
23277131,1
23746695,0
22682059,1
22959936,0
22372369,1
23340308,1
22379820,1
23040492,0
22747433,0
23489646,1
23473059,1
23499357,1
22345313,0
23392398,1
23410147,1
23337929,0
23704060,1
22808389,0
22330804,0
22661796,1
23046564,0
22951492,0
22817823,1
23717218,0
22522975,0
22863080,1
23453272,1
22326769,0
22456412,0
22751662,0
22386150,1
23187801,1
23196559,0
23330173,0
23289541,0
23674807,0
23074486,1
23520256,0
22611161,1
23206128,1
23741897,0
23568184,1
23186063,0
23353905,1
22909200,0
23590914,1
22637885,0
23251037,0
23362027,0
23108665,1
22911747,0
22922098,0
23500811,0
23757596,0
22550231,1
23204562,1
23056811,0
23562696,1
23021664,0
22923859,0
22882183,1
23373045,1
23728771,0
23006069,1
22648406,0
23052171,0
22637586,1
23752248,0
23714144,1
23701826,1
23753594,1
22806999,1
22804022,1
23189848,1
22883115,1
22900075,1
22702089,1
23500630,1
22517274,1
23003483,1
22668048,1
23706831,1
22448110,1
22822793,0
23141701,1
22645682,1
22793984,1
23483143,0
23617843,0
22800228,1
23747349,1
23105591,0
23141076,0
22829336,1
23466707,0
23405759,1
22580594,0
23141091,1
23116752,0
22754959,1
23175707,1
22410306,1
23730944,1
22407017,0
23310542,1
22825424,0
23101160,1
23406386,1
23206769,1
22757637,0
23381671,1
22929109,0
22844768,1
23428632,1
23496651,1
22498177,1
22772677,1
22585976,0
23280071,1
22470443,1
22599246,1
23161226,0
23370913,1
22851814,1
22787370,1
22975973,1
23464742,0
22701655,1
23640591,0
23025141,1
23240022,1
22423478,0
22519012,1
23744740,1
22611650,1
22912129,1
22874790,0
23005933,0
23704253,0
23106765,0
23749185,0
23534679,1
23383011,1
22970173,0
22476421,0
23046182,1
22781989,0
22450947,1
23012011,1
23180694,1
22336084,1
23503243,1
22910998,0
23102477,0
22918381,1
22483122,1
22638349,1
22421366,0
22355649,0
22716586,1
22463896,1
22623177,0
23374111,0
22484757,1
23153416,0
22694133,1
22752378,1
22460805,1
23694377,1
23587589,0
23043565,0
22780699,1
22624849,1
23553509,1
23595649,0
22876924,0
23527123,1
23089327,0
22963680,1
23632364,1
22351362,0
23022213,1
23243041,1
22443581,1
22914796,0
22340552,0
23437839,0
23569222,0
23277212,1
23477075,1
23761861,0
22924570,1
23264060,0
22717014,0
23663001,0
22751490,1
23110112,0
22507797,1
23354266,0
23433486,1
22483667,1
22756735,1
23254722,0
23420101,0
23003317,0
22907929,0
23662739,0
23216556,0
22497824,1
23352886,1
22660080,0
23290906,1
22669340,0
23550858,0
23350436,1
23441521,0
22655349,0
22790637,1
22936002,0
23435546,1
22778841,1
23270320,1
23750874,1
22951702,0
23059687,0
22824410,0
23450890,0
22453262,0
22856063,1
23173835,1
23361501,1
23663155,0
23337455,1
22524605,0
22357502,1
22760747,1
22521784,1
23107235,1
22599003,0
22386125,1
23459221,1
23420582,1
23683407,1
22935075,1
23539222,0
23194300,0
22611006,1
22612222,1
23470779,1
22561156,1
22778848,0
23734674,0
22521358,1
23362094,0
23593387,0
23419515,0
23417016,1
23507280,1
23067368,0
23538073,1
23046415,0
23213189,0
22699988,1
23316684,1
22815843,0
22337468,1
22531071,1
22386106,1
23353912,1
23430482,0
22913869,1
22965386,1
22507586,1
23096435,1
22962995,0
22492747,1
22446410,1
23116339,1
23217794,0
22809079,1
22829087,0
22328611,1
23024610,1
22945776,1
22901492,1
22524522,1
23485266,0
22708660,0
23060383,1
23660450,1
22788712,1
22396787,0
23170914,1
22676957,0
22837608,1
23710934,0
23464156,1
23591568,0
23299199,1
22617980,1
23016370,1
22694931,0
23059944,0
22517604,1
22967707,1
23199015,1
22835954,1
23291678,0
22550501,1
22472372,0
22772046,1
23603127,1
23507552,0
23732149,1
22492140,0
23160433,1
22992960,0
23657870,1
23605024,1
22530881,1
22485675,0
23658347,0
22646362,1
23362059,0
23560998,1
22987099,1
23515608,0
22625678,1
22844073,0
22910014,1
23545790,1
23333825,1
23529518,1
22962914,1
23582694,0
22332220,1
22953709,1
23696680,1
22787340,1
23739322,1
23462675,1
23740325,1
22856061,0
22405276,1
22924228,1
23424224,1
23392200,1
23423409,1
23429502,1
22936211,1
23585587,1
23234575,1
23693031,1
22941363,1
23321781,1
22675373,0
22908436,1
23238687,0
23312805,1
22456514,0
23391457,1
22832159,1
22991046,0
22987009,0
23082400,1
23197801,1
23697382,1
23187890,1
22871379,1
22343712,1
22771686,0
23059259,1
23598016,1
23623924,0
22604379,0
23360806,1
22629424,0
23212512,1
22567214,1
22410274,0
23063064,1
23306505,1
23159747,1
23706281,1
22472056,0
23008678,1
23751810,0
23212895,1
23150947,1
23352246,0
23720500,1
23352910,0
22394514,1
22778439,1
22520015,0
23599113,1
23461610,1
23480600,0
23697770,1
22659359,1
23100275,0
22677358,1
23516891,1
22916212,1
22406719,1
22959822,0
22400287,1
22497913,0
23590106,0
23570322,0
23662210,1
23034055,1
23623191,1
23397592,0
23476331,1
23605967,0
23097467,0
22451863,0
22475870,1
22808791,1
22457946,1
22678665,0
22345359,1
23502037,0
23678446,0
23575454,0
23215921,1
23154274,1
22771300,1
23348310,1
22434527,0
22396628,1
23618288,1
22607092,1
23249001,1
23026652,0
22647177,1
23268136,0
23446933,1
23560252,1
23311638,0
23313967,0
23285608,0
23526530,0
22714202,0
23444963,1
22328199,1
23246913,1
22820356,0
22806140,1
23409606,1
22583045,1
23021848,1
22532631,0
23656127,1
23468477,1
23112788,1
22437336,1
23213608,0
23191077,1
22651428,1
22852067,1
23120935,0
22694450,1
23275977,1
23677968,1
22424821,0
23194262,1
22494112,1
23248180,1
22586329,1
22815194,1
22924759,1
23442293,0
22867869,1
22846710,0
22797774,1
22575425,0
23659541,1
22949661,0
22427514,0
23710823,0
23650224,0
23084781,0
23494194,0
22515971,1
23751818,1
23226788,1
23677984,0
22970006,1
23599777,0
22636044,1
23275865,1
23681579,0
22836196,0
23318751,0
22997902,1
22747951,1
23681776,0
22780587,1
23604897,0
22886190,1
22491549,0
22766398,1
22788940,1
23311027,1
23699155,1
23034680,1
22374063,0
22470547,1
22800282,1
23170550,1
22534328,1
22821940,1
22548844,1
23335109,1
22347668,1
23744872,1
23598664,0
23033039,1
22857051,0
22326490,1
23041402,0
23271834,1
22659997,1
23077868,0
22741121,1
23515267,1
22463334,0
23241801,1
22622479,1
23186685,1
23675713,1
23057787,1
22762186,1
23137268,0
23333987,1
23251368,0
22432904,1
22973852,1
23404159,1
22491368,1
22388889,0
22698956,1
22769410,0
22811170,1
23609925,0
23240512,1
23414613,1
22888480,1
22882024,1
22446881,1
22888811,1
23418009,1
23106095,1
22479208,0
22739788,0
23300973,1
22948986,1
23061114,1
22696976,1
22728125,1
23427243,0
23102978,0
22545361,1
23619033,1
23299153,0
23464579,0
23231158,1
22635540,0
23588444,0
23213810,1
23603708,1
22546951,1
23749056,1
22650054,1
22690778,1
23072318,0
22863031,0
23484195,1
22495615,1
23509389,1
23661833,0
23728174,0
22700275,1
22507653,1
23470370,1
22458647,0
22937216,1
23330749,1
22715021,1
22882870,0
22915038,0
23673359,1
23335176,1
22567186,0
23065188,0
23217719,1
23664583,1
23036015,1
23347934,0
23353933,1
22680884,1
22630146,1
22354414,0
22350241,1
23288301,1
22779461,0
23658464,1
22554546,0
22485310,0
22934363,1
22893218,0
23126968,1
23438917,0
22832742,1
23384030,0
22708132,0
22873974,0
22988088,1
23101788,1
22775662,0
23172575,1
23223469,1
22640590,0
22793305,0
22477204,1
22993713,1
22775526,1
23678995,0
23323731,1
22358281,0
23672250,0
22635825,1
23222142,0
22640801,1
22444508,0
22572573,1
22448581,0
23706447,0
22732791,0
23245192,1
22371374,1
22396019,0
22827631,1
23271052,1
22333933,0
22556368,0
23625688,0
22931908,1
22921503,1
23193866,1
22354416,1
22662544,1
23053249,0
23276951,1
23070258,1
22717216,1
22385811,1
23219809,0
22410448,1
23631589,0
22380961,1
22535484,1
23054105,0
23613571,1
23618127,0
22800012,1
22503353,0
23592937,0
23254911,0
22766914,1
22377859,0
22413602,1
22941827,1
22794709,1
23635200,1
22695488,1
22490571,1
23620840,1
22402260,1
23423707,0
23568007,0
23218246,1
22896067,0
23077386,0
22790232,0
23462419,1
23736182,1
22699029,0
22439505,1
22363269,0
23386895,1
23715093,1
22912935,0
23250225,0
22818073,0
23152291,1
22800551,1
23558589,1
22668153,0
22831084,0
23015283,0
23275556,0
22537620,0
23455398,0
22447707,1
23192761,1
22865551,0
23656100,0
23590304,0
22726540,1
23310253,1
23017398,1
23737232,1
22943619,1
23192229,1
22757928,1
22382962,1
22403172,1
23119595,1
22725319,0
22840605,1
22644564,1
23014242,0
23296983,1
23122061,1
22489394,1
23538257,1
22953026,0
23026724,0
23335467,1
23720433,1
22636100,0
22437125,1
23132413,0
23749159,1
22561509,1
23052388,1
22654678,1
23123883,1
22680386,0
22449557,0
23301553,1
22350765,1
23048542,1
22564369,0
22651678,0
22922914,1
22552739,1
22828665,0
23542069,1
22923822,1
22988882,0
23178174,1
22818264,1
23473796,1
22646763,1
23751026,0
22670798,1
22664946,0
23069702,0
22684908,1
23664948,1
22852382,1
22920896,1
23531219,1
23179449,1
22838145,1
22914170,1
23341102,1
22368384,0
23316778,0
22475645,1
22857295,1
23418037,1
23022146,0
22744611,1
22763103,1
22334743,1
23530074,1
22894100,0
22645059,1
23470085,0
22840392,1
22614370,0
22603231,0
22813694,1
23184133,1
22464350,1
23736722,1
23480931,1
23753454,1
22893359,1
23134746,1
22449935,1
22903338,1
23391802,0
23078697,1
23267874,0
23595869,1
23187247,0
23069597,0
23368225,1
22420766,0
22366589,1
23706437,0
22652280,0
23206502,1
23616424,1
23401333,1
22327610,1
22883765,0
23112177,0
23601979,0
23437523,1
22369786,0
23403054,1
23625470,1
22904537,1
23467538,0
23686039,1
22987064,0
23657495,1
23019545,1
22546030,0
22721635,1
22829692,1
23348391,1
23337469,0
22741076,1
22446691,1
22920180,0
23721007,1
22544415,1
22604820,1
22952977,1
22649393,1
23366829,1
23182176,1
22401442,0
23638055,0
22407583,0
23302833,1
22660540,0
22661935,0
23337025,0
22467112,1
22506046,0
23156844,0
23076520,1
22625672,0
23413180,1
23382782,0
23510519,1
23636294,0
23273779,1
22898888,1
22421969,1
23512247,1
22626999,0
23713655,0
22522850,1
22785314,0
22886818,1
22405084,0
23212797,1
22480304,1
23156822,1
23311870,1
22542617,1
22830379,1
23418258,1
23250178,0
23113208,1
23030410,0
22724766,1
23417424,1
22460817,1
23421494,1
23627307,1
23010816,0
23139254,1
23518073,0
23201602,0
23726488,0
22949899,1
22942328,1
22646253,1
23641294,0
23008234,1
23511599,0
22585763,0
23506287,0
23138065,1
23269407,1
23402395,1
23488490,0
23376486,1
22547183,0
22439154,0
23315411,1
23200108,0
23480536,0
22822229,0
23465165,0
23486090,1
23509214,1
23676248,1
22548586,1
22523690,1
23154596,1
22833089,1
23346603,0
23660321,1
22880809,1
22650805,0
22936056,0
22433610,1
23305354,1
22797395,0
23274552,1
22758329,1
23714916,0
22746153,1
22419487,0
23712948,1
23317566,1
22953674,1
23294672,1
22965244,1
23643693,1
22746462,0
23110099,1
23627118,1
23538756,0
22956943,1
23262022,1
22407428,1
22574157,0
23074067,0
23673239,0
22388585,1
22836086,0
23063019,0
22560395,0
23730584,1
22980716,0
23647925,0
23624135,0
22572455,0
22877940,1
23394035,1
23017460,1
23590789,0
23742254,1
22409780,1
22901978,0
22599732,0
22380947,0
22977887,0
23138618,1
23387731,0
23324273,1
23659397,1
22608714,1
23391872,1
23252708,1
22603850,0
22707397,1
23245623,1
23249920,1
23082012,1
22794103,0
22629339,1
22871744,1
22565734,1
23398023,1
23444209,1
22995062,1
23703346,1
22474922,0
23734369,0
22964656,1
22910330,1
22945333,0
22938123,1
22435346,1
22601719,1
23199897,1
23171580,1
22753331,1
23501462,1
23712055,0
23410290,1
23098397,0
22927327,1
23576822,0
23054309,0
23644160,0
22697170,1
22738836,0
22919752,0
22902914,1
22892101,1
23166929,1
22497126,1
22334864,0
23662958,0
22872055,1
23005564,1
22475177,1
22909270,1
22893589,1
23076269,1
22927490,1
23456626,1
22463799,0
22414655,1
23315891,0
22875284,1
23016828,0
23563683,1
23321524,1
23176123,1
23064282,0
23719709,1
23287308,1
22984068,1
23087160,1
22866749,0
22633617,1
23438176,1
22932762,0
22571881,0
22899321,0
22599754,1
23488833,0
23142004,1
23464344,0
22824089,0
22943692,1
23084936,0
22754315,0
23373242,0
23185614,0
22434177,0
22681319,0
22889653,1
23310221,1
23273450,0
23520548,0
22803264,1
22362014,1
23595317,1
22489753,1
23096074,1
22795021,1
22438632,1
23285915,0
23117914,1
23365581,1
22715305,0
23194924,1
22749839,1
23594871,0
22653900,1
22369200,0
23068162,1
22591070,0
22338275,1
23257516,1
23664949,1
23436606,1
23506337,0
23489938,1
22405092,1
23688810,0
23430585,0
23657884,1
23290977,1
23668423,1
23527422,0
23386693,0
23699701,0
23227214,1
23155242,0
22986649,0
23025560,1
22508790,1
23704920,0
23154132,0
23606165,0
23403114,1
23754910,1
22503570,1
23032596,0
22658400,1
23434272,1
22954544,0
22905329,0
22410935,1
23059617,1
23338719,1
23031477,1
23321364,0
23365947,1
22876146,1
23327096,0
22536060,0
22624315,1
22335933,0
23698884,0
23756375,1
23333030,1
23199234,1
22562207,0
22556053,0
23747190,0
23507999,1
23389971,1
23550344,1
23284176,0
22920414,0
22688741,0
22657398,1
23135474,1
22685412,1
23089256,0
22985773,1
23546994,1
23061282,0
23366812,1
23332367,1
23281356,1
22389300,0
23732444,0
22547674,1
22666641,0
23608008,0
23190450,0
23559850,1
23172888,1
22457744,0
22964536,0
22482029,0
23397812,0
22336013,1
22950706,0
22980632,1
22965592,1
23259280,1
23354679,1
23760613,1
22510262,1
22939276,1
22724748,1
22524931,0
22573638,0
22855834,1
23585370,0
23226555,1
22871939,0
23260051,0
22949413,1
22957842,1
23250391,1
23337881,0
22472356,0
23703571,0
23315303,1
22440002,1
22755261,0
22406168,0
23313985,1
23732960,0
22686687,1
23673030,0
22924716,1
22945126,1
23708107,1
22788559,1
22993665,1
22366203,1
22471335,1
22714456,1
23062003,1
22915374,1
23432488,0
22907070,0
23074115,0
23754288,1
23303772,0
23548914,1
23071960,1
23646516,1
23451096,1
22881566,1
22940245,1
23190791,1
23663410,1
22385989,1
22572395,1
23416841,0
23690314,0
22636249,0
22451225,1
23142773,0
23232468,1
22897922,1
23339243,1
23283499,1
23397839,1
23678822,1
22541879,0
23593170,1
22841402,0
22845351,0
23360486,1
23677614,0
23077123,1
23046137,1
23227826,1
22879379,0
23688983,1
22637974,0
23569915,0
23018938,0
23177977,1
22407744,0
23394653,0
23430792,1
22960338,1
23225881,0
22474787,1
23415243,0
23142203,1
23089499,1
23165373,1
22390735,1
23402415,0
23498073,0
23504314,1
22602266,1
22625846,1
22486824,0
23620897,0
22685961,0
23109661,1
22904750,1
23181439,1
23000031,1
22998210,1
22859616,1
23741034,1
22510478,1
23748720,0
22500725,1
22818592,1
23465409,0
23401882,1
22563921,0
22817514,1
23644080,0
23240622,1
22793124,0
22693830,1
22856503,1
22546672,0
23043790,1
23704661,0
22858250,1
23527671,1
23321577,0
23157775,1
22390092,1
23652881,0
22818502,0
22492834,1
22499393,1
23673463,1
23320584,1
22433150,0
22906013,1
23605587,0
23104408,0
22749875,1
23740061,0
23407356,1
23012047,0
23429538,0
22942735,0
23339896,0
23185212,1
23020830,0
23150184,0
23704547,0
23477035,1
22372421,1
23304152,0
23642897,0
23062649,0
23536221,1
23445170,1
22536341,0
23746746,0
22393090,1
23724510,1
23061864,1
23485645,1
22801418,1
22695163,1
23194283,0
22689895,1
23111152,0
23332617,1
23691871,0
23548092,1
23745517,0
22773685,1
22573158,1
22819432,1
22798430,1
22475136,1
22692988,1
22327209,1
23098047,0
22371217,1
22639659,1
23503910,1
22541863,1
22829704,1
23503898,1
23269756,0
23270570,1
23382002,1
23420111,0
23346415,1
23003528,0
22799506,1
23758736,1
23199039,1
23053253,0
23389238,0
23483198,0
22469173,1
22863218,0
23280217,1
22637948,1
22652821,1
23745174,1
23044680,1
22420180,0
22702000,1
22811417,1
23633837,1
22880650,0
23043675,1
22999109,0
23027664,0
23173886,1
23192011,1
23141795,1
22633510,0
23293945,0
23338001,0
23612819,0
23069484,1
22930230,1
22599673,1
22365711,1
22585047,0
22505350,1
23394442,1
22975479,0
22468617,0
23299953,1
22783409,0
23183717,0
22940242,0
22669453,0
23590174,0
22545355,1
22568216,1
23628741,0
23638524,0
23155739,0
22619536,0
23332992,0
22436888,0
22467049,1
22715285,1
22654328,1
22675633,1
22551609,0
22787494,0
22642563,0
22823953,1
23179924,1
22665213,1
22387731,1
23414738,0
23297446,0
23014212,1
22832414,1
22686595,1
22862897,0
22655871,0
22330957,0
22674827,0
23150931,0
23008134,0
22916484,1
23452981,1
22500864,1
23438022,1
23156186,0
22468989,1
23385648,1
23060849,0
23106773,1
23632320,0
22992381,0
22902964,1
23571587,1
22983877,1
22784917,1
23711769,1
22394568,0
22566943,0
22370013,1
22823629,0
22921598,0
23271703,1
23612531,0
22857868,1
23197210,1
22509968,1
23577577,1
22886012,1
22968962,0
23529094,1
22427621,0
23258615,1
23441803,0
23450510,0
22679477,0
22720056,1
23066973,1
23512245,1
22962889,1
22396940,1
22376296,0
23187807,1
22643291,1
22513326,1
22512063,1
22376526,1
23070297,1
22360691,1
23513285,1
23659555,0
22793172,1
22747283,1
23125731,1
23237302,1
22889470,0
22522196,0
23745412,1
22360171,0
22556686,0
22838867,0
23124905,1
23397153,1
23705494,0
23194378,1
22599967,1
22924141,1
22433725,1
22374347,1
23135437,1
23085509,1
22358417,0
23523267,0
22510356,1
23414377,0
22669128,1
22363304,0
22903919,1
23687785,1
22698569,0
23165450,1
23702666,1
22989929,1
23256329,0
22397208,1
22942688,1
23537857,1
23513462,0
23537032,1
22943492,1
22728935,1
23145893,1
23550461,0
22388491,0
23487461,1
23733498,1
22469001,1
23118722,1
23266583,0
23019536,0
23245748,1
22333469,0
22326543,1
23054988,0
23165911,1
23304738,0
23678242,1
22332948,1
22627684,1
22812295,0
22613773,1
22388912,1
23282913,1
23731023,1
22491012,1
22583794,1
23553899,1
22381249,0
22393966,0
22807674,1
22420907,0
23176939,1
23624432,1
23450152,1
23373417,1
22755891,1
22781019,0
23447627,1
22951837,1
22779720,1
23102321,1
22899497,1
22515728,1
22798304,0
22864685,0
23259060,1
23033860,0
23177577,1
23300827,1
22567472,1
23020137,0
22492334,0
22999855,0
22835714,1
22388231,1
22675103,1
23749532,1
22896300,1
23135252,1
23372652,0
23465878,1
23470630,1
23392074,1
22554260,1
22725341,1
22929980,1
23627454,0
22537722,1
23629261,0
22445442,0
22497992,0
22840705,1
22857814,1
23252785,0
22351893,0
23007520,0
23024180,1
22590008,1
22660940,1
23599413,0
22680636,0
23680441,1
22383592,0
22853541,0
23567853,0
22532645,0
23686445,0
23495140,1
22976406,1
23533961,0
23515331,1
22771061,1
22378533,1
23574278,0
23734287,1
23729210,0
22453524,1
22583574,1
23254357,0
23299532,1
23528366,1
22794575,0
22385008,1
22673733,1
22634937,1
23548387,0
22935974,1
23507106,1
22898785,0
22870232,0
23642848,1
23432621,1
23554482,1
22859313,0
22963269,0
23456998,1
23440975,0
22859889,0
23575933,0
22642929,1
22549608,1
23505821,0
23573057,0
23632147,0
22617207,1
22954211,0
23477471,0
23029442,1
23501124,0
23299075,1
23120311,0
22718563,1
23390464,1
22391796,0
23206159,0
23487260,0
23022272,1
23335149,1
22506338,1
23344682,1
23258224,1
23163708,1
23675123,1
23053979,0
22922601,0
22849170,0
23761050,0
22356033,1
23028562,1
22902325,0
23141953,1
23399611,1
22628870,1
23390009,0
23147625,1
22480048,0
23451661,0
23255847,1
23277307,1
22761931,1
22908283,1
23069022,1
23693517,0
22834567,1
22371753,1
22647116,0
23387763,0
22843075,1
23090076,1
22436386,1
23184201,0
23500126,1
23175981,1
22326941,1
23040214,1
23096565,0
23004166,1
22436901,0
23702398,1
23426650,0
23658173,1
22824855,1
23054115,1
23475676,1
23710273,1
22423418,1
23081042,0
23472514,1
23011638,0
22836237,1
22793749,1
22521996,0
22599483,1
23172329,0
23692192,0
22572288,1
23595339,0
23687091,1
22586802,0
22596024,0
22996905,1
22763225,1
22969026,1
22979158,0
23559482,0
23367899,1
23004635,0
23539471,1
22999892,1
22912887,1
22484586,0
23699568,0
23420883,0
22420813,0
23359505,1
23596746,1
22771760,1
22490136,0
22972612,1
23251546,1
22490605,1
23288133,1
22707427,1
22925011,0
22439038,1
22834875,1
23476886,1
22860722,1
23376179,0
22866089,1
23649812,1
22639308,0
22862098,1
22529307,0
23744922,1
22460623,0
22735687,0
23742185,0
22488568,0
23133611,1
23122926,0
23634806,1
23221469,0
23059827,1
23216995,0
22937419,1
23573624,1
22456142,1
23213949,1
23454857,1
22526756,1
23138103,1
22391092,0
23561926,1
22492736,0
23618866,1
23317858,1
23639289,1
23668884,0
22663126,1
22861576,1
22328251,0
23759414,1
22489472,1
22590121,0
23271115,1
23285327,1
23659279,0
22870343,0
22882367,1
23210442,1
23383231,1
22985576,1
22620153,0
22768167,1
23614757,0
23142040,1
23217900,1
22975699,1
23142756,0
22522799,1
23312948,0
23451758,0
23595329,1
22764357,0
22601653,1
23754546,1
22950490,1
22547368,1
22526628,1
22434715,1
22820940,1
22561665,1
23645764,1
23709248,0
23061713,1
23185911,1
23163077,0
23385749,1
22345861,0
23243317,1
23535713,0
23741500,1
23255336,0
23535785,1
23358196,1
22623436,0
23553762,1
22911436,1
23409925,1
23046469,0
23259372,1
23373061,1
22455962,0
22785070,1
22522455,0
22777132,0
22348836,0
22573456,1
23331916,1
22952001,1
22664510,1
23609870,0
22530745,1
22725571,1
22529730,0
23007117,0
23632911,1
22568421,1
23663244,0
23297623,0
22479339,0
22591215,0
23378948,0
22676643,0
22459760,0
23734358,0
23539680,0
23109454,1
23692065,1
22748813,1
22657421,1
23208887,0
22943035,0
23195964,1
22913530,1
23156549,0
22478216,0
22730694,0
23067955,1
22990960,0
22460611,0
22791186,1
23507008,0
23306398,0
22885863,1
22863752,0
23387180,1
23175131,1
22676564,1
23040552,1
22580465,1
22590643,0
22998314,1
22691841,1
22865725,1
23754412,0
22783369,0
23287730,1
23352281,0
22402741,1
23172399,0
22400812,1
23759377,1
22789543,1
23280686,1
23458349,1
22510481,1
23021028,0
22712957,1
22979809,1
23425387,1
22640752,1
23573477,1
23232005,0
23094692,0
23293608,0
23058610,0
22951309,1
23582869,1
23185850,1
22571248,1
23168822,1
22612382,0
23410753,1
23009875,1
23538121,1
23685836,1
23610961,1
23450616,0
22769750,1
23601903,0
23210167,0
23510628,0
23480105,0
23247599,0
22327082,0
22642156,1
23673415,1
23474523,1
22356884,1
23170507,0
23674589,0
23066592,0
22428882,1
23326579,0
23577607,1
22414294,1
22876849,1
23107293,1
23353041,0
22517920,1
23665645,0
23612255,0
23320466,1
23196300,0
23366655,0
23497788,1
23161342,0
22727141,1
22782802,1
23714958,1
22878001,0
22563135,1
23108328,0
23131138,1
23435535,0
22507186,1
23070341,1
22504633,1
22341374,1
22606757,1
23743404,0
23751393,1
23683140,0
23671340,0
23156588,0
23137003,1
22829075,0
23249547,1
23274689,0
23275060,1
22343040,1
22614093,1
22584130,1
23517881,1
22783330,1
23339135,0
23066758,0
23147243,1
23528947,1
22619332,1
22566336,1
22817074,1
22939300,1
22579508,1
23127387,1
23647352,0
22357915,1
23361531,0
22362691,1
22364707,1
22366823,1
23643571,1
23302989,1
23044428,0
22530009,1
22797113,1
23172114,0
23405114,1
22400535,1
22502633,1
22481747,1
22663514,1
23552522,1
23339462,1
22938643,1
22846524,0
23351509,1
22550724,0
22963867,0
22524027,1
22448473,1
22380404,1
23058156,1
22331148,1
22350309,0
22660688,0
22521460,1
23485621,1
22595396,0
22586125,1
23073724,0
22893063,1
23220150,1
22534412,0
22990570,1
23493778,0
23074059,1
23581562,0
22967678,1
22979081,1
22526564,1
23184920,0
22665202,1
23579004,0
22991677,1
23347645,0
23536164,1
23094129,1
23658750,1
22958434,0
22399670,0
22530718,1
23328439,0
23597970,0
23745781,0
23134355,1
23070951,1
23096256,1
22974603,0
22895138,1
23615716,0
22552769,1
23049347,1
23645826,0
22946722,0
22737007,0
23006242,1
23190274,0
23219339,1
23554520,1
22889921,1
22529836,0
23173651,1
23016291,1
22347326,0
22780087,1
22879340,1
22656942,0
22419009,1
22498908,1
23275124,1
23289562,0
23264006,0
22604583,1
23337667,1
23517645,0
22714289,1
22896840,0
23041431,0
23489173,1
22651445,1
23013164,1
22920142,0
22843814,1
22935160,1
23008217,1
23266468,0
22625637,1
23189785,0
22835088,1
22717886,0
23576830,1
23577197,0
22413478,1
23548799,1
22761297,1
23059738,1
22724295,1
22927500,1
22731187,1
23116692,0
23491038,0
22661145,1
23650923,1
23719341,1
23700586,1
22882587,0
22627010,0
22889348,1
23043798,0
23120799,0
22551736,1
22680739,0
23700303,1
23352366,0
22919747,1
23351222,1
22792638,1
23067878,0
23461292,0
22546875,0
22514639,0
22522978,1
22853894,0
23644202,1
23217509,1
23624664,0
22830288,1
22884808,1
23150447,1
23387345,1
23192185,1
22898088,0
22954725,1
22628341,0
23018804,1
22399372,0
22984327,1
23374786,0
23493632,1
23700346,0
23517672,1
22928297,0
22563889,1
22759142,1
23247876,0
22846582,1
23022210,1
22808952,0
23168811,0
22895874,1
23579670,1
22402275,1
22426023,0
22486682,0
23610573,0
23277571,1
23338475,0
22562819,1
22621780,1
23326310,0
22405192,1
22844816,0
22406832,1
22926547,0
23393623,0
22327262,1
23660854,1
22613542,0
23478919,1
23376546,0
22367137,1
23542910,0
23036329,1
23730458,0
23192123,1
22749680,1
22778432,0
22557282,0
22558204,0
23465323,0
22551963,1
22846437,0
22734959,0
23641934,0
23667888,1
22487926,1
22408872,0
22479233,0
22450010,1
22784975,1
23225591,0
22927578,0
23128364,1
23099261,1
22385927,1
23646476,0
23011903,0
22566197,1
23615540,1
22847373,1
22547731,0
23094648,0
23257606,0
23404076,1
23037267,1
22532981,1
22945463,1
22455107,0
23417784,1
22517580,0
23080183,1
22338427,0
23397268,1
22575430,0
22428485,0
22764865,0
22448688,1
23017515,1
23254515,1
23415857,0
23260446,0
23476316,1
23372893,0
23719989,0
22921911,1
22883471,0
22570603,1
22986387,1
23364174,0
22817844,1
23578574,1
23166118,1
23092212,1
23299042,0
22637715,1
22372892,0
23368718,1
23578003,0
22513209,1
23212191,1
22490227,0
22453072,0
22863815,1
22634966,1
23677855,1
22733137,1
23490097,1
22992284,1
22362574,0
23245048,1
23619590,1
22694349,1
22655636,0
22872545,1
22505114,0
23189251,1
23208396,1
22813411,1
23162391,1
22757084,1
22813692,0
23733762,0
22657545,0
23454957,1
22524599,0
23035239,1
22426863,0
22815399,1
23563400,0
23433470,1
23355318,1
23178639,1
23123190,0
22338734,0
23488620,0
23366204,1
23098225,0
22420957,1
22771893,1
23315897,1
22383963,0
23023000,1
22449945,1
22509683,1
23051121,1
22905878,1
22884554,1
22614435,1
23677045,1
23052581,1
22691215,1
23053033,0
22479484,1
23455739,1
22793310,1
23567736,1
22931898,1
22748699,1
22936128,0
23147561,0
23427480,1
22651553,0
22906695,0
23448887,0
23232977,0
23491195,1
22721005,1
23297673,0
22365016,0
23105982,0
23208341,0
22963792,1
23455094,0
23378067,1
22416590,0
23437008,0
22989528,1
23712092,0
23517751,0
23314702,1
23664688,1
22431387,1
23018278,1
22608481,1
23595631,1
23240839,0
23525078,1
22611468,0
22503197,0
23238192,0
23273889,1
23708315,1
23150580,0
22875953,0
22593399,1
22588361,0
23378899,1
23076059,1
23154009,1
22436728,1
22641744,1
23238867,0
22952516,1
23756655,0
23700945,1
22644841,1
23086004,1
23529548,1
22445679,1
22721808,0
23682931,1
22581360,1
23040642,1
23665451,0
23010930,0
23089283,0
23554615,1
22438354,0
22768242,1
23612360,0
22590319,1
23056957,0
22381066,1
22812672,0
23187142,1
22856708,1
23678278,0
22341993,1
23483403,1
22725563,1
22683645,1
23272414,1
23704295,1
23062466,1
23652059,0
22912284,0
23557853,0
22573370,1
22759163,1
22397163,1
23059381,0
22510484,1
23668366,1
23443742,0
23682893,1
23515715,1
22760347,0
23003383,0
23712343,0
23146848,1
22976651,0
23737303,0
22840695,1
22888051,1
23356586,0
22641267,1
22611748,1
22354545,0
23526096,1
22903192,1
22849012,1
23316758,1
22504640,0
23097832,1
22771622,0
23400307,1
22480500,1
23224870,0
23349220,1
22358398,1
23421997,0
23747312,0
23232941,0
23634735,0
23128016,1
22534730,1
22454785,1
23430182,1
23110488,1
23405552,1
22359573,0
22863556,0
23056364,1
23532320,0
23486801,1
23193243,1
22969643,1
23661455,1
22489443,1
23243035,0
23245560,1
23190246,0
22367571,1
22630110,1
22601815,0
22622840,1
23749362,1
22631113,1
23707799,0
22828788,1
22919770,1
22763331,0
23188358,1
22559605,1
23439324,1
22399728,1
23416317,1
23562328,1
23616490,0
23017212,0
23263789,1
23250255,1
23019702,0
22868687,0
23104034,0
22538774,0
22367757,1
22577505,0
23043611,1
22925244,0
22377878,1
22547243,0
23206300,0
22944571,1
23619161,1
22510685,1
22433909,0
22575889,1
23654469,0
23344832,1
22419525,1
23332850,1
23274612,1
23043184,1
22944014,0
22425274,1
22932008,1
23265420,0
23123330,1
22589762,0
22752402,1
23406875,0
22973688,0
23351091,0
23479163,1
23094638,1
22650032,1
23225147,1
23011193,1
22469130,1
22646664,0
22609709,0
23515453,0
23598448,1
22327297,1
22343783,0
22661041,1
22370212,1
22814363,0
23377068,1
23123351,0
23020892,1
22934238,1
22492112,1
23060251,0
23033940,0
22883331,0
22521923,1
22411073,0
23750973,1
23531220,0
22440728,1
22949897,1
22938713,0
22625359,1
23282881,1
23172874,1
23144184,0
23174662,1
22492507,1
23506105,1
22914107,0
23319584,1
23630913,0
22794154,0
23058159,1
22700444,0
23728666,1
23609995,1
23377111,1
23161874,0
23651503,1
23038353,0
22581901,1
23757199,1
23603487,0
23037682,0
22517766,0
22599237,0
23190327,1
23592397,0
22492420,1
23572181,1
23240618,1
23710609,0
23344807,1
23489740,0
23091507,0
23752588,1
22508619,1
22427402,0
23644765,0
23695466,0
23553150,1
22373476,0
23044036,1
23134975,1
23179200,1
23046680,1
22883225,1
23566114,0
23409041,1
22327286,1
23006619,1
23190947,0
23359236,0
22781335,1
22703496,1
22684394,1
22565126,0
23559075,1
23425453,1
23302139,0
22841295,1
22855411,1
23012112,1
22712793,0
23502345,0
23042310,1
23697597,1
23409985,1
22661412,0
22772690,0
22499569,1
23484754,1
23279436,1
23294643,1
22502313,1
23588537,1
23246193,1
23441927,0
22863403,0
22971568,0
22495242,1
23546098,0
22747114,0
23471698,0
22572536,0
23035192,1
22435504,0
22526897,1
23067027,1
23545884,1
22582473,0
23570058,1
23300127,0
22910948,1
22904232,1
22387089,0
23124683,1
23713159,1
22908935,1
23226723,0
23389485,0
22935443,1
23095967,0
22698234,1
22564870,1
23679876,0
23568393,1
22457968,1
22638703,1
22560526,1
22487061,1
23678839,0
23432781,0
22877372,1
23637394,0
23495927,1
23618986,1
22960171,0
22749174,1
23267606,0
23419642,0
23641238,0
22499106,1
22817331,1
22910920,0
22618062,1
22712056,1
22648672,1
23340260,1
22472660,0
23547762,0
22641080,0
22732248,1
22804581,0
22898287,1
23595634,0
23496708,1
23225165,0
23750777,1
22937218,1
23522888,1
23017098,1
22650187,1
23552182,0
23200728,0
23756548,0
23226277,1
22826618,0
22328766,0
23215319,1
23109497,1
23602087,1
22643448,0
22667464,1
23642337,1
22438823,1
23707337,0
22456470,0
22759707,1
22617144,1
22651983,1
22912135,1
22484245,0
23367958,1
23715601,1
23377250,1
23386634,1
22828628,1
22765102,0
22452621,0
23137991,1
22734254,1
22650229,1
23159973,0
22818223,1
23542269,1
23289912,1
22537909,0
22630287,0
23186954,1
23288996,1
22826620,1
22756726,1
22377363,0
22698034,0
22730381,0
23540897,1
23277750,0
22393914,1
23367323,0
22863310,1
23432837,1
23414036,1
23342371,0
23227554,1
23747515,1
23081802,1
23751103,1
23311119,1
22882304,1
22455323,1
22866494,1
23057785,1
22548701,1
23340923,0
23160358,1
22809628,1
23415354,0
23051219,1
23568052,1
23362801,0
22813183,0
23323024,1
23153541,0
23605367,0
22949091,1
22342799,0
22844801,1
22863643,1
23127178,0
22830452,0
22547335,1
22766476,1
22651182,1
23307428,1
23432893,0
23304542,0
22542987,1
23446322,1
23292097,1
23373995,1
22469254,1
23289937,0
22522551,0
23288467,0
23079004,1
23475697,1
23241011,1
23487676,0
23373444,1
23049955,1
23489370,0
22853118,0
23240326,1
22740622,1
23636956,0
23274722,0
22988102,1
23050593,1
22693087,0
23078475,1
22518672,1
23674412,0
23050617,0
22898071,1
22434531,1
23668397,1
23212291,1
23238652,0
22436142,1
23685078,1
22455651,0
23033843,1
23667044,1
23711574,1
22696895,1
22821518,1
22781311,1
23277897,1
22734124,1
23162457,0
23636332,1
23443939,1
23331042,1
22540609,0
23249992,1
22505573,1
23754808,0
23040572,1
23483550,0
22991064,0
23723520,1
23460694,0
22593757,0
22763302,0
23533300,1
23265627,0
23572624,1
23084455,1
22552725,0
23345300,1
23078043,1
23120013,1
23294418,1
23152219,1
22618280,1
23629655,0
23151512,1
23551294,0
22863741,1
22674879,1
23172771,0
22674721,1
22596998,1
23708172,0
22986940,0
23332634,0
22468058,1
22359416,1
22992251,0
23288621,1
23420754,1
22519998,0
23017140,0
23472138,0
23107560,1
22963066,0
22757646,0
22874337,0
23139251,1
23012203,0
22594365,0
23222840,1
23287807,1
23421137,0
23662547,0
22600105,1
23177345,0
22435903,0
22813369,0
22365414,0
22435684,1
22868029,1
23103879,1
22761941,1
23442297,1
22644079,1
22447572,1
22328893,0
23221087,1
23119738,1
23551885,1
22962176,1
23201093,1
23160186,1
22474678,1
22669462,1
23093457,0
23610348,1
22496493,1
22847069,0
22334617,0
23433426,1
22569931,1
23152207,1
22359792,1
23625303,1
23000800,0
22741645,0
23639183,1
23290333,0
23266725,1
23516934,0
23470159,1
23642037,1
23565962,1
23642559,0
23447562,0
23062059,1
22780902,0
23204492,1
23389343,1
23216953,1
22799060,0
22656675,0
23642703,0
23475557,1
22740427,0
23034327,1
22633842,1
22459030,0
23566456,1
23671998,1
22382548,1
22338433,1
23325420,0
23026256,1
23525861,0
22692055,1
23360271,1
22600167,1
22693431,1
22522482,0
22524497,1
22365554,1
22793684,1
23042966,1
23720440,0
22629198,1
22361242,1
23402998,1
23592646,0
23110078,0
23370912,1
23641135,1
22602444,0
23242309,1
23197391,0
22496163,0
23657210,0
22355900,0
23524996,1
23284984,1
23167200,1
22331045,0
22506490,1
23370230,0
23568568,0
22946158,0
23392526,1
23158245,1
23680135,0
22342276,0
22884465,1
23280713,1
22970625,0
22581797,1
23127093,0
22622196,0
22798618,1
23014877,1
23450486,1
23625682,0
23429980,0
23464034,1
23064197,1
23124649,1
23044388,1
23372141,1
22513731,1
23623949,0
22467394,0
23681611,1
23652141,1
23723095,0
22514432,1
23352024,0
23704021,1
23208889,0
22706989,1
23398066,1
22512040,0
22995589,0
22743385,1
23056210,1
23051556,0
22515749,1
23738840,0
23527426,0
23297924,0
23402658,1
22627451,1
22647193,0
23405306,1
22464842,1
23711370,1
22368486,0
23150174,1
23344382,1
22544332,1
23069236,0
22674821,1
23189036,0
23037094,1
23144585,1
22935452,0
23169548,0
23322245,0
23075288,1
23288758,1
23494009,1
23623684,0
23719702,1
22868118,1
23229029,0
22694289,0
23722583,1
22552124,0
23122838,1
23151313,0
23059093,0
22978905,0
22998448,1
23295337,0
23303197,0
23117835,1
22431318,1
23023160,0
22466405,0
22982245,0
23525955,0
23537831,0
23120987,1
22440424,1
23200737,0
23711571,1
22352977,0
22599689,1
23351055,1
23247524,1
22953618,1
22821568,0
23727589,1
22595021,1
23620231,1
23559413,0
22411088,0
23476679,0
22343530,1
22815350,1
23563907,1
22937835,1
22635491,0
22394064,0
23196639,1
23134349,1
22518192,1
22554833,0
22937116,0
23304017,1
23145393,1
22893584,1
22975580,0
22370483,1
22637270,1
23289295,1
22784194,1
22791879,1
23459883,1
22975728,1
23402053,1
23360719,0
23244647,1
22345885,0
23184130,1
22678005,1
22469973,0
22420891,0
23141505,1
23085018,0
22853647,1
22738671,0
23112398,1
22425405,1
23130896,1
22334909,0
23349763,1
23122746,0
22375694,1
22381042,1
23317267,0
23466336,1
23635935,1
23607495,1
22730967,1
23090339,1
22599270,1
22401195,0
23419107,0
23162692,1
23499429,1
23039712,1
23040930,0
23281941,0
22455576,1
22880445,0
22991234,1
22435498,1
23712439,1
23167253,1
22516583,1
23505867,1
23495125,0
22470486,0
23011625,1
23236584,1
23224164,0
23416370,0
23147941,1
23322478,1
23510999,1
23549028,0
23539967,0
23661027,1
23067884,0
23747141,0
23434342,1
23338710,1
23307959,1
23249482,1
23722105,0
23190479,1
23216042,0
22391082,0
23607185,1
22991788,1
22510260,1
23126843,1
23115835,1
23105950,0
23216226,0
23247106,1
23140113,0
23053377,0
23478712,0
23239714,0
23556601,0
23046210,1
22752218,0
22479482,1
22589883,0
22590744,1
22588576,0
23387571,0
23486116,0
22780226,1
23201754,1
22673678,1
23305670,0
23619874,1
22339455,1
22790212,0
23189004,0
23241416,1
23707835,0
22495233,0
23519048,1
22547877,1
23533292,1
23527262,0
23268536,0
23640388,1
23444041,0
23117146,1
22588538,0
23316874,1
23445959,0
22498957,1
23534323,1
22984540,1
22930604,0
22894563,1
23029186,0
23498537,0
23134320,1
23680193,1
23411770,0
23135619,1
22357551,1
22382727,1
22938732,1
22935620,1
22715050,1
22548754,0
22494464,1
23313695,1
22407454,1
23593924,1
22529103,1
23203811,1
23147253,1
23530699,0
23633836,1
23362861,1
23693583,1
22668824,0
22999514,1
23353520,1
22416903,0
22386945,0
22785821,1
22852538,1
22589725,1
23041466,1
22858901,1
22700777,1
23612090,1
22726680,0
23518081,1
22521661,1
22759135,1
22720959,1
23123075,1
22680817,1
23698471,0
23223505,1
23155412,0
23295804,0
22560438,1
23026925,1
23750355,1
22656267,0
23155461,1
22980839,1
23249439,0
23530558,1
22972763,1
23086042,1
23480961,1
23054361,1
22878994,0
23360941,1
22965191,0
22599250,1
22990703,0
23111617,0
23438618,1
22619996,1
22550691,1
23728732,1
22512231,0
22722363,0
22735361,0
22860023,1
22478369,1
23142489,0
22367348,1
23039807,1
22728834,1
23622866,0
23718465,0
23223898,1
22711879,0
23293847,1
22746442,0
22354126,0
23709220,1
23295103,0
23473391,1
22719997,1
23681168,1
23306189,1
23396375,1
22844833,1
23634011,0
22823448,1
22691187,0
23466141,1
23341399,1
23507176,0
22874175,1
22899060,0
23632902,1
23448109,1
23641537,1
23025573,1
22405422,0
22796255,0
23746584,0
23202036,0
23237216,0
23095715,0
22432198,1
22591660,1
23563822,0
22429793,1
23014964,0
23127578,1
22397341,1
23475379,0
23268785,1
23130964,1
22572258,1
23343912,0
22755092,1
23442950,1
23055368,1
22925113,1
22546017,0
22501515,0
22996053,0
23263788,1
22666450,0
22371244,1
22909729,1
23272931,1
22394851,1
22612084,1
22561568,1
22537118,1
23746350,1
23609328,0
22414464,1
22623870,0
23612863,1
23264098,0
22443180,0
22990323,1
22471060,1
23432917,1
23362543,1
23108482,0
22977562,1
23009097,1
22658331,1
23175701,1
23632673,1
23758330,0
23221783,1
23120067,1
22862478,1
23209778,1
23668701,1
23056007,1
22898527,1
22865065,0
22482395,0
23392414,1
23258832,1
22376983,1
23605117,0
23360647,0
22545201,0
22347658,0
23115836,1
22563241,1
23211439,1
23077564,1
23143338,1
23103872,0
22907984,0
22556014,1
23643661,0
23127408,1
23260453,1
22884203,1
23108711,0
23423070,0
23760473,1
23456426,1
22400749,1
22650479,1
23012077,1
22405933,0
22756377,1
22592530,1
23165734,1
23397404,1
22722198,1
23556880,1
23393650,1
23376790,1
22598682,0
23612066,1
23499501,1
23643968,0
23225339,1
22472358,1
22696261,1
22355272,1
23067937,1
23075820,0
23117058,1
23390744,1
23239685,0
22719567,0
22348126,1
23481195,0
23712952,1
22876275,1
23188934,1
22395192,1
23113688,1
22459790,1
23413385,1
23485641,0
23574127,1
23336833,1
23261063,1
23395465,1
23320834,1
23088891,1
23368623,1
22384611,1
23621359,1
23331059,1
22652142,0
22710182,0
22426691,0
23077491,0
23109388,1
22646149,1
22796511,1
22696072,1
23520625,0
23340407,1
22719942,1
22978257,1
22669310,1
22349459,1
23721223,1
23235326,1
23714701,0
22372999,1
23554817,1
23409790,1
22747997,0
22849659,1
23179154,1
22515356,1
23229112,0
23255379,1
23324119,0
23487406,0
22762564,1
23301590,0
23701963,1
23164690,1
22553378,1
22791976,0
22729702,0
23697710,0
22524501,1
23165961,1
23585446,0
23271368,0
23044814,0
22955274,1
22413046,1
22358538,0
22923793,1
23462868,0
23414600,1
23541805,1
23083021,0
22460960,1
22416632,1
22870093,1
23471746,1
22919255,0
23106552,0
23577438,1
23615998,0
23433516,0
22527275,1
23610146,1
23235669,1
23069540,0
22976055,1
22661033,0
22983385,1
23061691,1
22591435,1
23469784,1
23706423,1
23706022,0
22922695,1
22456416,1
23188419,0
22693900,1
23408697,0
23237821,1
23483357,0
23183590,0
22993151,0
23545206,0
23061224,1
22809072,0
22850138,0
23606582,0
22779804,1
22669348,1
22375907,0
22667863,1
23006745,1
22695727,1
22871318,1
22332873,0
23700415,1
22364538,1
22950627,1
23496928,1
23444896,1
23716185,1
22983284,1
23425109,0
22534053,1
23478176,0
22335546,1
23030035,0
22952971,1
22818706,1
23487474,0
22574666,1
23371680,1
23190406,1
23717788,1
23070402,1
22731185,0
22795448,0
23590432,1
23382579,0
23474140,0
23371349,0
22586162,1
23491256,0
23404668,1
22783709,1
22369401,0
23337065,1
23142147,1
23557031,1
23521164,0
23724781,1
23061112,1
22692009,1
22807694,1
23306924,1
22387373,1
22834990,0
23102362,1
22991224,0
22471148,1
23632440,0
23033382,0
23164498,1
23209621,1
22658835,1
23083061,0
22884172,0
22772267,1
23301542,1
23761123,1
23122470,0
23423518,0
22674702,0
22971976,1
22913533,0
23191670,0
23515531,0
22684663,0
23444583,0
23227584,1
23424163,0
22678342,0
23499093,0
23502096,1
22650764,1
23122526,1
22452902,1
23228413,0
23078186,1
22348148,0
23662560,1
22623801,0
22834880,0
23580425,0
23351700,0
22372078,0
22491701,1
23003789,1
23554131,0
23142293,0
23297607,0
22744205,1
23501118,1
22972701,1
22406818,0
23599147,0
23215564,1
23736698,1
23488868,0
22549756,1
22865391,0
23177234,0
23052312,1
22526533,0
23412375,1
22534842,1
22400160,1
23181214,0
23430243,0
23201210,1
23099753,0
23482230,0
23629635,0
22703499,0
22907578,1
23408129,1
23731623,0
23246058,1
22867786,0
22538362,1
22952627,0
22795188,1
22362476,0
23106568,0
23357685,1
22769141,0
23239953,1
22792775,1
23396617,1
22698933,0
23035651,0
23643801,1
22588358,0
23290562,0
22446255,1
22746037,0
23612923,0
23439158,1
22938688,1
23351358,0
23675778,0
22389195,1
22813712,1
22457702,1
22510133,0
22757047,0
22854591,1
23618701,1
23305933,1
23239285,0
22693781,1
23157525,1
23157072,1
22513859,0
23302135,1
23460607,1
23222579,0
23405145,1
22446479,1
23713052,1
23044716,0
23064701,0
23554995,1
23272071,1
23254143,0
23379089,1
23292336,0
23683141,0
23694426,0
23634219,1
22837836,1
23267459,0
22922769,1
23216396,1
22952300,1
23360552,1
23134745,1
22536961,1
22375438,0
23299929,0
23678854,0
23140921,1
23580341,0
22698510,0
22815905,1
22417759,1
22615051,1
23107168,1
23511232,0
22671922,1
23145230,1
23493996,0
22524616,1
23212386,1
22373232,0
23501760,1
23070811,1
23356376,1
22888762,0
23733656,1
23630565,1
23165872,0
23183987,1
22803404,0
22405318,1
22385489,0
23690380,0
23361985,0
23073002,1
22397554,1
23615269,0
22376510,1
22491842,1
22960285,0
22384135,1
23555060,1
22984731,1
23087785,1
23347536,1
23630865,0
22930387,1
23747021,0
22482368,1
23176279,0
22819460,1
22639073,1
22908496,0
22467971,1
23468167,1
23749615,1
22389634,1
22934796,1
23734970,0
22717222,1
23232000,0
23414500,1
23025539,1
23614248,1
22529009,0
23443602,1
22814250,0
22587040,1
22568327,1
22584296,1
22616509,1
23407585,0
23229199,1
23095423,0
23578401,0
22726984,1
23531053,0
22727175,1
23134025,0
22783530,1
22679122,1
22511725,1
22685337,0
23532494,1
23477371,1
23700299,1
22913730,1
23361372,0
22372696,0
23440208,0
23001805,0
23356949,0
23388360,0
22742150,1
23195535,1
22438113,1
23162776,0
23690977,0
23260881,1
23685871,1
22791601,0
23173793,1
23618740,1
22743957,0
22843211,0
23662238,0
22560213,1
23366170,1
23470436,1
23552914,1
22769999,0
23163542,1
23617069,0
22792105,0
22855867,1
23116449,1
22956843,0
22719191,0
22396711,1
23568121,0
22348470,1
22832789,1
22720147,1
22770166,1
22755069,1
23662664,1
23153472,0
22428640,1
23545422,0
22827217,1
22953731,1
22436753,0
22494566,1
22762014,0
23190050,1
22939646,1
23575077,1
23435602,1
23600372,1
22632350,1
23230907,1
23051215,1
22401584,1
23748199,1
23675606,1
23315663,1
22902890,1
22906509,1
22580517,0
22393618,0
23321328,0
23312386,1
23256464,0
23680775,1
23361487,1
22651239,0
23716260,0
22351632,1
22609898,0
23092247,0
22556013,0
22488470,0
23476854,0
22407953,1
23162107,1
22719132,1
23075782,0
22889823,0
22861947,1
23590150,0
23150247,1
22666447,0
22444524,0
23446448,0
22886963,1
23729258,0
22664681,0
23371529,0
22824134,1
22908481,0
22602072,1
22892651,0
22545168,0
23655279,1
22974231,1
23187955,0
22686844,0
23546889,1
23224817,1
22903034,1
22573542,1
23657695,0
23714584,0
23268881,1
22752583,1
22843454,0
22953755,1
22448347,0
23057712,1
22914691,1
22797401,0
22403626,0
22362207,0
23262649,1
22622472,1
23611603,1
22566511,0
22506974,1
22504112,1
23677566,1
23436996,0
22488796,1
23631399,1
22368794,1
22775246,1
23442561,1
22584028,0
23719410,0
23645285,0
22329550,1
22694747,1
22798958,1
23619043,0
23440688,1
23140986,1
23502460,1
22912416,1
23109618,0
22364590,0
22582056,1
23383674,1
22485350,1
23549681,1
22389945,0
22622839,0
22414794,0
22543287,0
23303205,1
22930751,1
22940219,1
23193848,1
23315446,1
22954065,0
22380941,1
22378220,0
23632888,1
23375498,1
23313611,1
23462735,0
23729978,1
23420793,1
23637813,1
22504654,1
23619886,1
23250110,1
22519894,1
22642200,0
23757319,1
23714453,0
22656245,1
22349647,1
22328977,0
22727375,1
22773504,0
22975830,0
23140318,1
23208988,0
23578077,1
23598563,0
22824270,1
23497044,0
22600170,1
23367555,1
22454465,0
23084886,0
22721465,1
23167870,0
23268760,1
22747968,1
23346896,1
23427167,1
22575442,1
23157432,0
23261669,0
22691633,0
22371502,1
23162943,1
23503508,0
23186332,1
22438512,0
22852232,1
23155746,1
23491245,1
23387510,1
23339320,0
23013510,1
23124696,1
22658107,0
22457942,0
22784300,0
22837000,0
23037003,0
23728780,1
22708709,1
23495822,0
22717434,1
22375749,1
23124543,1
22516679,1
23145059,1
22508789,1
23737668,1
22553309,0
22510584,1
22432618,1
22464026,1
23571687,1
23313347,0
22512278,1
22950242,1
23299898,0
22635147,1
23509886,1
23345526,1
23750579,0
23427608,1
23391767,0
23334534,1
22413314,1
23513362,0
23751659,0
23508766,1
23749316,1
22875715,1
22479799,1
22479853,0
22783290,1
22463680,1
22835616,0
23688692,1
23313987,1
22465308,1
23207383,1
22588696,1
23122183,1
23186674,0
22331691,1
22514900,1
23594618,1
22407777,1
23352142,1
23711635,0
23547760,1
22457907,1
23218995,0
22913927,1
23673603,1
22641983,1
23655221,1
22483933,1
23016015,1
22642167,0
23038555,1
23048763,0
22566449,1
23665803,1
22898783,1
22840765,0
23547915,1
23057896,1
23030346,1
23452667,1
22823092,1
23188115,0
22377691,1
23058699,1
22666807,0
23208461,1
22482031,1
23093764,1
23353278,1
22722334,0
23592800,1
22532453,0
23061703,1
23010959,0
22677552,0
22508125,1
23097523,0
23459167,0
23066666,1
22848798,0
22513173,1
23712412,1
22688993,1
23450400,1
23415614,0
22492801,1
22762207,1
23351300,0
22990871,0
22934986,0
22820525,1
23738274,0
23648774,0
23549708,0
23650731,0
23488309,0
22860202,1
22771537,1
23626216,1
23313467,1
22478668,1
22770613,0
22835485,1
23355716,1
23040620,1
23120123,0
22533400,0
22399819,1
23382183,1
22533629,0
23108451,1
22735418,1
23406338,0
22984159,1
22783053,0
23477533,0
23001094,0
23548521,0
22361712,1
23688394,1
22790316,1
22928745,0
22911999,0
22727128,0
23275795,1
23641255,1
23482831,1
23068522,0
22599459,1
23645694,0
23467780,0
23308963,0
23685017,1
23652314,1
22834251,1
23091432,0
22765348,1
22543419,1
23438014,1
23201485,1
23486679,1
23734676,0
22996358,1
23710266,1
22847329,0
22844253,0
23715390,1
23395871,0
23516998,1
22346351,1
22733836,1
22952147,1
23313790,1
22469689,1
22655100,1
23039399,0
23045176,0
23046823,0
23080606,0
23696054,0
22622775,1
22599888,0
22887115,1
22712794,1
23221703,0
22400975,1
23584195,0
22335326,0
22334587,1
22588242,1
23063667,1
22875090,1
22947380,1
23758250,0
23671708,1
22550096,1
22534336,0
22945262,0
22381253,0
22449197,0
23054862,1
23040150,1
22578462,1
23176870,1
22440936,1
22354444,1
23491047,1
23555187,0
23053622,0
23313179,1
23219640,1
22829936,0
23749717,1
23691885,0
22985200,0
23184055,0
23579085,1
22496833,0
23725363,0
23382661,1
23170997,0
23492448,1
23418628,1
22685948,1
23121062,0
23231836,1
23496305,1
22648016,0
22941008,1
22470463,1
23165123,1
23349360,0
23304832,1
23038868,1
23375571,1
23755071,1
22606454,1
23237646,0
23153803,0
23058867,1
22981230,1
22658192,0
22656621,1
23323846,1
22539237,1
23075356,1
23598698,1
22908304,1
22834396,1
23081243,1
22557271,1
23506607,0
23186827,1
22864136,0
23255805,1
22745761,1
23257659,0
22989681,1
22465307,1
22937434,0
22952436,1
23390379,0
23019801,0
23444574,0
23128317,1
22748113,0
23358323,1
23058876,1
23185962,0
22946020,1
22855104,1
23499277,1
23532777,1
23189837,1
23644940,1
23626814,0
23105180,0
22723524,0
22587018,1
23722696,1
23257677,1
22435611,0
23074202,1
22364663,1
22467748,1
23536747,0
23695592,1
22796195,1
23469917,1
23099696,0
23146537,1
23483964,0
23388879,1
22931820,0
22443336,0
23428737,1
22363964,1
23466090,1
23564227,1
23076542,1
23378969,0
23135733,1
23626929,0
22744819,1
23194102,0
23151419,1
22673989,1
22604196,1
23221880,0
22907601,1
22989735,1
22906565,1
23526525,1
23623172,0
23643288,0
22988133,0
22369857,0
23689076,0
23431657,0
23054906,1
22333363,0
23048778,0
23381673,1
22632513,0
22529389,1
22404750,0
23496842,1
23051254,1
22606819,0
22986237,1
22662480,1
22988238,1
22984126,1
22386405,0
22356026,1
23159471,1
22516761,1
22852326,0
23131276,1
22661255,1
22501193,1
23091093,0
22575613,1
22490665,1
22709900,0
22608614,1
23317171,0
22589572,1
23401473,1
23507407,1
23248009,1
23409265,0
23484997,1
23461452,1
23073862,1
23147134,0
22530292,1
22836342,1
22873556,1
22956143,0
23554165,1
22406398,1
23428801,1
22345643,1
22919102,1
23603175,1
22762505,0
23196416,1
22977995,0
22800992,0
23656969,1
22395101,1
22940749,1
23438741,1
23706364,1
22903079,1
23322979,1
22547040,1
22663066,0
23352463,1
23398750,1
23354132,1
23408483,0
23489635,0
22873323,0
22565945,1
23391389,1
22863736,0
23424102,0
22902411,0
23516857,1
23693977,1
23252073,0
23497899,1
23354880,0
22552367,1
22335628,1
22667591,1
23125143,0
23509715,1
23636151,0
22421703,1
22946839,1
23029225,1
22493022,1
23453968,1
23375030,1
22791733,1
23103123,1
23101591,0
23164982,0
22693309,1
22424770,1
23509202,1
23185514,1
22959184,1
23247022,0
22920613,0
23503352,0
22474684,1
22444132,0
23406768,0
22686343,1
22959581,1
22859586,0
22877128,1
23244473,1
23345264,0
22677718,1
22828107,0
23276904,1
22657783,1
22606007,1
23174989,0
22463484,0
22823247,1
22612992,1
23615855,1
22463816,0
22621548,0
23037483,1
22911639,1
23560563,1
23467027,1
23257912,1
23029997,1
23141906,0
23074228,0
23262133,1
23122024,0
23408605,1
23677303,1
23219644,1
22462528,0
22401491,0
23484288,1
23696781,0
23682789,0
23370803,0
22609420,1
22780256,0
22664877,0
23200959,1
22728951,0
22358845,1
23415248,0
22383776,0
22531759,1
23625475,0
22842613,0
22616222,1
23227692,0
22482459,1
22735115,1
22424041,1
23332346,0
23728807,1
22938015,1
22483786,1
22560204,1
23747363,1
22840282,1
23081074,0
22331261,0
23497284,0
22358671,0
22334920,1
22504016,0
22575024,1
23314485,0
23120496,1
23192931,0
22955601,1
23611071,1
23275784,0
23107160,1
22588421,0
22845010,0
23606739,0
23227937,0
23547416,0
22883861,1
23259320,1
23310321,1
23288739,1
22622642,1
23727460,1
23589188,1
23573935,0
23419152,1
23611183,1
22415477,1
22921761,0
22333945,1
23044930,1
22792396,1
22357710,1
22376507,1
23278423,1
22939880,1
22824174,0
23019020,0
23734621,1
22865952,1
23739774,0
22656443,0
23128736,1
23310408,1
22732448,0
22448241,1
22557818,0
22652882,1
23135327,1
22525045,1
22709199,1
22394334,0
22919754,0
23130714,1
23458159,0
22588661,1
22647072,1
23234146,0
22616724,1
23040744,0
22911725,1
22499595,1
22570086,1
23555098,0
23178158,1
23280068,1
23712827,0
22649437,1
22951990,0
23028757,0
23425380,1
22877127,1
22660075,0
22444438,1
23521064,1
23451515,0
23738776,0
22904246,1
23031605,0
23331497,1
23389288,0
23141775,0
23034335,1
23234247,1
22508461,1
22642232,1
23672446,1
22931433,0
23426679,0
23719430,1
22331688,1
22426376,1
22896924,0
23365496,1
23419593,1
23327684,0
23459277,0
23664868,0
23438909,1
22802843,0
23663668,0
22893127,1
23010119,1
22659821,1
23437286,0
23733879,0
22536157,1
23579112,1
22493762,0
23549230,1
23561006,0
23653147,1
22660755,1
23269704,1
22928266,1
22502112,0
23238469,1
23729943,1
22426843,1
23385675,0
22641585,0
22532146,0
22857558,1
22930705,1
23728351,0
23580710,0
23292477,0
23682299,1
23547831,1
22944745,0
23748884,1
23010525,1
23711816,1
22443517,1
23526845,0
23038695,1
23508345,1
23292984,0
23308695,1
22409760,1
22766732,1
22978027,0
23263115,1
23022014,0
22389217,0
22744788,1
23504803,1
22399782,0
23749020,1
22449339,0
23484828,1
22492089,0
23329872,1
22715610,0
23225134,1
22693952,1
22504565,0
22514420,1
22459875,0
23141576,0
22522034,0
22787153,0
23636104,0
22548177,1
23648463,1
23296090,0
22403142,0
23242308,0
22964406,0
23296463,1
22384581,0
22801391,0
22823402,1
23569429,1
22832425,1
23256014,1
23739319,0
22809819,1
22995406,1
22347647,1
23535872,0
22938321,0
22570525,0
22377594,0
23479613,0
22660599,1
22575895,1
23296947,1
22969882,0
22692781,1
22587409,0
23534738,0
22889434,1
22410929,1
22669994,0
23394062,0
23169587,0
22458499,1
22408035,1
22562090,1
22803203,1
23108817,0
23591921,0
23620248,0
23096455,0
23018854,0
23430863,0
23392361,1
22964284,1
23011414,1
22514667,1
22891880,1
23468463,1
23101338,0
22710396,1
22382975,0
23494347,0
23092071,1
22812129,0
23131535,0
22569791,1
22614918,1
23028075,1
23518839,1
22547968,0
23513056,0
22349856,0
23145223,0
23033604,0
23216959,1
23049746,1
22431601,1
22746061,1
22357320,1
23079678,0
23426358,0
23534798,1
23759610,0
22690928,1
22619047,1
23096166,1
23313045,0
23370338,0
23394411,0
22621186,1
22736327,1
22436594,1
22491832,0
22996651,0
22665740,0
22610621,0
22701711,1
22528742,0
23533744,1
23451003,1
23249223,0
23053099,1
23689087,1
22997046,0
22803192,1
23330715,1
23125573,1
22876290,0
22992753,1
23645592,0
23444512,1
23120262,1
23643224,0
22404138,1
23195197,1
23633687,1
22494156,1
23666803,1
23007620,0
23213962,1
23598278,1
22541463,0
23371827,0
23365480,0
22404743,0
23509833,1
23315259,1
22833761,1
22879549,1
22599095,1
22371749,1
23423229,1
22682133,1
23041780,1
23319237,1
23547125,0
22328726,0
22532625,1
22410273,1
23440711,1
23162377,1
22460130,1
22569445,1
23253654,1
23076418,1
22656439,1
22892106,1
22690808,0
23491975,0
22774073,1
23407848,0
22722067,1
22672386,1
23184079,0
23263030,0
22577458,1
23018599,1
23067754,1
22797625,0
23148135,0
22431644,1
23514096,0
22709721,1
23275517,1
22750078,1
23344805,1
23540185,0
23040269,0
22484532,1
22657912,1
22404207,1
23240864,0
23604334,1
22400083,1
23579292,0
23236952,1
22453459,0
23269112,1
23495152,0
22584166,0
23527034,1
22460813,0
22781216,1
22694003,0
23485571,1
22604150,1
23552193,0
23592273,0
23068910,0
23035892,1
23575332,1
22935071,1
23449355,0
22354447,0
23568287,0
22673643,1
23326746,0
23465782,1
22435159,1
22894962,1
22553714,0
23734850,1
22617308,0
23578954,1
22991920,0
23578257,1
22957040,1
23387178,1
22920229,1
22510400,0
22584949,1
23504146,0
23429129,1
22817991,1
22849380,1
22974140,1
23043840,1
22385478,1
23056617,0
23400420,0
23648057,0
22931455,1
22590693,0
22646388,1
23373031,1
22696753,1
23604900,0
22440483,1
23732834,1
22669537,1
23294637,0
23382871,0
22503124,0
22659691,1
23425131,0
23119371,0
23321561,1
23107294,1
22406294,0
22888309,0
22615573,1
23111651,1
23721137,0
23207274,1
22675613,1
23180733,1
22896737,1
22485892,0
23142573,1
23356167,0
22751720,1
22952764,0
22346962,1
22559571,0
23502034,1
23588277,0
22813487,1
22656485,0
23684651,0
22510428,1
23469478,0
22362775,0
22513455,1
22559456,1
23689919,1
22350020,0
22805507,1
